Date,CP,Sentiment,Volume,Interest_Rate,Inflation_Rate
2008-01-02,1447.16,-0.4787920794139306,3452650000.0,3.94,4.3
2008-01-03,1447.16,0.7974335998296738,3429500000.0,3.94,4.3
2008-01-07,1416.18,0.42151013016700745,4221260000.0,3.94,4.3
2008-01-09,1409.13,-0.3756054495461285,5351030000.0,3.94,4.3
2008-01-10,1420.33,0.25989577174186707,5170490000.0,3.94,4.3
2008-01-22,1310.5,-0.4928643216844648,6544690000.0,3.94,4.3
2008-01-29,1362.3,-0.7234457992017269,4232960000.0,3.94,4.3
2008-01-30,1355.81,0.08016062155365944,4742760000.0,3.94,4.3
2008-02-01,1395.42,0.06592930294573307,4650770000.0,2.98,4.0
2008-02-05,1336.64,-0.37744014523923397,4315740000.0,2.98,4.0
2008-02-11,1339.13,-0.8214421621523798,3593140000.0,2.98,4.0
2008-02-21,1342.53,0.014506332576274872,3696660000.0,2.98,4.0
2008-02-22,1353.11,-0.415914885699749,3572660000.0,2.98,4.0
2008-02-28,1367.68,0.03742328658699989,3938580000.0,2.98,4.0
2008-02-29,1330.63,-0.9265904854983091,4426730000.0,2.98,4.0
2008-03-05,1333.7,0.04462444968521595,4277710000.0,2.61,4.0
2008-03-07,1293.37,-0.4412643532268703,4565410000.0,2.61,4.0
2008-03-10,1273.37,-0.9610296883620322,4261240000.0,2.61,4.0
2008-03-11,1320.65,0.2531260550022125,5109080000.0,2.61,4.0
2008-03-18,1330.74,-0.22696301341056824,5335630000.0,2.61,4.0
2008-03-27,1325.76,-0.9472321271896362,4037930000.0,2.61,4.0
2008-04-02,1367.53,-0.9620624631643295,4320440000.0,2.28,3.9
2008-04-07,1372.54,-0.011677246540784836,3747780000.0,2.28,3.9
2008-04-16,1364.71,0.23011117009446025,4260370000.0,2.28,3.9
2008-04-22,1375.94,-0.011357899755239487,3821900000.0,2.28,3.9
2008-04-23,1379.93,-0.5390292927622795,4103610000.0,2.28,3.9
2008-04-24,1388.82,-0.9448549579828978,4461660000.0,2.28,3.9
2008-04-25,1397.84,0.04491865634918213,3891150000.0,2.28,3.9
2008-05-05,1407.49,0.14195092022418976,3410090000.0,1.98,4.2
2008-05-06,1418.26,0.7009331732988358,3924100000.0,1.98,4.2
2008-05-07,1392.57,-0.9347987547516823,4075860000.0,1.98,4.2
2008-05-08,1397.68,-0.9500981755554676,3827550000.0,1.98,4.2
2008-05-12,1403.58,0.1585857030004263,3370630000.0,1.98,4.2
2008-05-16,1425.35,-0.8455647677183151,3842590000.0,1.98,4.2
2008-05-21,1390.71,0.36146377492696047,4517990000.0,1.98,4.2
2008-05-23,1375.93,0.003999263048171997,3516380000.0,1.98,4.2
2008-05-27,1385.35,-0.015271298587322235,3588860000.0,1.98,4.2
2008-05-29,1398.26,-0.8298559188842773,3894440000.0,1.98,4.2
2008-06-02,1385.67,-0.9454334545880556,3714320000.0,2.0,5.0
2008-06-04,1377.2,-0.022265532985329628,4338640000.0,2.0,5.0
2008-06-05,1404.05,0.08444065228104591,4350790000.0,2.0,5.0
2008-06-09,1361.76,-0.48484053183346987,4404570000.0,2.0,5.0
2008-06-13,1360.03,-0.6661523580551147,4080420000.0,2.0,5.0
2008-06-20,1317.93,-0.9133125822991133,5324900000.0,2.0,5.0
2008-06-24,1314.29,0.08790862374007702,4705050000.0,2.0,5.0
2008-07-01,1284.91,-0.9118127962574363,5846290000.0,2.01,5.6
2008-07-02,1261.52,-0.2594193033874035,5276090000.0,2.01,5.6
2008-07-07,1252.31,0.03951932676136494,5265420000.0,2.01,5.6
2008-07-09,1244.69,-0.9398515010252595,5181000000.0,2.01,5.6
2008-07-14,1228.3,-0.17309019528329372,5434860000.0,2.01,5.6
2008-07-23,1282.19,-0.009318217635154724,6705830000.0,2.01,5.6
2008-07-29,1263.2,0.8153946101665497,5414240000.0,2.01,5.6
2008-07-31,1267.38,-0.5977555550634861,5346050000.0,2.01,5.6
2008-08-01,1260.31,0.7089917287230492,4684870000.0,2.0,5.4
2008-08-04,1249.01,0.3141084089875221,4562280000.0,2.0,5.4
2008-08-08,1296.32,0.019523149356245995,4966810000.0,2.0,5.4
2008-08-13,1285.83,-0.9322074353694916,4787600000.0,2.0,5.4
2008-08-14,1292.93,0.7971149012446404,4064000000.0,2.0,5.4
2008-08-19,1266.69,0.031424593180418015,4159760000.0,2.0,5.4
2008-08-26,1271.51,0.41147914715111256,3587570000.0,2.0,5.4
2008-08-27,1281.66,-0.0010241912677884102,3499610000.0,2.0,5.4
2008-08-28,1300.68,0.02704353630542755,3854280000.0,2.0,5.4
2008-09-03,1274.98,-0.9477611621841788,5056980000.0,1.81,4.9
2008-09-09,1224.51,0.16210327204316854,7380630000.0,1.81,4.9
2008-09-10,1232.04,0.03779144585132599,6543440000.0,1.81,4.9
2008-09-11,1249.05,-0.08778426423668861,6869250000.0,1.81,4.9
2008-09-15,1192.7,-0.8824922237545252,8279510000.0,1.81,4.9
2008-09-16,1213.6,-0.7743711229413748,9459830000.0,1.81,4.9
2008-09-17,1156.39,-0.9089242033660412,9431870000.0,1.81,4.9
2008-09-19,1255.08,0.0234033465385437,9387170000.0,1.81,4.9
2008-09-24,1185.87,0.06560053676366806,4820360000.0,1.81,4.9
2008-09-26,1213.27,0.02733251266181469,5383610000.0,1.81,4.9
2008-09-29,1106.42,-0.9302989123389125,7305060000.0,1.81,4.9
2008-10-01,1161.06,-0.14717048034071922,5782130000.0,0.97,3.7
2008-10-06,1056.89,-0.020358528941869736,7956020000.0,0.97,3.7
2008-10-07,996.23,-0.9497289313003421,7069210000.0,0.97,3.7
2008-10-13,1003.35,-0.797942066565156,7263370000.0,0.97,3.7
2008-10-15,907.84,-0.4670969811268151,6542330000.0,0.97,3.7
2008-10-17,940.55,0.09381220862269402,6581780000.0,0.97,3.7
2008-10-20,985.4,-0.44464313983917236,5175640000.0,0.97,3.7
2008-10-21,955.05,0.016748616471886635,5121830000.0,0.97,3.7
2008-10-23,908.11,-0.8579950062558055,7189900000.0,0.97,3.7
2008-10-24,876.77,-0.45597304962575436,6550050000.0,0.97,3.7
2008-10-29,930.09,0.017403792589902878,7077800000.0,0.97,3.7
2008-10-30,954.09,-0.22233134973794222,6175830000.0,0.97,3.7
2008-11-03,966.3,-0.025721293563644092,4492280000.0,0.39,1.1
2008-11-04,1005.75,0.05967845767736435,5531290000.0,0.39,1.1
2008-11-05,952.77,0.0008385069668292999,5426640000.0,0.39,1.1
2008-11-07,930.99,0.008665550500154495,4931640000.0,0.39,1.1
2008-11-10,919.21,-0.9475998990237713,4572000000.0,0.39,1.1
2008-11-11,898.95,-0.5340758552774787,4998340000.0,0.39,1.1
2008-11-17,850.75,-0.46417097514495254,4927490000.0,0.39,1.1
2008-11-21,800.03,-0.109484001994133,9495900000.0,0.39,1.1
2008-11-24,851.81,0.887679859995842,7879440000.0,0.39,1.1
2008-11-26,887.68,0.06829672679305077,5793260000.0,0.39,1.1
2008-12-01,816.21,0.027557464316487312,6052010000.0,0.16,0.1
2008-12-02,848.81,-0.003608003258705139,6170100000.0,0.16,0.1
2008-12-03,870.74,0.19358817487955093,6221880000.0,0.16,0.1
2008-12-04,845.22,-0.9560334533452988,5860390000.0,0.16,0.1
2008-12-09,888.67,-0.9409870151430368,5693110000.0,0.16,0.1
2008-12-11,873.59,-0.2874663081020117,5513840000.0,0.16,0.1
2008-12-17,904.42,-0.9336394462734461,5907380000.0,0.16,0.1
2008-12-18,885.28,0.011729996651411057,5675000000.0,0.16,0.1
2008-12-24,868.15,0.4219098389148712,1546550000.0,0.16,0.1
2008-12-30,890.64,-0.36791922617703676,3627800000.0,0.16,0.1
2008-12-31,903.25,0.02194180339574814,4172940000.0,0.16,0.1
2009-01-07,906.65,-0.9658421371132135,4704940000.0,0.15,0.0
2009-01-08,909.73,-0.45056523382663727,4991550000.0,0.15,0.0
2009-01-12,870.26,-0.9585880292579532,4725050000.0,0.15,0.0
2009-01-20,805.22,-0.01457354798913002,6375230000.0,0.15,0.0
2009-01-21,840.24,-0.8783314116299152,6467830000.0,0.15,0.0
2009-01-23,831.95,-0.9333280017599463,5832160000.0,0.15,0.0
2009-01-28,874.09,-0.022255082614719868,6199180000.0,0.15,0.0
2009-01-30,825.88,-0.6542683802545071,5350580000.0,0.15,0.0
2009-02-02,825.44,-0.5284430980682373,5673270000.0,0.22,0.2
2009-02-09,869.89,0.16055812127888203,5574370000.0,0.22,0.2
2009-02-17,789.17,-0.8642411939799786,5907820000.0,0.22,0.2
2009-02-18,788.42,-0.043143393471837044,5740710000.0,0.22,0.2
2009-02-23,743.33,-0.03180937469005585,6509300000.0,0.22,0.2
2009-02-25,764.9,-0.04195176437497139,7483640000.0,0.22,0.2
2009-03-02,700.82,-0.5273954197764397,7868290000.0,0.18,-0.4
2009-03-03,696.33,-0.958687711507082,7583230000.0,0.18,-0.4
2009-03-04,712.87,-0.9448179872706532,7673620000.0,0.18,-0.4
2009-03-05,682.55,-0.78055389970541,7507250000.0,0.18,-0.4
2009-03-09,676.53,0.038545411080121994,7277320000.0,0.18,-0.4
2009-03-13,756.55,-0.00410432368516922,6787090000.0,0.18,-0.4
2009-03-18,794.35,0.013736885040998459,9098450000.0,0.18,-0.4
2009-03-26,832.86,-0.5028829872608185,6992960000.0,0.18,-0.4
2009-04-06,835.48,-0.4491211138665676,6210000000.0,0.15,-0.7
2009-04-13,858.73,-0.2303532212972641,6434890000.0,0.15,-0.7
2009-04-17,869.6,-0.9356641927734017,7352010000.0,0.15,-0.7
2009-04-28,855.16,-0.9495994616299868,6328000000.0,0.15,-0.7
2009-04-30,872.81,-0.3979418873786926,6862540000.0,0.15,-0.7
2009-05-07,907.39,-0.31610535085201263,9120100000.0,0.18,-1.3
2009-05-11,909.24,0.019114482216537,6150600000.0,0.18,-1.3
2009-05-29,919.14,-0.04162699170410633,6050420000.0,0.18,-1.3
2009-06-01,942.87,-0.020049145445227623,6370440000.0,0.21,-1.4
2009-06-05,940.09,-0.0368864294141531,5277910000.0,0.21,-1.4
2009-06-11,944.89,-0.4134538369253278,5500840000.0,0.21,-1.4
2009-06-17,910.71,-0.06104299798607826,5523650000.0,0.21,-1.4
2009-06-19,921.23,0.05796065367758274,5713390000.0,0.21,-1.4
2009-06-24,900.94,0.0012606903910636902,4636720000.0,0.21,-1.4
2009-07-01,923.33,0.125539880245924,3919400000.0,0.16,-2.1
2009-07-02,896.42,-0.04488726705312729,3931000000.0,0.16,-2.1
2009-07-08,879.56,-0.08259671181440353,5721780000.0,0.16,-2.1
2009-07-09,882.68,0.057922953739762306,4347170000.0,0.16,-2.1
2009-07-13,901.05,0.0400787889957428,4499440000.0,0.16,-2.1
2009-07-31,987.48,0.028276056051254272,5139070000.0,0.16,-2.1
2009-08-05,1002.72,0.8381304256618023,7242120000.0,0.16,-1.5
2009-08-07,1010.48,-0.03741393983364105,6827090000.0,0.16,-1.5
2009-08-11,994.35,0.03498641029000282,5773160000.0,0.16,-1.5
2009-08-13,1012.73,-0.08951077982783318,5250660000.0,0.16,-1.5
2009-08-14,1004.09,0.030747019685804844,4940750000.0,0.16,-1.5
2009-08-19,996.46,0.1999677587300539,4257000000.0,0.16,-1.5
2009-08-31,1020.62,-0.0409811083227396,5004560000.0,0.16,-1.5
2009-09-01,998.04,-0.03596918284893036,6862360000.0,0.15,-1.3
2009-09-02,994.75,-0.2634608820080757,5842730000.0,0.15,-1.3
2009-09-08,1025.39,0.8055981751531363,5235160000.0,0.15,-1.3
2009-09-09,1033.37,0.026319295167922974,5202550000.0,0.15,-1.3
2009-09-10,1044.14,-0.020512908697128296,5191380000.0,0.15,-1.3
2009-09-11,1042.73,-0.27293500676751137,4922600000.0,0.15,-1.3
2009-09-14,1049.34,-0.07220390625298023,4979610000.0,0.15,-1.3
2009-09-16,1068.76,-0.021756792441010475,6793530000.0,0.15,-1.3
2009-09-18,1068.3,-0.5274802297353745,5607970000.0,0.15,-1.3
2009-09-22,1071.66,0.4642160041257739,5246600000.0,0.15,-1.3
2009-09-23,1060.87,0.5150425285100937,5531930000.0,0.15,-1.3
2009-09-25,1044.38,-0.0741484984755516,4507090000.0,0.15,-1.3
2009-09-28,1062.98,-0.012551100924611092,3726950000.0,0.15,-1.3
2009-09-30,1057.08,-0.0446497555822134,5998860000.0,0.15,-1.3
2009-10-01,1029.85,-0.0344831719994545,5791450000.0,0.12,-0.2
2009-10-06,1054.72,0.4249067874625325,5029840000.0,0.12,-0.2
2009-10-07,1057.58,0.16258930414915085,4238220000.0,0.12,-0.2
2009-10-08,1065.48,-0.37305280193686485,4988400000.0,0.12,-0.2
2009-10-09,1071.49,0.29312649462372065,3763780000.0,0.12,-0.2
2009-10-12,1076.19,0.12905117124319077,3710430000.0,0.12,-0.2
2009-10-19,1097.91,0.5446448363363743,4619240000.0,0.12,-0.2
2009-10-27,1063.41,0.06292831804603338,5337380000.0,0.12,-0.2
2009-10-28,1042.63,-0.48399806022644043,6600350000.0,0.12,-0.2
2009-10-30,1036.19,-0.0434830654412508,6512420000.0,0.12,-0.2
2009-11-05,1066.63,0.1619072793982923,4848350000.0,0.12,1.8
2009-11-09,1093.08,-0.033032963052392006,4460030000.0,0.12,1.8
2009-11-12,1087.24,-0.9590144203975797,4160250000.0,0.12,1.8
2009-11-13,1093.48,-0.2521408908069134,3792610000.0,0.12,1.8
2009-11-23,1106.24,0.0157153382897377,3827920000.0,0.12,1.8
2009-11-24,1105.65,0.15716310311108828,3700820000.0,0.12,1.8
2009-11-25,1110.63,0.1515597114339471,3036350000.0,0.12,1.8
2009-11-27,1091.49,-0.8977372832596302,2362910000.0,0.12,1.8
2009-12-03,1099.92,-0.019954029470682144,4810030000.0,0.12,2.7
2009-12-07,1103.25,-0.9416135009378195,4103360000.0,0.12,2.7
2009-12-10,1102.35,0.009800706058740616,3996490000.0,0.12,2.7
2009-12-14,1114.11,0.7731516398489475,4548490000.0,0.12,2.7
2009-12-15,1107.93,-0.6232484914362431,5045100000.0,0.12,2.7
2009-12-16,1109.18,0.30639838924010593,4829820000.0,0.12,2.7
2009-12-21,1114.05,0.016545288264751434,3977340000.0,0.12,2.7
2009-12-22,1118.02,0.8781335204839706,3641130000.0,0.12,2.7
2009-12-30,1126.42,-0.11032442189753056,2277300000.0,0.12,2.7
2010-01-05,1136.52,-0.1940962572892507,2491020000.0,0.11,2.6
2010-01-06,1137.14,-0.4825678076595068,4972660000.0,0.11,2.6
2010-01-07,1141.69,0.013948660343885422,5270680000.0,0.11,2.6
2010-01-11,1146.98,0.01581842452287674,4255780000.0,0.11,2.6
2010-01-13,1145.68,-0.46369137754663825,4170360000.0,0.11,2.6
2010-01-14,1148.46,-0.007767997682094574,3915200000.0,0.11,2.6
2010-01-20,1138.04,0.08188052754849195,4810560000.0,0.11,2.6
2010-01-28,1084.53,-0.013035104610025883,5452400000.0,0.11,2.6
2010-02-02,1103.32,0.045140961185097694,4749540000.0,0.13,2.1
2010-02-04,1063.11,-0.03953956067562103,5859690000.0,0.13,2.1
2010-02-05,1066.19,0.36913082376122475,6438900000.0,0.13,2.1
2010-02-08,1056.74,-0.3992082239128649,4089820000.0,0.13,2.1
2010-02-12,1075.51,0.01145414263010025,4160680000.0,0.13,2.1
2010-02-18,1106.75,0.022180205211043358,3878620000.0,0.13,2.1
2010-02-23,1094.6,-0.9560372717678547,4521050000.0,0.13,2.1
2010-02-26,1104.49,-0.08402334060519934,3945190000.0,0.13,2.1
2010-03-01,1115.71,0.017160825431346893,3847640000.0,0.16,2.3
2010-03-02,1118.31,0.029567651450634003,4134680000.0,0.16,2.3
2010-03-05,1138.7,0.3039567247033119,4133000000.0,0.16,2.3
2010-03-08,1138.5,-0.42782410606741905,3774680000.0,0.16,2.3
2010-03-09,1140.45,-0.3212105445563793,5185570000.0,0.16,2.3
2010-03-10,1145.61,-0.51469811424613,5469120000.0,0.16,2.3
2010-03-12,1149.99,-0.5971633419394493,4928160000.0,0.16,2.3
2010-03-15,1150.51,0.25088801234960556,4164110000.0,0.16,2.3
2010-03-22,1165.81,0.003441106528043747,4261680000.0,0.16,2.3
2010-03-24,1167.72,0.029956836253404617,4705750000.0,0.16,2.3
2010-04-01,1178.1,-0.3913451302796602,4006870000.0,0.2,2.2
2010-04-05,1187.44,-0.32752995658665895,3881620000.0,0.2,2.2
2010-04-12,1196.48,-0.25101782381534576,4607090000.0,0.2,2.2
2010-04-14,1210.65,-0.021468921098858118,5760040000.0,0.2,2.2
2010-04-15,1211.67,0.013407904654741287,5995330000.0,0.2,2.2
2010-04-19,1197.52,-0.10645278543233871,6597740000.0,0.2,2.2
2010-04-22,1208.67,0.0037299245595932007,6035780000.0,0.2,2.2
2010-04-23,1217.28,0.16612801887094975,5326060000.0,0.2,2.2
2010-04-28,1191.36,-0.31645927485078573,6342310000.0,0.2,2.2
2010-04-30,1186.69,0.05070473253726959,6048260000.0,0.2,2.2
2010-05-04,1173.6,-0.11487284116446972,6594720000.0,0.2,2.0
2010-05-05,1165.87,-0.878457672894001,6795940000.0,0.2,2.0
2010-05-06,1128.15,-0.04746604152023792,10617810000.0,0.2,2.0
2010-05-07,1110.88,0.09946475550532341,9472910000.0,0.2,2.0
2010-05-11,1155.79,-0.006911393254995346,5842550000.0,0.2,2.0
2010-05-12,1171.67,0.3059369617452224,5225460000.0,0.2,2.0
2010-05-17,1136.94,-0.5533410012722015,5922920000.0,0.2,2.0
2010-05-18,1120.8,0.10705017298460007,6170840000.0,0.2,2.0
2010-05-20,1071.59,-0.04333909787237644,8328570000.0,0.2,2.0
2010-05-25,1074.03,0.4589847447350621,7329580000.0,0.2,2.0
2010-05-26,1067.95,0.7287322878837585,4521050000.0,0.2,2.0
2010-06-01,1070.71,0.020019928614298504,5271480000.0,0.18,1.1
2010-06-07,1050.47,0.28176043182611465,5467560000.0,0.18,1.1
2010-06-08,1062.0,0.09712943434715271,6192750000.0,0.18,1.1
2010-06-11,1091.6,0.29814628744497895,4059280000.0,0.18,1.1
2010-06-14,1089.63,-0.01177632063627243,4425830000.0,0.18,1.1
2010-06-15,1115.23,0.2280141580849886,4644490000.0,0.18,1.1
2010-06-21,1113.2,0.01321854287137588,4514360000.0,0.18,1.1
2010-06-22,1095.31,0.10553916916251183,4514380000.0,0.18,1.1
2010-06-23,1092.04,-0.023518383502960205,4526150000.0,0.18,1.1
2010-06-28,1074.57,-0.3500695042312145,3896410000.0,0.18,1.1
2010-06-29,1041.24,0.09575294610112906,6136700000.0,0.18,1.1
2010-06-30,1030.71,-0.3094316835825642,5067080000.0,0.18,1.1
2010-07-06,1028.06,-0.4835645090788603,4691240000.0,0.18,1.2
2010-07-07,1060.27,-0.011678345501422882,4931220000.0,0.18,1.2
2010-07-13,1095.34,0.2982417228631675,4640460000.0,0.18,1.2
2010-07-14,1095.17,-0.07099861558526754,4521050000.0,0.18,1.2
2010-07-20,1083.48,-0.3078096080571413,4713280000.0,0.18,1.2
2010-07-21,1069.59,-0.027295468375086784,4747180000.0,0.18,1.2
2010-07-26,1115.01,0.001840483397245407,4009650000.0,0.18,1.2
2010-07-30,1101.6,-0.44520568661391735,4006450000.0,0.18,1.2
2010-08-02,1125.86,0.2546013677492738,4144180000.0,0.19,1.1
2010-08-04,1127.24,0.30970944712559384,4057850000.0,0.19,1.1
2010-08-06,1121.64,-0.9641748159192502,3857890000.0,0.19,1.1
2010-08-09,1127.79,0.03343681059777737,3979360000.0,0.19,1.1
2010-08-10,1121.06,-0.016381677240133286,3979360000.0,0.19,1.1
2010-08-11,1089.47,-0.045074550434947014,4511860000.0,0.19,1.1
2010-08-17,1092.54,0.032242823392152786,3968210000.0,0.19,1.1
2010-08-24,1051.87,-0.04237821698188782,4436330000.0,0.19,1.1
2010-08-27,1064.59,0.3400638196617365,4102460000.0,0.19,1.1
2010-08-30,1048.92,0.4161908132955432,2917990000.0,0.19,1.1
2010-09-03,1104.51,-0.30041704295823973,3534500000.0,0.19,1.1
2010-09-07,1091.84,-0.701801223680377,3107380000.0,0.19,1.1
2010-09-09,1104.18,0.04179265070706606,3387770000.0,0.19,1.1
2010-09-10,1109.55,-0.04132520407438278,3061160000.0,0.19,1.1
2010-09-13,1121.9,0.27392184920609,4521050000.0,0.19,1.1
2010-09-14,1121.1,-0.04188384674489498,4521050000.0,0.19,1.1
2010-09-15,1125.07,0.24810884054750204,3369840000.0,0.19,1.1
2010-09-17,1125.59,-0.036218966357409954,4086140000.0,0.19,1.1
2010-09-20,1142.71,-0.4485875777900219,3364080000.0,0.19,1.1
2010-09-21,1139.78,-0.042931679636240005,4175660000.0,0.19,1.1
2010-09-22,1134.28,-0.30684101581573486,3911070000.0,0.19,1.1
2010-09-24,1148.67,0.1057058023288846,4123950000.0,0.19,1.1
2010-09-27,1142.16,0.043630201369524,3587860000.0,0.19,1.1
2010-09-28,1147.7,-0.3340524323284626,4025840000.0,0.19,1.1
2010-09-29,1144.73,-0.001414228230714798,3990280000.0,0.19,1.1
2010-09-30,1141.2,0.08441781119576522,4284160000.0,0.19,1.1
2010-10-01,1146.24,-0.8761055450886488,4298910000.0,0.19,1.2
2010-10-04,1137.03,0.023741289973258972,3604110000.0,0.19,1.2
2010-10-08,1165.15,-0.0404422115534544,3871420000.0,0.19,1.2
2010-10-12,1169.77,0.41192043712362647,4076170000.0,0.19,1.2
2010-10-13,1178.1,0.1016756477765739,4969410000.0,0.19,1.2
2010-10-14,1173.81,-0.5110369194298983,4969410000.0,0.19,1.2
2010-10-19,1165.9,-0.06166157661937177,5600120000.0,0.19,1.2
2010-10-20,1178.17,-0.8636555597186089,5027880000.0,0.19,1.2
2010-10-22,1183.08,-0.009765978902578354,3177890000.0,0.19,1.2
2010-10-26,1185.64,0.17935122642666101,4203680000.0,0.19,1.2
2010-10-29,1183.26,0.008602429181337357,3537880000.0,0.19,1.2
2010-11-02,1193.57,0.05723297782242298,3866200000.0,0.19,1.1
2010-11-04,1221.06,-0.0005566161125898361,5695470000.0,0.19,1.1
2010-11-05,1225.85,-0.9631524025462568,5637460000.0,0.19,1.1
2010-11-08,1223.25,-0.537051715888083,3937230000.0,0.19,1.1
2010-11-10,1218.71,0.023000825196504593,4561300000.0,0.19,1.1
2010-11-11,1213.54,0.00279218889772892,3931120000.0,0.19,1.1
2010-11-12,1199.21,-0.03376727178692818,4213620000.0,0.19,1.1
2010-11-15,1197.75,0.009425867348909378,3503370000.0,0.19,1.1
2010-11-18,1196.69,0.06504561007022858,4687260000.0,0.19,1.1
2010-11-22,1197.84,0.06299723405390978,3689500000.0,0.19,1.1
2010-11-23,1180.73,-0.5917172282934189,4133070000.0,0.19,1.1
2010-11-24,1198.35,-0.14149793609976768,3384250000.0,0.19,1.1
2010-11-26,1189.4,-0.800128847360611,1613820000.0,0.19,1.1
2010-11-29,1187.76,-0.27742085978388786,3673450000.0,0.19,1.1
2010-11-30,1180.55,-0.012489670887589455,4284700000.0,0.19,1.1
2010-12-02,1221.53,0.5541882440447807,4970800000.0,0.18,1.5
2010-12-03,1224.71,-0.1514729131013155,3735780000.0,0.18,1.5
2010-12-09,1233.0,0.670616090297699,4522510000.0,0.18,1.5
2010-12-10,1240.4,-0.25038365996442735,4547310000.0,0.18,1.5
2010-12-13,1240.46,-0.14600085653364658,4361240000.0,0.18,1.5
2010-12-14,1241.59,0.05165852978825569,4132350000.0,0.18,1.5
2010-12-16,1242.87,0.01468219980597496,4736820000.0,0.18,1.5
2010-12-17,1243.91,0.050949450582265854,4632470000.0,0.18,1.5
2010-12-20,1247.08,0.06470648944377899,3548140000.0,0.18,1.5
2010-12-22,1258.84,-0.013856683857738972,1285590000.0,0.18,1.5
2010-12-23,1256.77,0.0023660361766815186,2515020000.0,0.18,1.5
2010-12-30,1257.88,0.21144081093370914,1970720000.0,0.18,1.5
2010-12-31,1257.64,0.0794818539172411,1799770000.0,0.18,1.5
2011-01-03,1271.87,-0.011976530775427818,4286670000.0,0.17,1.6
2011-01-04,1270.2,0.009163240591684977,4796420000.0,0.17,1.6
2011-01-05,1276.56,-0.015282442793250084,4764920000.0,0.17,1.6
2011-01-06,1273.85,0.030503621324896812,4844100000.0,0.17,1.6
2011-01-11,1274.48,0.7468926087021828,4050750000.0,0.17,1.6
2011-01-12,1285.96,0.02781036216765642,4226940000.0,0.17,1.6
2011-01-13,1283.76,0.31827088352292776,4310840000.0,0.17,1.6
2011-01-14,1293.24,0.18088541366159916,4661590000.0,0.17,1.6
2011-01-18,1295.02,0.09245189931243658,5284990000.0,0.17,1.6
2011-01-19,1281.92,-0.12105040438473225,4743710000.0,0.17,1.6
2011-01-20,1280.26,-0.08977034036070108,4935320000.0,0.17,1.6
2011-01-21,1283.35,-0.27526023983955383,4935320000.0,0.17,1.6
2011-01-24,1290.84,0.09556921571493149,3902470000.0,0.17,1.6
2011-01-26,1296.63,-0.8667210433632135,4730980000.0,0.17,1.6
2011-01-28,1276.34,-0.09408156139155228,5618630000.0,0.17,1.6
2011-01-31,1286.12,0.007903750985860825,4167160000.0,0.17,1.6
2011-02-01,1307.59,0.09176153712905943,5164500000.0,0.16,2.1
2011-02-02,1304.03,-0.017490196973085403,4098260000.0,0.16,2.1
2011-02-03,1307.1,0.5069399457424879,4370990000.0,0.16,2.1
2011-02-04,1310.87,-0.0872404258698225,3925950000.0,0.16,2.1
2011-02-09,1320.88,0.055637361481785774,3922240000.0,0.16,2.1
2011-02-14,1332.32,-0.03007734753191471,3567040000.0,0.16,2.1
2011-02-15,1328.01,0.19652696823080382,3926860000.0,0.16,2.1
2011-02-16,1336.32,-0.9426766466349363,1966450000.0,0.16,2.1
2011-02-18,1343.01,-0.16835778672248125,1162310000.0,0.16,2.1
2011-02-23,1307.4,0.0788236241787672,1330340000.0,0.16,2.1
2011-02-24,1306.1,-0.014324123039841652,1222900000.0,0.16,2.1
2011-02-28,1327.22,-0.09005905501544476,1252850000.0,0.16,2.1
2011-03-01,1306.33,-0.8961978554725647,1180420000.0,0.14,2.7
2011-03-04,1321.15,0.038451907224953175,4223740000.0,0.14,2.7
2011-03-08,1321.82,-0.04945661872625351,4531420000.0,0.14,2.7
2011-03-09,1320.02,0.37519658356904984,3709520000.0,0.14,2.7
2011-03-10,1295.11,-0.011248309165239334,4723020000.0,0.14,2.7
2011-03-11,1304.28,0.07569831609725952,3740400000.0,0.14,2.7
2011-03-14,1296.39,-0.019286254420876503,4050370000.0,0.14,2.7
2011-03-15,1281.87,-0.014746233820915222,5201400000.0,0.14,2.7
2011-03-16,1256.88,0.4544505849480629,5833000000.0,0.14,2.7
2011-03-17,1273.72,-0.30067986343055964,4134950000.0,0.14,2.7
2011-03-23,1297.54,-0.010408319532871246,3842350000.0,0.14,2.7
2011-03-29,1319.44,0.0026393085718154907,3482580000.0,0.14,2.7
2011-03-30,1328.26,0.03070291317999363,3809570000.0,0.14,2.7
2011-03-31,1325.83,0.006857031024992466,3566270000.0,0.14,2.7
2011-04-01,1332.41,-0.43757281079888344,4223740000.0,0.1,3.2
2011-04-04,1332.87,-0.23659505074222884,4223740000.0,0.1,3.2
2011-04-05,1332.63,-0.006180587224662304,3852280000.0,0.1,3.2
2011-04-06,1335.54,-0.1967259906232357,4223740000.0,0.1,3.2
2011-04-12,1314.16,0.10806961264461279,4275490000.0,0.1,3.2
2011-04-13,1314.41,0.05177535954862833,3850860000.0,0.1,3.2
2011-04-14,1314.52,0.11745080584660172,3872630000.0,0.1,3.2
2011-04-15,1319.68,0.021195385605096817,4223740000.0,0.1,3.2
2011-04-18,1305.14,0.03517091553658247,4223740000.0,0.1,3.2
2011-04-19,1312.62,0.043477863073349,3886300000.0,0.1,3.2
2011-04-20,1330.36,0.05028719920665026,4236280000.0,0.1,3.2
2011-04-21,1337.38,-0.010237874773641428,3587240000.0,0.1,3.2
2011-04-25,1335.25,-0.9508606251329184,2142130000.0,0.1,3.2
2011-04-26,1347.24,0.06540648639202118,3908060000.0,0.1,3.2
2011-04-27,1355.66,-0.012769656255841255,4051570000.0,0.1,3.2
2011-04-28,1360.48,0.07637196406722069,4036820000.0,0.1,3.2
2011-04-29,1363.61,-0.07003426505252719,3479070000.0,0.1,3.2
2011-05-02,1361.22,-0.028393550775945187,3846250000.0,0.09,3.6
2011-05-03,1356.62,0.03818716574460268,4223740000.0,0.09,3.6
2011-05-05,1335.1,0.01671011745929718,3846250000.0,0.09,3.6
2011-05-06,1340.2,0.06408653035759926,4223740000.0,0.09,3.6
2011-05-09,1346.29,-0.013468373566865921,4265250000.0,0.09,3.6
2011-05-10,1357.16,-0.07774738843242328,4223740000.0,0.09,3.6
2011-05-11,1342.08,-0.46560101117938757,3846250000.0,0.09,3.6
2011-05-12,1348.65,0.08052114024758339,3777210000.0,0.09,3.6
2011-05-13,1337.77,-0.09528635232709348,3426660000.0,0.09,3.6
2011-05-16,1329.47,-0.8273534327745438,3846250000.0,0.09,3.6
2011-05-17,1328.98,-0.014644436538219452,4053970000.0,0.09,3.6
2011-05-18,1340.68,0.03455932671204209,3922030000.0,0.09,3.6
2011-05-20,1333.27,0.0409172922372818,4066020000.0,0.09,3.6
2011-05-23,1317.37,-0.2620031489059329,3255580000.0,0.09,3.6
2011-05-25,1320.47,-0.0640907734632492,4109670000.0,0.09,3.6
2011-05-26,1325.69,-0.7939318157732487,3259470000.0,0.09,3.6
2011-05-27,1331.1,0.09616528855015834,3124560000.0,0.09,3.6
2011-06-01,1314.55,-0.031852695159614086,4241090000.0,0.09,3.6
2011-06-02,1312.94,0.16040970291942358,3762170000.0,0.09,3.6
2011-06-03,1300.16,0.0385386993487676,3505030000.0,0.09,3.6
2011-06-07,1284.94,-0.011900735398133596,3846250000.0,0.09,3.6
2011-06-08,1279.56,-0.022468190640211105,3970810000.0,0.09,3.6
2011-06-09,1289.0,0.07362569589167833,3332510000.0,0.09,3.6
2011-06-10,1270.98,-0.37184720672667027,3846250000.0,0.09,3.6
2011-06-13,1271.83,0.1930326260626316,4132520000.0,0.09,3.6
2011-06-14,1287.87,0.0335528701543808,3500280000.0,0.09,3.6
2011-06-15,1265.42,0.0652267811819911,4070500000.0,0.09,3.6
2011-06-16,1267.64,0.16946837957948446,3846250000.0,0.09,3.6
2011-06-20,1278.36,0.36775550432503223,3464660000.0,0.09,3.6
2011-06-21,1295.52,-0.002862529829144478,4056150000.0,0.09,3.6
2011-06-22,1287.14,0.008809023536741734,3718420000.0,0.09,3.6
2011-06-23,1283.5,-0.19345011888071895,4983450000.0,0.09,3.6
2011-06-24,1268.45,0.12519773375242949,3665340000.0,0.09,3.6
2011-06-27,1280.1,-0.06329920329153538,3479070000.0,0.09,3.6
2011-06-29,1307.41,-0.32128959707915783,4347540000.0,0.09,3.6
2011-06-30,1320.64,0.16335093951784074,4200500000.0,0.09,3.6
2011-07-01,1339.67,-0.2839336621109396,3796930000.0,0.07,3.6
2011-07-05,1337.88,0.09968685917556286,3722320000.0,0.07,3.6
2011-07-07,1353.22,-0.778683140873909,4069530000.0,0.07,3.6
2011-07-08,1343.8,-0.26632055050383013,3594360000.0,0.07,3.6
2011-07-12,1313.64,0.005869551872213681,4227890000.0,0.07,3.6
2011-07-13,1317.72,-0.0023004598915576935,4060080000.0,0.07,3.6
2011-07-14,1308.87,0.4663047967478633,4358570000.0,0.07,3.6
2011-07-15,1316.14,0.08272424464424451,4242760000.0,0.07,3.6
2011-07-18,1305.44,-0.29594375286251307,4118160000.0,0.07,3.6
2011-07-19,1326.73,-0.45092296693474054,4304600000.0,0.07,3.6
2011-07-20,1325.84,0.1393142119050026,3767420000.0,0.07,3.6
2011-07-21,1343.8,-0.18962683575227857,4837430000.0,0.07,3.6
2011-07-22,1345.02,0.3951801732182503,3522830000.0,0.07,3.6
2011-07-25,1337.43,0.018763919360935688,3536890000.0,0.07,3.6
2011-07-26,1331.94,-0.0033680200576782227,4007050000.0,0.07,3.6
2011-07-27,1304.89,-0.07393753901124,3479040000.0,0.07,3.6
2011-07-28,1300.67,-0.6975595783442259,4951800000.0,0.07,3.6
2011-07-29,1292.28,0.017037239857017994,5061190000.0,0.07,3.6
2011-08-01,1286.94,0.4313463307917118,4967390000.0,0.1,3.8
2011-08-02,1254.05,-0.19694463474055132,5206290000.0,0.1,3.8
2011-08-03,1260.34,-0.01306334137916565,6446940000.0,0.1,3.8
2011-08-04,1200.07,-0.17344886747499308,4266530000.0,0.1,3.8
2011-08-05,1199.38,-0.39716874109581113,5454590000.0,0.1,3.8
2011-08-08,1119.46,-0.46328349675362307,2615150000.0,0.1,3.8
2011-08-09,1172.53,-0.32131050154566765,2366660000.0,0.1,3.8
2011-08-10,1120.76,-0.21191885136067867,5018070000.0,0.1,3.8
2011-08-11,1172.64,-0.29918854124844074,3685050000.0,0.1,3.8
2011-08-12,1178.81,-0.026543468236923218,5640380000.0,0.1,3.8
2011-08-15,1204.49,0.15171614661812782,4272850000.0,0.1,3.8
2011-08-16,1192.76,0.362622382119298,5071600000.0,0.1,3.8
2011-08-17,1193.89,-0.38300239481031895,4388340000.0,0.1,3.8
2011-08-18,1140.65,-0.2612365319704016,3234810000.0,0.1,3.8
2011-08-22,1123.82,0.06876406197746594,5436260000.0,0.1,3.8
2011-08-23,1162.35,0.05107016023248434,5013170000.0,0.1,3.8
2011-08-24,1177.6,-0.08667170256376266,5315310000.0,0.1,3.8
2011-08-25,1159.27,0.022379069589078426,5748420000.0,0.1,3.8
2011-08-26,1176.8,0.14603616204112768,5035320000.0,0.1,3.8
2011-08-29,1210.08,0.25081993266940117,4228070000.0,0.1,3.8
2011-08-30,1212.92,0.3007253911346197,4572570000.0,0.1,3.8
2011-08-31,1218.89,0.0659154187887907,5267840000.0,0.1,3.8
2011-09-01,1204.42,-0.4552078088745475,4780410000.0,0.08,3.9
2011-09-02,1173.97,-0.007768772542476654,4401740000.0,0.08,3.9
2011-09-06,1165.24,0.009942294098436832,5103980000.0,0.08,3.9
2011-09-07,1198.62,-0.09351067710667849,4441040000.0,0.08,3.9
2011-09-08,1185.9,-0.042856840416789055,4465170000.0,0.08,3.9
2011-09-09,1154.23,-0.20239813905209303,4586370000.0,0.08,3.9
2011-09-12,1162.27,0.02630820544436574,5168550000.0,0.08,3.9
2011-09-13,1172.87,-0.02998706263800462,4681370000.0,0.08,3.9
2011-09-14,1188.68,0.061933148419484496,4986740000.0,0.08,3.9
2011-09-15,1209.11,0.15048073790967464,4479730000.0,0.08,3.9
2011-09-16,1216.01,-0.11055625850955646,5248890000.0,0.08,3.9
2011-09-19,1204.09,0.027279152845342953,4254190000.0,0.08,3.9
2011-09-21,1166.76,-0.05791932996362448,4728550000.0,0.08,3.9
2011-09-22,1129.56,0.2078994046896696,6703140000.0,0.08,3.9
2011-09-23,1136.43,0.05882987636141479,5639930000.0,0.08,3.9
2011-09-26,1162.95,-0.3148835015793641,4762830000.0,0.08,3.9
2011-09-27,1175.38,-0.005880406126379967,5548130000.0,0.08,3.9
2011-09-28,1151.06,0.022197897856434185,4787920000.0,0.08,3.9
2011-09-29,1160.4,0.0388277992606163,5285740000.0,0.08,3.9
2011-09-30,1131.42,0.057443128526210786,4416790000.0,0.08,3.9
2011-10-03,1099.23,-0.11481794063001871,5670340000.0,0.07,3.5
2011-10-04,1123.95,-0.20648908708244562,3714670000.0,0.07,3.5
2011-10-05,1144.03,0.17539430130273104,2510620000.0,0.07,3.5
2011-10-06,1164.97,-0.03066042996942997,5098330000.0,0.07,3.5
2011-10-07,1155.46,-0.04903192259371281,5580380000.0,0.07,3.5
2011-10-10,1194.89,-0.13577867206186056,4446800000.0,0.07,3.5
2011-10-11,1195.54,-0.0938255151733756,4424500000.0,0.07,3.5
2011-10-12,1207.25,-0.9246117710135877,5355360000.0,0.07,3.5
2011-10-13,1203.66,-0.16476868651807308,4436270000.0,0.07,3.5
2011-10-14,1224.58,0.06498555839061737,4116690000.0,0.07,3.5
2011-10-17,1200.86,0.07810601778328419,4300700000.0,0.07,3.5
2011-10-18,1225.38,-0.058855630457401276,4840170000.0,0.07,3.5
2011-10-19,1209.88,-0.27567219734191895,4846390000.0,0.07,3.5
2011-10-20,1215.39,0.3003959121803443,4870290000.0,0.07,3.5
2011-10-21,1238.25,0.015622826293110847,4980770000.0,0.07,3.5
2011-10-24,1254.19,-0.02559033657113711,4309380000.0,0.07,3.5
2011-10-25,1229.05,-0.6970948614180088,4473970000.0,0.07,3.5
2011-10-26,1242.0,-0.16088963486254215,4873530000.0,0.07,3.5
2011-10-27,1284.59,0.03281620144844055,6367610000.0,0.07,3.5
2011-10-28,1285.09,0.0017841523513197899,4536690000.0,0.07,3.5
2011-10-31,1253.3,0.10886275814846158,4310210000.0,0.07,3.5
2011-11-01,1218.28,0.1062854714691639,5645540000.0,0.08,3.4
2011-11-02,1237.9,0.0031916843727231026,4110530000.0,0.08,3.4
2011-11-03,1261.15,0.12722516525536776,4849140000.0,0.08,3.4
2011-11-04,1253.23,0.4012418473139405,3830650000.0,0.08,3.4
2011-11-07,1261.12,0.010546579957008362,3429740000.0,0.08,3.4
2011-11-08,1275.92,-0.02971696729461352,3908490000.0,0.08,3.4
2011-11-09,1229.1,0.07386288121342659,4659740000.0,0.08,3.4
2011-11-10,1239.7,0.007557636126875877,4002760000.0,0.08,3.4
2011-11-11,1263.85,0.21268304530531168,3370180000.0,0.08,3.4
2011-11-14,1251.78,0.08027622429654002,3219680000.0,0.08,3.4
2011-11-15,1257.81,0.004660080187022686,3599300000.0,0.08,3.4
2011-11-17,1216.13,-0.09212832245975733,4596450000.0,0.08,3.4
2011-11-18,1215.65,-0.13032874055206775,3827610000.0,0.08,3.4
2011-11-21,1192.98,-0.44399815145879984,4050070000.0,0.08,3.4
2011-11-22,1188.04,0.011859606020152569,3911710000.0,0.08,3.4
2011-11-23,1161.79,-0.22136650327593088,3798940000.0,0.08,3.4
2011-11-25,1158.67,-0.025167233310639858,1664200000.0,0.08,3.4
2011-11-28,1192.55,0.1380065449823936,3920750000.0,0.08,3.4
2011-11-29,1195.19,-0.1964046552311629,3992650000.0,0.08,3.4
2011-11-30,1246.96,0.032157064881175756,5801910000.0,0.08,3.4
2011-12-01,1244.58,-0.02033597541352113,3818680000.0,0.07,3.0
2011-12-02,1244.28,0.19503336089352766,4144310000.0,0.07,3.0
2011-12-05,1257.08,0.046316273200015225,4148060000.0,0.07,3.0
2011-12-06,1258.47,-0.46896274015307426,3734230000.0,0.07,3.0
2011-12-07,1261.01,-0.04997606091201305,4160540000.0,0.07,3.0
2011-12-08,1234.35,0.004046055115759372,4298370000.0,0.07,3.0
2011-12-09,1255.19,-0.07132746030886968,3830610000.0,0.07,3.0
2011-12-12,1236.47,0.00899516697973013,3600570000.0,0.07,3.0
2011-12-13,1225.73,0.07113617286086082,4121570000.0,0.07,3.0
2011-12-14,1211.82,-0.2893411908298731,4298290000.0,0.07,3.0
2011-12-15,1215.75,0.028247210197150707,3810340000.0,0.07,3.0
2011-12-16,1219.66,0.01418294571340084,5345800000.0,0.07,3.0
2011-12-19,1205.35,0.03007445205003023,3659820000.0,0.07,3.0
2011-12-20,1241.3,0.02538879308849573,4055590000.0,0.07,3.0
2011-12-21,1243.72,-0.24522971268743277,2959020000.0,0.07,3.0
2011-12-22,1254.0,0.02924034520983696,3492250000.0,0.07,3.0
2011-12-23,1265.33,0.28985237951080006,2233830000.0,0.07,3.0
2011-12-27,1265.43,-0.07001537829637527,2130590000.0,0.07,3.0
2011-12-28,1249.64,-0.05657330807298422,2349980000.0,0.07,3.0
2011-12-30,1257.6,0.020621074130758643,2271850000.0,0.07,3.0
2012-01-03,1277.06,-0.3347315047867596,3943710000.0,0.08,2.9
2012-01-04,1277.3,0.04809951037168503,3592580000.0,0.08,2.9
2012-01-05,1281.06,-0.00622139684855938,4315950000.0,0.08,2.9
2012-01-06,1277.81,-0.004930630326271057,3656830000.0,0.08,2.9
2012-01-09,1280.7,-0.1019772080083688,3371600000.0,0.08,2.9
2012-01-10,1292.08,0.18451323872432113,4221960000.0,0.08,2.9
2012-01-11,1292.48,0.022409474477171898,3968120000.0,0.08,2.9
2012-01-12,1295.5,-0.3247345530738433,4019890000.0,0.08,2.9
2012-01-13,1289.09,-0.4369664927944541,3692370000.0,0.08,2.9
2012-01-17,1293.67,0.062315357849001884,4010490000.0,0.08,2.9
2012-01-18,1308.04,-0.040695747981468834,4096160000.0,0.08,2.9
2012-01-19,1314.5,-0.6051011117175221,4465890000.0,0.08,2.9
2012-01-20,1315.38,-0.10082975402474403,3912620000.0,0.08,2.9
2012-01-23,1316.0,-0.11920844158157706,3770910000.0,0.08,2.9
2012-01-24,1314.65,0.09398710479338963,3693560000.0,0.08,2.9
2012-01-25,1326.06,0.12582689337432384,4410910000.0,0.08,2.9
2012-01-26,1318.43,-0.23545659333467484,4522070000.0,0.08,2.9
2012-01-27,1316.33,0.07377619793017705,4007380000.0,0.08,2.9
2012-01-30,1313.01,-0.05267933942377567,3659010000.0,0.08,2.9
2012-01-31,1312.41,-0.2187023771305879,4235550000.0,0.08,2.9
2012-02-01,1324.09,-0.16141488403081894,4504360000.0,0.1,2.9
2012-02-02,1325.54,0.017271138727664948,4120920000.0,0.1,2.9
2012-02-03,1344.9,0.14312498876824975,4608550000.0,0.1,2.9
2012-02-06,1344.33,0.020497463643550873,3379700000.0,0.1,2.9
2012-02-07,1347.05,-0.44626560946926475,3742460000.0,0.1,2.9
2012-02-08,1349.96,-0.23714841778079668,4096730000.0,0.1,2.9
2012-02-09,1351.95,0.042862294241786,4209890000.0,0.1,2.9
2012-02-10,1342.64,0.09617770835757256,3877580000.0,0.1,2.9
2012-02-13,1351.77,-0.08651688943306605,3618040000.0,0.1,2.9
2012-02-14,1350.5,0.25325627035150927,3889520000.0,0.1,2.9
2012-02-15,1343.23,0.11337043810635805,4080340000.0,0.1,2.9
2012-02-16,1358.04,0.17824563663452864,4108880000.0,0.1,2.9
2012-02-17,1361.23,-0.1506655253469944,3717640000.0,0.1,2.9
2012-02-21,1362.21,0.05891240326066812,3795200000.0,0.1,2.9
2012-02-22,1357.66,0.3142847931012511,3633710000.0,0.1,2.9
2012-02-23,1363.46,-0.28391213342547417,3786450000.0,0.1,2.9
2012-02-24,1365.74,-0.44060363061726093,3505360000.0,0.1,2.9
2012-02-27,1367.59,0.20195374079048634,3648890000.0,0.1,2.9
2012-02-28,1372.18,-0.08011417668312788,3579120000.0,0.1,2.9
2012-02-29,1365.68,0.4074485184003909,4482370000.0,0.1,2.9
2012-03-01,1374.09,-0.10157303263743718,3919240000.0,0.13,2.7
2012-03-02,1369.63,0.2121928099077195,3283490000.0,0.13,2.7
2012-03-05,1364.33,-0.04908922749261061,3429480000.0,0.13,2.7
2012-03-06,1343.36,-0.5235619768500328,4191060000.0,0.13,2.7
2012-03-07,1352.63,0.18373330533504487,3580380000.0,0.13,2.7
2012-03-08,1365.91,0.12624306976795197,3543060000.0,0.13,2.7
2012-03-09,1370.87,-0.4635414616204798,3639470000.0,0.13,2.7
2012-03-13,1395.95,0.08468868862837553,4386470000.0,0.13,2.7
2012-03-14,1394.28,-0.5822658017277718,4502280000.0,0.13,2.7
2012-03-15,1402.6,-0.17017121659591794,4271650000.0,0.13,2.7
2012-03-16,1404.17,0.04940230833987395,5163950000.0,0.13,2.7
2012-03-19,1409.75,0.15161002116898695,3932570000.0,0.13,2.7
2012-03-20,1405.52,-0.0021179523319005966,3695280000.0,0.13,2.7
2012-03-21,1402.89,-0.691993105225265,3573590000.0,0.13,2.7
2012-03-22,1392.78,0.014797881245613098,3740590000.0,0.13,2.7
2012-03-23,1397.11,-0.4782378301024437,3472950000.0,0.13,2.7
2012-03-26,1416.51,0.457833968102932,3576950000.0,0.13,2.7
2012-03-27,1412.52,0.40713350661098957,3513640000.0,0.13,2.7
2012-03-28,1405.54,-0.25337167344987394,3892800000.0,0.13,2.7
2012-03-29,1403.28,0.24003260536119342,3832000000.0,0.13,2.7
2012-03-30,1408.47,-0.10381493515645464,3676890000.0,0.13,2.7
2012-04-02,1419.04,0.12127558328211308,3572010000.0,0.14,2.3
2012-04-03,1413.38,0.08490585582330823,3822090000.0,0.14,2.3
2012-04-04,1398.96,0.11085051018744707,3938290000.0,0.14,2.3
2012-04-05,1398.08,0.013468213379383087,3303740000.0,0.14,2.3
2012-04-09,1382.2,0.14215235598385334,3468980000.0,0.14,2.3
2012-04-10,1358.59,0.2497125482186675,4631730000.0,0.14,2.3
2012-04-11,1368.71,0.04479040112346411,3743040000.0,0.14,2.3
2012-04-12,1387.57,-0.10672256536781788,3618280000.0,0.14,2.3
2012-04-13,1370.26,-0.17497529052197933,3631160000.0,0.14,2.3
2012-04-16,1369.57,-0.648343765642494,3574780000.0,0.14,2.3
2012-04-17,1390.78,0.42506637424230576,3456200000.0,0.14,2.3
2012-04-18,1385.14,-0.34057800471782684,3463140000.0,0.14,2.3
2012-04-19,1376.92,-0.3152260552160442,4180020000.0,0.14,2.3
2012-04-20,1378.53,-0.3109250678680837,3833320000.0,0.14,2.3
2012-04-23,1366.94,-0.01364025225241979,3654860000.0,0.14,2.3
2012-04-24,1371.97,0.11173587571829557,3617100000.0,0.14,2.3
2012-04-25,1390.69,0.11500223446637392,3998430000.0,0.14,2.3
2012-04-27,1403.36,0.2720943197607994,3645830000.0,0.14,2.3
2012-04-30,1397.91,-0.9470728579908609,3574010000.0,0.14,2.3
2012-05-01,1405.82,0.44463562313467264,3807950000.0,0.16,1.7
2012-05-02,1402.31,-0.044267486315220594,3803860000.0,0.16,1.7
2012-05-03,1391.57,-0.33059049987544614,4004910000.0,0.16,1.7
2012-05-04,1369.1,-0.31293160778780776,3975140000.0,0.16,1.7
2012-05-07,1369.58,0.12846450818081698,3559390000.0,0.16,1.7
2012-05-08,1363.72,-0.372053578030318,4261670000.0,0.16,1.7
2012-05-09,1354.58,-0.15789001062512398,4288540000.0,0.16,1.7
2012-05-10,1357.99,-0.39197299908846617,3727990000.0,0.16,1.7
2012-05-11,1353.39,0.05695316195487976,3869070000.0,0.16,1.7
2012-05-14,1338.35,-0.10554335489869118,3688120000.0,0.16,1.7
2012-05-15,1330.66,0.1448692408286863,4114040000.0,0.16,1.7
2012-05-16,1324.8,-0.21987038323034844,4280420000.0,0.16,1.7
2012-05-18,1295.22,-0.02444942481815815,4512470000.0,0.16,1.7
2012-05-21,1315.99,-0.3404938916210085,3786750000.0,0.16,1.7
2012-05-22,1316.63,0.008497846871614456,4123680000.0,0.16,1.7
2012-05-23,1318.86,-0.42664804123342037,4108330000.0,0.16,1.7
2012-05-24,1320.68,-0.03773198835551739,3937670000.0,0.16,1.7
2012-05-25,1317.82,-0.3108878582715988,2872660000.0,0.16,1.7
2012-05-29,1332.42,-0.040756842121481895,3441640000.0,0.16,1.7
2012-05-31,1310.33,-0.06701832437621695,4557620000.0,0.16,1.7
2012-06-01,1278.04,-0.44918431900441647,4669350000.0,0.16,1.7
2012-06-04,1278.18,-0.33643851010128856,4011960000.0,0.16,1.7
2012-06-05,1285.5,-0.3827722209195296,3403230000.0,0.16,1.7
2012-06-06,1315.13,0.4477922059595585,4268360000.0,0.16,1.7
2012-06-07,1314.99,0.21253058034926653,4258140000.0,0.16,1.7
2012-06-08,1325.66,0.1570586214462916,3497190000.0,0.16,1.7
2012-06-11,1308.93,0.0720203104428947,3537530000.0,0.16,1.7
2012-06-12,1324.18,0.18548450339585543,3442920000.0,0.16,1.7
2012-06-13,1314.88,-0.09308502698938052,3506510000.0,0.16,1.7
2012-06-14,1329.1,-0.4009755728766322,3687720000.0,0.16,1.7
2012-06-15,1342.84,0.10319080669432878,4401570000.0,0.16,1.7
2012-06-18,1344.78,-0.0927621889859438,3259430000.0,0.16,1.7
2012-06-19,1357.98,-0.37770845647901297,3815350000.0,0.16,1.7
2012-06-20,1355.69,-0.18676792768140635,3695700000.0,0.16,1.7
2012-06-21,1325.51,0.028955176783104736,4094470000.0,0.16,1.7
2012-06-22,1335.02,0.08637598482891917,5271490000.0,0.16,1.7
2012-06-25,1313.72,-0.40649624541401863,3501820000.0,0.16,1.7
2012-06-26,1319.99,-0.24840187700465322,3412940000.0,0.16,1.7
2012-06-27,1331.85,0.21555161103606224,3286910000.0,0.16,1.7
2012-06-28,1329.04,-0.08050377038307488,3969370000.0,0.16,1.7
2012-06-29,1362.16,-0.2064572274684906,4590480000.0,0.16,1.7
2012-07-02,1365.51,0.04567909985780716,3301650000.0,0.16,1.4
2012-07-03,1374.02,-0.099807302467525,2116390000.0,0.16,1.4
2012-07-05,1367.58,0.14797668997198343,3041520000.0,0.16,1.4
2012-07-06,1354.68,-0.31371692940592766,2745140000.0,0.16,1.4
2012-07-09,1352.46,0.07166440412402153,2904860000.0,0.16,1.4
2012-07-10,1341.47,-0.4292655517347157,3470600000.0,0.16,1.4
2012-07-12,1334.76,0.061656094156205654,3654440000.0,0.16,1.4
2012-07-13,1356.78,0.1789372735656798,3212930000.0,0.16,1.4
2012-07-16,1353.64,0.10585650987923145,2862720000.0,0.16,1.4
2012-07-17,1363.67,0.0736596854403615,3566680000.0,0.16,1.4
2012-07-18,1372.78,-0.026309339329600334,3642630000.0,0.16,1.4
2012-07-19,1376.51,0.1227409178391099,4043360000.0,0.16,1.4
2012-07-20,1362.66,-0.14466169600685438,3925020000.0,0.16,1.4
2012-07-23,1350.52,-0.36329821310937405,3717180000.0,0.16,1.4
2012-07-24,1338.31,-0.03210717639220612,3891290000.0,0.16,1.4
2012-07-25,1337.89,0.28925851825624704,3719170000.0,0.16,1.4
2012-07-27,1385.97,-0.2036575824022293,4399010000.0,0.16,1.4
2012-07-31,1379.32,-0.2467886433005333,3821570000.0,0.16,1.4
2012-08-01,1375.32,0.07905969768762589,4440920000.0,0.13,1.7
2012-08-02,1365.0,0.15651926794089377,4193740000.0,0.13,1.7
2012-08-03,1390.99,-0.16343037877231836,3751170000.0,0.13,1.7
2012-08-06,1394.23,0.26328577442715567,3122050000.0,0.13,1.7
2012-08-07,1401.35,-0.1422753445804119,3682490000.0,0.13,1.7
2012-08-08,1402.22,-0.03860634627441565,3221790000.0,0.13,1.7
2012-08-09,1402.8,-0.3724314337596297,3119610000.0,0.13,1.7
2012-08-10,1405.87,-0.5815708674490452,2767980000.0,0.13,1.7
2012-08-13,1404.11,-0.03323046863079071,2499990000.0,0.13,1.7
2012-08-14,1403.93,-0.09584508035331965,2930900000.0,0.13,1.7
2012-08-15,1405.53,0.08449235620597999,2655750000.0,0.13,1.7
2012-08-16,1415.51,0.08287838008254766,3114100000.0,0.13,1.7
2012-08-17,1418.16,0.04136253520846367,2922990000.0,0.13,1.7
2012-08-20,1418.13,0.05362537084147334,2766320000.0,0.13,1.7
2012-08-21,1413.17,0.36087776099642116,3282950000.0,0.13,1.7
2012-08-22,1413.49,0.1093593891710043,3062690000.0,0.13,1.7
2012-08-23,1402.08,-0.002066010609269142,3008240000.0,0.13,1.7
2012-08-24,1411.13,0.1316346451640129,2598790000.0,0.13,1.7
2012-08-27,1410.44,-0.14928182081452437,2472500000.0,0.13,1.7
2012-08-28,1409.3,0.11000140383839607,2629090000.0,0.13,1.7
2012-08-29,1410.49,-0.00042923539876937866,2571220000.0,0.13,1.7
2012-08-30,1399.48,0.4350151587277651,2530280000.0,0.13,1.7
2012-08-31,1406.58,-0.32290718766550225,2938250000.0,0.13,1.7
2012-09-04,1404.94,-0.022709301114082335,3200310000.0,0.14,2.0
2012-09-05,1403.44,0.1137404702603817,3389110000.0,0.14,2.0
2012-09-07,1437.92,0.14427357725799084,3717620000.0,0.14,2.0
2012-09-10,1429.08,-0.06315424976249535,3223670000.0,0.14,2.0
2012-09-11,1433.56,-0.2381451427936554,3509630000.0,0.14,2.0
2012-09-12,1436.56,0.027568682096898556,3641200000.0,0.14,2.0
2012-09-13,1459.99,0.07549127812186877,4606550000.0,0.14,2.0
2012-09-14,1465.77,-0.31672077625989914,5041990000.0,0.14,2.0
2012-09-17,1461.19,-0.9215740021318197,3482430000.0,0.14,2.0
2012-09-18,1459.32,-0.1401684166242679,3377390000.0,0.14,2.0
2012-09-19,1461.05,-0.46090089343488216,3451360000.0,0.14,2.0
2012-09-20,1460.26,0.0950751081109047,3382520000.0,0.14,2.0
2012-09-21,1460.15,-0.0033082319423556328,4833870000.0,0.14,2.0
2012-09-24,1456.89,0.020260569949944813,3008920000.0,0.14,2.0
2012-09-25,1441.59,-0.09459942299872637,3739900000.0,0.14,2.0
2012-09-26,1433.32,0.06293635877470176,3565380000.0,0.14,2.0
2012-09-27,1447.15,0.04214243218302727,3150330000.0,0.14,2.0
2012-09-28,1440.67,-0.015902660254921232,3509230000.0,0.14,2.0
2012-10-01,1444.49,-0.18071831203997135,3505080000.0,0.16,2.2
2012-10-02,1445.75,-0.5125307347625494,3321790000.0,0.16,2.2
2012-10-03,1450.99,0.07814156264066696,3531640000.0,0.16,2.2
2012-10-04,1461.4,0.09620675072073936,3615860000.0,0.16,2.2
2012-10-05,1460.93,-0.3001459203660488,3172940000.0,0.16,2.2
2012-10-08,1455.88,-0.02007342129945755,2328720000.0,0.16,2.2
2012-10-09,1441.48,0.048493732299123495,3216320000.0,0.16,2.2
2012-10-10,1432.56,-0.14800025646885237,3225060000.0,0.16,2.2
2012-10-11,1432.84,-0.18105656063805023,3672540000.0,0.16,2.2
2012-10-12,1428.59,0.01618020562455058,3134750000.0,0.16,2.2
2012-10-15,1440.13,-0.16777317598462105,3483810000.0,0.16,2.2
2012-10-16,1454.92,0.003923919051885605,3568770000.0,0.16,2.2
2012-10-17,1460.91,-0.0011882799056669076,3655320000.0,0.16,2.2
2012-10-18,1457.34,-0.24223717829833427,3880030000.0,0.16,2.2
2012-10-19,1433.19,0.13519350718706846,3875170000.0,0.16,2.2
2012-10-22,1433.82,0.07116529233753681,3216220000.0,0.16,2.2
2012-10-23,1413.11,0.024896014481782913,3587670000.0,0.16,2.2
2012-10-24,1408.75,0.01678186058998108,3385970000.0,0.16,2.2
2012-10-25,1412.97,0.019574277568608522,3512640000.0,0.16,2.2
2012-10-26,1411.94,0.1996491476893425,3284910000.0,0.16,2.2
2012-10-31,1412.16,0.018660208210349083,3577110000.0,0.16,2.2
2012-11-01,1427.59,-0.0031229580442110696,3929890000.0,0.16,1.8
2012-11-02,1414.2,-0.4863969343714416,3732480000.0,0.16,1.8
2012-11-05,1417.26,0.42996003944426775,2921040000.0,0.16,1.8
2012-11-06,1428.39,0.8719322411343455,3306970000.0,0.16,1.8
2012-11-07,1394.53,-0.03128678382684787,4356490000.0,0.16,1.8
2012-11-08,1377.51,0.2963233212940395,3779520000.0,0.16,1.8
2012-11-09,1379.85,0.07030323194339871,3647350000.0,0.16,1.8
2012-11-12,1380.03,-0.15845027063041925,2567540000.0,0.16,1.8
2012-11-13,1374.53,-0.1517963521182537,3455550000.0,0.16,1.8
2012-11-14,1355.49,0.07477265619672835,4109510000.0,0.16,1.8
2012-11-15,1353.33,0.09085200820118189,3928870000.0,0.16,1.8
2012-11-16,1359.88,0.061632140229145684,4045910000.0,0.16,1.8
2012-11-19,1386.89,0.04279862530529499,3374800000.0,0.16,1.8
2012-11-20,1387.81,-0.17462388488153616,3207160000.0,0.16,1.8
2012-11-21,1391.03,0.023501063386599224,2667090000.0,0.16,1.8
2012-11-23,1409.15,-0.2344328643133243,1504960000.0,0.16,1.8
2012-11-26,1406.29,0.750289604999125,2948960000.0,0.16,1.8
2012-11-27,1398.94,0.2267174169421196,3323120000.0,0.16,1.8
2012-11-28,1409.93,-0.23877568170428276,3359250000.0,0.16,1.8
2012-11-29,1415.95,0.017793604638427496,3356850000.0,0.16,1.8
2012-11-30,1416.18,0.02235452700406313,3966000000.0,0.16,1.8
2012-12-03,1409.46,-0.23492642771452665,3074280000.0,0.16,1.7
2012-12-04,1407.05,-0.19446128383278846,3247710000.0,0.16,1.7
2012-12-05,1409.28,0.07894712835550308,4253920000.0,0.16,1.7
2012-12-06,1413.94,0.1269218059256673,3229700000.0,0.16,1.7
2012-12-07,1418.07,-0.30714569287374616,3125160000.0,0.16,1.7
2012-12-10,1418.55,0.05479536019265652,2999430000.0,0.16,1.7
2012-12-11,1427.84,0.04097720459103584,3650230000.0,0.16,1.7
2012-12-12,1428.48,-0.03920762939378619,3709050000.0,0.16,1.7
2012-12-13,1419.45,-0.0022819340229034424,3349960000.0,0.16,1.7
2012-12-14,1413.58,0.06134195579215884,3210170000.0,0.16,1.7
2012-12-17,1430.36,-0.8788256179541349,3455610000.0,0.16,1.7
2012-12-18,1446.79,0.03191019129008055,4302240000.0,0.16,1.7
2012-12-19,1435.81,-0.3807141836732626,3869800000.0,0.16,1.7
2012-12-20,1443.69,-0.20309533970430493,3686580000.0,0.16,1.7
2012-12-21,1430.15,-0.21238796785473824,5229160000.0,0.16,1.7
2012-12-24,1426.66,-0.06201867386698723,1248960000.0,0.16,1.7
2012-12-26,1419.83,0.027952801436185837,2285030000.0,0.16,1.7
2012-12-27,1418.1,0.17864731016258398,2830180000.0,0.16,1.7
2012-12-28,1402.43,-0.2577527680744727,2426680000.0,0.16,1.7
2013-01-02,1462.42,0.18324493896216154,4202600000.0,0.14,1.6
2013-01-03,1459.37,0.05840642377734184,3829730000.0,0.14,1.6
2013-01-04,1466.47,-0.06177281029522419,3424290000.0,0.14,1.6
2013-01-07,1461.89,0.12041478604078293,3304970000.0,0.14,1.6
2013-01-08,1457.15,-0.1167676467448473,3601600000.0,0.14,1.6
2013-01-09,1461.02,-0.2150942999869585,3674390000.0,0.14,1.6
2013-01-10,1472.12,-0.2501360202829043,4081840000.0,0.14,1.6
2013-01-11,1472.05,0.07100905198603868,3340650000.0,0.14,1.6
2013-01-14,1470.68,-0.11659197509288788,3003010000.0,0.14,1.6
2013-01-15,1472.34,0.0552405621856451,3135350000.0,0.14,1.6
2013-01-16,1472.63,-0.2778808046132326,3384080000.0,0.14,1.6
2013-01-17,1480.94,-0.026250844076275825,3706710000.0,0.14,1.6
2013-01-18,1485.98,-0.05376936495304108,3795740000.0,0.14,1.6
2013-01-22,1492.56,0.24646837217733264,3570950000.0,0.14,1.6
2013-01-23,1494.81,-0.19965226016938686,3552010000.0,0.14,1.6
2013-01-24,1494.82,-0.9122311696410179,3699430000.0,0.14,1.6
2013-01-25,1502.96,-0.08328024794658025,3476290000.0,0.14,1.6
2013-01-28,1500.18,0.5738607570528984,3388540000.0,0.14,1.6
2013-01-29,1507.84,-0.18193679163232446,3949640000.0,0.14,1.6
2013-01-30,1501.96,0.034770334139466286,3726810000.0,0.14,1.6
2013-01-31,1498.11,0.038103027579685055,3999880000.0,0.14,1.6
2013-02-01,1513.17,0.2126084603369236,3836320000.0,0.15,2.0
2013-02-04,1495.71,-0.014582855006059011,3390000000.0,0.15,2.0
2013-02-05,1511.29,-0.41440919740125537,3618360000.0,0.15,2.0
2013-02-06,1512.12,-0.3183473739773035,3611570000.0,0.15,2.0
2013-02-07,1509.39,-0.24431982599198818,3614580000.0,0.15,2.0
2013-02-08,1517.93,0.03248807539542516,2986150000.0,0.15,2.0
2013-02-11,1517.01,-0.040848325937986374,2684100000.0,0.15,2.0
2013-02-12,1519.43,-0.044556301552802324,3414370000.0,0.15,2.0
2013-02-13,1520.33,0.2555422680452466,3385880000.0,0.15,2.0
2013-02-14,1521.38,-0.21364124864339828,3759740000.0,0.15,2.0
2013-02-15,1519.79,0.09691286832094193,3838510000.0,0.15,2.0
2013-02-19,1530.94,-0.46426266711205244,3748910000.0,0.15,2.0
2013-02-20,1511.95,0.0970020703971386,4240570000.0,0.15,2.0
2013-02-21,1502.42,0.06292496311167876,4274600000.0,0.15,2.0
2013-02-22,1515.6,-0.3693311223760247,3419320000.0,0.15,2.0
2013-02-25,1487.85,-0.9003876782953739,4011050000.0,0.15,2.0
2013-02-26,1496.94,-0.07715512191255887,3975280000.0,0.15,2.0
2013-02-27,1515.99,0.0591283910907805,3551850000.0,0.15,2.0
2013-02-28,1514.68,-0.3694050209596753,3912320000.0,0.15,2.0
2013-03-01,1518.2,0.04649318235793284,3695610000.0,0.14,1.5
2013-03-04,1525.2,-0.47984427617241937,3414430000.0,0.14,1.5
2013-03-05,1539.79,0.11210788041353226,3610690000.0,0.14,1.5
2013-03-06,1541.46,0.04628331648806731,3676890000.0,0.14,1.5
2013-03-07,1544.26,0.05692682725687822,3634710000.0,0.14,1.5
2013-03-08,1551.18,0.4441584162414074,3652260000.0,0.14,1.5
2013-03-11,1556.22,0.005561882629990578,3091080000.0,0.14,1.5
2013-03-12,1552.48,0.022508956026285887,3274910000.0,0.14,1.5
2013-03-13,1554.52,-0.03896460744241873,3073830000.0,0.14,1.5
2013-03-14,1563.23,-0.27569297576944035,3459260000.0,0.14,1.5
2013-03-15,1560.7,0.030316390097141266,5175850000.0,0.14,1.5
2013-03-18,1552.1,0.021598393097519875,3164560000.0,0.14,1.5
2013-03-19,1548.34,0.03484155423939228,3796210000.0,0.14,1.5
2013-03-20,1558.71,-0.38162513449788094,3349090000.0,0.14,1.5
2013-03-21,1545.8,0.10403551696799695,3243270000.0,0.14,1.5
2013-03-22,1556.89,-0.06999138316937856,2948380000.0,0.14,1.5
2013-03-25,1551.69,0.02790993358939886,3178170000.0,0.14,1.5
2013-03-26,1563.77,0.9266174957156181,2869260000.0,0.14,1.5
2013-03-28,1569.19,-0.27704265620559454,3304440000.0,0.14,1.5
2013-04-01,1562.17,0.08879807544872165,2753110000.0,0.15,1.1
2013-04-02,1570.25,0.38008271623402834,3312160000.0,0.15,1.1
2013-04-03,1553.69,-0.2822385746985674,4060610000.0,0.15,1.1
2013-04-04,1559.98,0.22659403015859425,3350670000.0,0.15,1.1
2013-04-05,1553.28,-0.05327339842915535,3515410000.0,0.15,1.1
2013-04-08,1563.07,-0.4508506041020155,2887120000.0,0.15,1.1
2013-04-09,1568.61,-0.39829648472368717,3252780000.0,0.15,1.1
2013-04-10,1587.73,0.07006610045209527,3453350000.0,0.15,1.1
2013-04-11,1593.37,-0.04412962030619383,3393950000.0,0.15,1.1
2013-04-12,1588.85,-0.31063492931425574,3206290000.0,0.15,1.1
2013-04-15,1552.36,-0.22692459635436535,4660130000.0,0.15,1.1
2013-04-16,1574.57,0.06218603005011877,3654700000.0,0.15,1.1
2013-04-17,1552.01,-0.0003148249040047328,4250310000.0,0.15,1.1
2013-04-18,1541.61,0.04252957925200462,3890800000.0,0.15,1.1
2013-04-19,1555.25,0.07896053791046143,3569870000.0,0.15,1.1
2013-04-22,1562.5,0.05883504077792168,2979880000.0,0.15,1.1
2013-04-23,1578.78,-0.40637729316949844,3565150000.0,0.15,1.1
2013-04-24,1578.79,-0.1681221971909205,3598240000.0,0.15,1.1
2013-04-25,1585.16,0.1622819358482957,3908580000.0,0.15,1.1
2013-04-26,1582.24,0.061174810864031315,3198620000.0,0.15,1.1
2013-04-29,1593.61,0.33020735438913107,2891200000.0,0.15,1.1
2013-04-30,1597.57,0.04103305842727423,3745070000.0,0.15,1.1
2013-05-01,1582.7,-0.23713280679658055,3530320000.0,0.11,1.4
2013-05-02,1597.59,0.334386620670557,3366950000.0,0.11,1.4
2013-05-03,1614.42,-0.01967846229672432,3603910000.0,0.11,1.4
2013-05-07,1625.96,0.3331352770328522,3309580000.0,0.11,1.4
2013-05-08,1632.69,-0.155157090164721,3554700000.0,0.11,1.4
2013-05-09,1626.67,-0.3325107463945945,3457400000.0,0.11,1.4
2013-05-10,1633.7,0.2641625748947263,3086470000.0,0.11,1.4
2013-05-13,1633.77,-0.08633128056923549,2910600000.0,0.11,1.4
2013-05-14,1650.34,-0.01728635172670086,3457790000.0,0.11,1.4
2013-05-15,1658.78,0.15447548404335976,3657440000.0,0.11,1.4
2013-05-16,1650.47,-0.2765598092228174,3513130000.0,0.11,1.4
2013-05-17,1667.47,-0.18395892158150673,3440710000.0,0.11,1.4
2013-05-20,1666.29,0.042274567764252424,3275080000.0,0.11,1.4
2013-05-21,1669.16,0.24371787393465638,3513560000.0,0.11,1.4
2013-05-22,1655.35,0.046883586794137955,4361020000.0,0.11,1.4
2013-05-23,1650.51,0.04862370062619448,3945510000.0,0.11,1.4
2013-05-24,1649.6,0.13400155655108392,2758080000.0,0.11,1.4
2013-05-28,1660.06,-0.0201730455737561,3457400000.0,0.11,1.4
2013-05-29,1648.36,0.17133411020040512,3587140000.0,0.11,1.4
2013-05-30,1654.41,-0.0332529341802001,3498620000.0,0.11,1.4
2013-05-31,1630.74,-0.8603406269103289,4099600000.0,0.11,1.4
2013-06-04,1631.38,-0.030381216667592525,3653840000.0,0.09,1.8
2013-06-05,1608.9,-0.22152662207372487,3632350000.0,0.09,1.8
2013-06-06,1622.56,0.10344962651530902,3547380000.0,0.09,1.8
2013-06-07,1643.38,0.04162443429231644,3371990000.0,0.09,1.8
2013-06-10,1642.81,0.04217934235930443,2978730000.0,0.09,1.8
2013-06-11,1626.13,-0.03978181009491285,3435710000.0,0.09,1.8
2013-06-12,1612.52,0.5530258466800054,3202550000.0,0.09,1.8
2013-06-13,1636.36,-0.25542702836294967,3378620000.0,0.09,1.8
2013-06-14,1626.73,-0.016231244429945946,2939400000.0,0.09,1.8
2013-06-17,1639.04,-0.5059876516461372,3137080000.0,0.09,1.8
2013-06-18,1651.81,0.07591992958138387,3120980000.0,0.09,1.8
2013-06-19,1628.93,-0.06588235000769298,3545060000.0,0.09,1.8
2013-06-20,1588.19,0.01588765298947692,4858850000.0,0.09,1.8
2013-06-21,1592.43,-0.5678326752968132,5797280000.0,0.09,1.8
2013-06-24,1573.09,0.19021443029244742,4733660000.0,0.09,1.8
2013-06-25,1588.03,0.18490109452977777,3761170000.0,0.09,1.8
2013-06-26,1603.26,-0.0062580108642578125,3558340000.0,0.09,1.8
2013-06-27,1613.2,0.04406818654388189,3364540000.0,0.09,1.8
2013-06-28,1606.28,0.03506308111051718,4977190000.0,0.09,1.8
2013-07-01,1614.96,-0.722881143912673,3104690000.0,0.09,2.0
2013-07-02,1614.08,0.08411119971424341,3317130000.0,0.09,2.0
2013-07-03,1615.41,-0.22764750346541404,1966050000.0,0.09,2.0
2013-07-05,1631.89,0.03275319840759039,2634140000.0,0.09,2.0
2013-07-08,1640.46,0.015447293408215046,3514590000.0,0.09,2.0
2013-07-09,1652.32,-0.08727576831976573,3155360000.0,0.09,2.0
2013-07-10,1652.62,0.06816860125400126,3011010000.0,0.09,2.0
2013-07-12,1680.19,-0.39603745471686125,3039070000.0,0.09,2.0
2013-07-15,1682.5,0.008031262084841728,2623200000.0,0.09,2.0
2013-07-16,1676.26,-0.259182193937401,3081710000.0,0.09,2.0
2013-07-17,1680.91,0.3138199009001255,3153440000.0,0.09,2.0
2013-07-18,1689.37,0.4508316870778799,3452370000.0,0.09,2.0
2013-07-19,1692.09,-0.009761147201061249,3302580000.0,0.09,2.0
2013-07-22,1695.53,0.25380321964621544,2779130000.0,0.09,2.0
2013-07-23,1692.39,0.2160063860937953,3096180000.0,0.09,2.0
2013-07-24,1685.94,0.10044579464010894,3336120000.0,0.09,2.0
2013-07-26,1691.65,-0.13060178980231285,2762770000.0,0.09,2.0
2013-07-29,1685.33,-0.1206336102137963,2840520000.0,0.09,2.0
2013-07-30,1685.96,-0.6618476398289204,3320530000.0,0.09,2.0
2013-07-31,1685.73,-0.41835577972233295,3847390000.0,0.09,2.0
2013-08-01,1706.87,0.34705527996023494,3775170000.0,0.08,1.5
2013-08-05,1707.14,-0.6805426036007702,2529300000.0,0.08,1.5
2013-08-06,1697.37,0.011847477095822493,3141210000.0,0.08,1.5
2013-08-07,1690.91,0.22421274497173727,3010230000.0,0.08,1.5
2013-08-08,1697.48,-0.10290841106325388,3271660000.0,0.08,1.5
2013-08-09,1691.42,-0.0643838825635612,2957670000.0,0.08,1.5
2013-08-12,1689.47,-0.20152273029088974,2789160000.0,0.08,1.5
2013-08-13,1694.16,0.06190531328320503,3035560000.0,0.08,1.5
2013-08-14,1685.39,-0.014517873525619507,2871430000.0,0.08,1.5
2013-08-15,1661.32,0.0685067605227232,3426690000.0,0.08,1.5
2013-08-16,1655.83,0.09008337889931031,3211450000.0,0.08,1.5
2013-08-19,1646.06,-0.17424644902348518,2904530000.0,0.08,1.5
2013-08-20,1652.35,0.049107130616903305,2994090000.0,0.08,1.5
2013-08-21,1642.8,0.06904759195943673,2932180000.0,0.08,1.5
2013-08-22,1656.96,-0.06335560915370782,2537460000.0,0.08,1.5
2013-08-23,1663.5,0.011200274107977748,2582670000.0,0.08,1.5
2013-08-26,1656.78,0.018748044967651367,2430670000.0,0.08,1.5
2013-08-27,1630.48,-0.10560431517660618,3219190000.0,0.08,1.5
2013-08-28,1634.96,-0.42815622221678495,2784010000.0,0.08,1.5
2013-08-29,1638.17,0.2688082242384553,2527550000.0,0.08,1.5
2013-08-30,1632.97,-0.05154566513374448,2734300000.0,0.08,1.5
2013-09-03,1639.77,-0.030493985395878553,3731610000.0,0.08,1.2
2013-09-04,1653.08,0.12920816452242434,3312150000.0,0.08,1.2
2013-09-05,1655.08,0.012018391862511635,2957110000.0,0.08,1.2
2013-09-06,1655.17,0.014446143619716167,3123880000.0,0.08,1.2
2013-09-10,1683.99,-0.30942174419760704,3691800000.0,0.08,1.2
2013-09-11,1689.13,-0.08385548158548772,3135460000.0,0.08,1.2
2013-09-12,1683.42,0.0748788844794035,3106290000.0,0.08,1.2
2013-09-13,1687.99,0.02802756242454052,2736500000.0,0.08,1.2
2013-09-16,1697.6,0.08508126577362418,3079800000.0,0.08,1.2
2013-09-17,1704.76,0.18730991442377368,2774240000.0,0.08,1.2
2013-09-18,1725.52,0.3641843283548951,3989760000.0,0.08,1.2
2013-09-19,1722.34,0.06229449082165957,3740130000.0,0.08,1.2
2013-09-20,1709.91,0.11421254416927695,5074030000.0,0.08,1.2
2013-09-23,1701.84,-0.03352050110697746,3126950000.0,0.08,1.2
2013-09-24,1697.42,-0.1718953074887395,3268930000.0,0.08,1.2
2013-09-25,1692.77,0.08065393986180425,3148730000.0,0.08,1.2
2013-09-26,1698.67,0.15088500268757343,2813930000.0,0.08,1.2
2013-09-27,1691.75,-0.016827364452183247,2951700000.0,0.08,1.2
2013-09-30,1681.55,0.1798413772135973,3308630000.0,0.08,1.2
2013-10-01,1695.0,0.13995535671710968,3238690000.0,0.09,1.0
2013-10-02,1693.87,0.07820996502414346,3148600000.0,0.09,1.0
2013-10-03,1678.66,-0.14999841898679733,3279650000.0,0.09,1.0
2013-10-04,1690.5,0.0430390564724803,2880270000.0,0.09,1.0
2013-10-07,1676.12,-0.21243051315347353,2678490000.0,0.09,1.0
2013-10-08,1655.45,-0.0024735499173402786,3569230000.0,0.09,1.0
2013-10-09,1656.4,-0.06210365022222201,3577840000.0,0.09,1.0
2013-10-10,1692.56,0.29099687468260527,3362300000.0,0.09,1.0
2013-10-11,1703.2,0.0033490133161346116,2944670000.0,0.09,1.0
2013-10-14,1710.14,0.4047698453068733,2580580000.0,0.09,1.0
2013-10-15,1698.06,0.26740209544077514,3327740000.0,0.09,1.0
2013-10-16,1721.54,0.007509770182271798,3486180000.0,0.09,1.0
2013-10-17,1733.15,-0.11443854977066319,3453590000.0,0.09,1.0
2013-10-18,1744.5,-0.11659793617824714,3664890000.0,0.09,1.0
2013-10-22,1754.67,-0.25494569912552834,3850840000.0,0.09,1.0
2013-10-23,1746.38,0.05721217766404152,3713380000.0,0.09,1.0
2013-10-24,1752.07,-0.2971305502578616,3671700000.0,0.09,1.0
2013-10-25,1759.77,-0.142883057333529,3175720000.0,0.09,1.0
2013-10-28,1762.11,0.34025834826752543,3282300000.0,0.09,1.0
2013-10-29,1771.95,0.05308396462351084,3358460000.0,0.09,1.0
2013-10-30,1763.31,0.23200335749424994,3523040000.0,0.09,1.0
2013-10-31,1756.54,-0.005105716176331043,3826530000.0,0.09,1.0
2013-11-01,1761.64,-0.11269505508244038,3686290000.0,0.08,1.2
2013-11-04,1767.93,0.11742857284843922,3194870000.0,0.08,1.2
2013-11-05,1762.97,0.03373150248080492,3516680000.0,0.08,1.2
2013-11-06,1770.49,0.1632559923455119,3322100000.0,0.08,1.2
2013-11-07,1747.15,-0.10799896748115619,4143200000.0,0.08,1.2
2013-11-08,1770.61,0.020474953204393388,3837170000.0,0.08,1.2
2013-11-11,1771.89,0.20310595196982226,2534060000.0,0.08,1.2
2013-11-12,1767.69,-0.00982652883976698,3221030000.0,0.08,1.2
2013-11-13,1782.0,0.13594800215214492,3327480000.0,0.08,1.2
2013-11-14,1790.62,0.1453844163333997,3139060000.0,0.08,1.2
2013-11-15,1798.18,0.028076489455997944,3254820000.0,0.08,1.2
2013-11-18,1791.53,0.25572478235699236,3168520000.0,0.08,1.2
2013-11-19,1787.87,-0.1473451410420239,3224450000.0,0.08,1.2
2013-11-20,1781.37,0.09310884904116393,3109140000.0,0.08,1.2
2013-11-21,1795.85,-0.1812744407604138,3256630000.0,0.08,1.2
2013-11-22,1804.76,-0.11712360087161262,3055140000.0,0.08,1.2
2013-11-25,1802.48,0.06920805821816127,2998540000.0,0.08,1.2
2013-11-26,1802.75,-0.20955533422529699,3427120000.0,0.08,1.2
2013-11-27,1807.23,0.31291517056524754,2613590000.0,0.08,1.2
2013-12-02,1800.9,0.1993110626935959,3095430000.0,0.09,1.5
2013-12-03,1795.15,0.00638127326965332,3475680000.0,0.09,1.5
2013-12-04,1792.81,0.11346485745161772,3610540000.0,0.09,1.5
2013-12-05,1785.03,0.04621715843677521,3336880000.0,0.09,1.5
2013-12-06,1805.09,-0.07562878914177418,3150030000.0,0.09,1.5
2013-12-09,1808.37,0.11552437705298264,3129500000.0,0.09,1.5
2013-12-10,1802.62,-0.028515853608647983,3117150000.0,0.09,1.5
2013-12-11,1782.22,0.027080331929028034,3472240000.0,0.09,1.5
2013-12-12,1775.5,-0.07365993022297819,3306640000.0,0.09,1.5
2013-12-13,1775.32,-0.009557930752635002,3061070000.0,0.09,1.5
2013-12-16,1786.54,0.09287881478667259,3209890000.0,0.09,1.5
2013-12-17,1781.0,-0.22017452726140618,3270030000.0,0.09,1.5
2013-12-18,1810.65,-0.07132188541193803,4327770000.0,0.09,1.5
2013-12-19,1809.6,0.106048879524072,3497210000.0,0.09,1.5
2013-12-20,1818.32,-0.16732034739106894,5097700000.0,0.09,1.5
2013-12-23,1827.99,-0.17146783620119094,2851540000.0,0.09,1.5
2013-12-24,1833.32,0.034758816162745156,1307630000.0,0.09,1.5
2013-12-30,1841.07,-0.540667274966836,2293860000.0,0.09,1.5
2013-12-31,1848.36,0.2875046171247959,2312840000.0,0.09,1.5
2014-01-02,1831.98,-0.259626704081893,3080600000.0,0.07,1.6
2014-01-03,1831.37,0.1635926365852356,2774270000.0,0.07,1.6
2014-01-06,1826.77,-0.10994451716542245,3294850000.0,0.07,1.6
2014-01-07,1837.88,0.317070837598294,3511750000.0,0.07,1.6
2014-01-08,1837.49,0.045191057957708836,3652140000.0,0.07,1.6
2014-01-09,1838.13,0.26818059167514247,3581150000.0,0.07,1.6
2014-01-10,1842.37,0.1466172132641077,3335710000.0,0.07,1.6
2014-01-13,1819.2,-0.3554658306141694,3591350000.0,0.07,1.6
2014-01-15,1848.38,0.01106628713508447,3777800000.0,0.07,1.6
2014-01-16,1845.89,0.024058440700173378,3491310000.0,0.07,1.6
2014-01-17,1838.7,-0.01614362047985196,3626120000.0,0.07,1.6
2014-01-22,1844.86,-0.011604655161499977,3374170000.0,0.07,1.6
2014-01-23,1828.46,-0.0636486024595797,3972250000.0,0.07,1.6
2014-01-24,1790.29,-0.2080147716527184,4618450000.0,0.07,1.6
2014-01-27,1781.56,0.035629394464194775,4045200000.0,0.07,1.6
2014-01-28,1792.5,0.029386325428883236,3437830000.0,0.07,1.6
2014-01-30,1794.19,0.14889488741755486,3547510000.0,0.07,1.6
2014-01-31,1782.59,-0.5888992071151733,4059690000.0,0.07,1.6
2014-02-03,1741.89,-0.42381661422550676,4726040000.0,0.07,1.1
2014-02-04,1755.2,-0.13104066252708435,4068410000.0,0.07,1.1
2014-02-05,1751.64,0.08807540747026603,3984290000.0,0.07,1.1
2014-02-06,1773.43,0.12724290415644646,3825410000.0,0.07,1.1
2014-02-07,1797.02,-0.0028171539306640625,3775990000.0,0.07,1.1
2014-02-11,1819.75,-0.15205777746935686,3699380000.0,0.07,1.1
2014-02-12,1819.26,0.03426302783191204,3326380000.0,0.07,1.1
2014-02-13,1829.83,0.03267685114406049,3289510000.0,0.07,1.1
2014-02-14,1838.63,-0.11812525521963835,3114750000.0,0.07,1.1
2014-02-18,1840.76,-0.014938213862478733,3421110000.0,0.07,1.1
2014-02-19,1828.75,0.3468444496393204,3661570000.0,0.07,1.1
2014-02-20,1839.78,0.3044720080991586,3404980000.0,0.07,1.1
2014-02-21,1836.25,-0.7458069860003889,3403880000.0,0.07,1.1
2014-02-24,1847.61,-0.3041679362456004,4014530000.0,0.07,1.1
2014-02-25,1845.12,0.026384993145863216,3515560000.0,0.07,1.1
2014-02-26,1845.16,0.1070339772850275,3716730000.0,0.07,1.1
2014-02-27,1854.29,0.4680948192253709,3547460000.0,0.07,1.1
2014-02-28,1859.45,-0.18615336130772317,3917450000.0,0.07,1.1
2014-03-03,1845.73,0.007683203245202701,3428220000.0,0.08,1.5
2014-03-04,1873.91,-0.2216407903470099,3765770000.0,0.08,1.5
2014-03-05,1873.81,-0.6591172777116299,3392990000.0,0.08,1.5
2014-03-06,1877.03,-0.06937578823417426,3360450000.0,0.08,1.5
2014-03-07,1878.04,-0.4400605283677578,3564740000.0,0.08,1.5
2014-03-10,1877.17,-0.3499235251918435,3021350000.0,0.08,1.5
2014-03-11,1867.63,-0.1801716759800911,3392400000.0,0.08,1.5
2014-03-12,1868.2,-0.4583866619504988,3270860000.0,0.08,1.5
2014-03-13,1846.34,-0.21994543098844588,3670990000.0,0.08,1.5
2014-03-14,1841.13,-0.13204603791236877,3285460000.0,0.08,1.5
2014-03-17,1858.83,0.04427487030625343,2860490000.0,0.08,1.5
2014-03-18,1872.25,-0.1508390111848712,2930190000.0,0.08,1.5
2014-03-19,1860.77,0.20965448146065077,3289210000.0,0.08,1.5
2014-03-21,1866.52,-0.17867385471860567,5270710000.0,0.08,1.5
2014-03-24,1857.44,-0.21467355079948902,3409000000.0,0.08,1.5
2014-03-25,1865.62,0.5736830001696944,3200560000.0,0.08,1.5
2014-03-26,1852.56,0.039308122758354457,3480850000.0,0.08,1.5
2014-03-27,1849.04,0.0037894882261753082,3733430000.0,0.08,1.5
2014-03-28,1857.62,-0.05965181440114975,2955520000.0,0.08,1.5
2014-03-31,1872.34,0.14636680266509453,3274300000.0,0.08,1.5
2014-04-01,1885.52,0.17410660881016934,3336190000.0,0.09,2.0
2014-04-02,1890.9,0.008969498798251152,3131660000.0,0.09,2.0
2014-04-03,1888.77,-0.009782937355339527,3055600000.0,0.09,2.0
2014-04-04,1865.09,-0.550507677718997,3583750000.0,0.09,2.0
2014-04-07,1845.04,-0.4471169733442366,3801540000.0,0.09,2.0
2014-04-08,1851.96,0.0338901411741972,3721450000.0,0.09,2.0
2014-04-09,1872.18,-0.2944751661270857,3308650000.0,0.09,2.0
2014-04-10,1833.08,-0.0023245327174663544,3758780000.0,0.09,2.0
2014-04-11,1815.69,0.3288800627924502,3743460000.0,0.09,2.0
2014-04-14,1830.61,-0.18244828023016452,3111540000.0,0.09,2.0
2014-04-15,1842.98,-0.31174490638077257,3736440000.0,0.09,2.0
2014-04-16,1862.31,0.04558424185961485,3155080000.0,0.09,2.0
2014-04-17,1864.85,0.24844716225440303,3341430000.0,0.09,2.0
2014-04-21,1871.89,-0.13601227616891265,2642500000.0,0.09,2.0
2014-04-22,1879.55,-0.4724379125982523,3215440000.0,0.09,2.0
2014-04-23,1875.39,0.04676077018181483,3085720000.0,0.09,2.0
2014-04-24,1878.61,0.09714863759775956,3191830000.0,0.09,2.0
2014-04-25,1863.4,-0.020711401104927064,3213020000.0,0.09,2.0
2014-04-28,1869.43,0.01108008436858654,4034680000.0,0.09,2.0
2014-04-29,1878.33,0.014043580740690231,3647820000.0,0.09,2.0
2014-04-30,1883.95,0.08958597294986248,3779230000.0,0.09,2.0
2014-05-01,1883.68,0.01166212186217308,3416740000.0,0.09,2.1
2014-05-02,1881.14,-0.062067368254065516,3159560000.0,0.09,2.1
2014-05-05,1884.66,-0.13466347195208073,2733730000.0,0.09,2.1
2014-05-06,1867.72,0.2462825020775199,3327260000.0,0.09,2.1
2014-05-07,1878.21,0.16502850285420814,3632950000.0,0.09,2.1
2014-05-08,1875.63,-0.06458617653697729,3393420000.0,0.09,2.1
2014-05-09,1878.48,0.04664900774757067,3025020000.0,0.09,2.1
2014-05-12,1896.65,0.006367082086702188,3005740000.0,0.09,2.1
2014-05-13,1897.45,0.40288692666217685,2915680000.0,0.09,2.1
2014-05-14,1888.53,0.01954140840098262,2822060000.0,0.09,2.1
2014-05-15,1870.85,0.17605154514312743,3552640000.0,0.09,2.1
2014-05-19,1885.08,-0.3146555652841926,2664250000.0,0.09,2.1
2014-05-20,1872.83,0.003992221783846617,3007700000.0,0.09,2.1
2014-05-21,1888.03,0.11047118902206421,2777140000.0,0.09,2.1
2014-05-22,1892.49,-0.05735910373429457,2759800000.0,0.09,2.1
2014-05-23,1900.53,0.025256465056112835,2396280000.0,0.09,2.1
2014-05-27,1911.91,-0.18708553374744952,2911020000.0,0.09,2.1
2014-05-28,1909.78,0.0031966796765724816,2976450000.0,0.09,2.1
2014-05-29,1920.03,-0.2157933230822285,2709050000.0,0.09,2.1
2014-05-30,1923.57,0.02822539396584034,3263490000.0,0.09,2.1
2014-06-02,1924.97,0.0461499304510653,2509020000.0,0.1,2.1
2014-06-03,1924.24,-0.26928721213092405,2867180000.0,0.1,2.1
2014-06-04,1927.88,0.16660865396261215,2793920000.0,0.1,2.1
2014-06-05,1940.46,-0.042407595086842775,3113270000.0,0.1,2.1
2014-06-06,1949.44,0.083842808380723,2864300000.0,0.1,2.1
2014-06-09,1951.27,-0.053907628481586777,2812180000.0,0.1,2.1
2014-06-10,1950.79,-0.018887991784140468,2702360000.0,0.1,2.1
2014-06-11,1943.89,-0.39627639918277663,2710620000.0,0.1,2.1
2014-06-12,1930.11,0.07079540425911546,3040480000.0,0.1,2.1
2014-06-13,1936.16,-0.020100752512613933,2598230000.0,0.1,2.1
2014-06-16,1937.78,0.351090244948864,2926130000.0,0.1,2.1
2014-06-17,1941.99,0.049754087813198566,2971260000.0,0.1,2.1
2014-06-18,1956.98,-0.29246473498642445,3065220000.0,0.1,2.1
2014-06-19,1959.48,-0.28303441107273103,2952150000.0,0.1,2.1
2014-06-20,1962.87,0.01600429369136691,4336240000.0,0.1,2.1
2014-06-23,1962.61,-0.22334065474569798,2717630000.0,0.1,2.1
2014-06-24,1949.98,0.1309304339811206,3089700000.0,0.1,2.1
2014-06-25,1959.53,0.04979144191990296,3106710000.0,0.1,2.1
2014-06-26,1957.22,0.017677019350230694,2778840000.0,0.1,2.1
2014-06-27,1960.96,-0.47287856694310904,4290590000.0,0.1,2.1
2014-06-30,1960.23,0.5837696194648743,3037350000.0,0.1,2.1
2014-07-01,1973.32,-0.2721277461387217,3188240000.0,0.09,2.0
2014-07-02,1974.62,0.11859648078680038,2851480000.0,0.09,2.0
2014-07-03,1985.44,0.07292005084455014,1998090000.0,0.09,2.0
2014-07-07,1977.65,0.01978871412575245,2681260000.0,0.09,2.0
2014-07-08,1963.71,-0.26666647344827654,3302430000.0,0.09,2.0
2014-07-09,1972.83,0.20851732324808836,2858800000.0,0.09,2.0
2014-07-10,1964.68,-0.24208861030638218,3165690000.0,0.09,2.0
2014-07-11,1967.57,0.13982998440042138,2684630000.0,0.09,2.0
2014-07-14,1977.1,0.02441917099058628,2744920000.0,0.09,2.0
2014-07-15,1973.28,0.0698203556239605,3328740000.0,0.09,2.0
2014-07-16,1981.57,0.2906057422515005,3390950000.0,0.09,2.0
2014-07-17,1958.12,-0.06590491384267808,3381680000.0,0.09,2.0
2014-07-18,1978.22,-0.11067786626517773,3106060000.0,0.09,2.0
2014-07-21,1973.63,0.06167135387659073,2611160000.0,0.09,2.0
2014-07-22,1983.53,0.12579130791127682,2890480000.0,0.09,2.0
2014-07-23,1987.01,0.012517314404249191,2869720000.0,0.09,2.0
2014-07-24,1987.98,0.00411408394575119,3203530000.0,0.09,2.0
2014-07-25,1978.34,-0.3048718352802098,2638960000.0,0.09,2.0
2014-07-28,1978.91,0.10990482568740845,2803320000.0,0.09,2.0
2014-07-29,1969.95,-0.27256875050564605,3183300000.0,0.09,2.0
2014-07-30,1970.07,0.007220669649541378,3448250000.0,0.09,2.0
2014-07-31,1930.67,-0.41173783293925226,4193000000.0,0.09,2.0
2014-08-01,1925.15,-0.28762598522007465,3789660000.0,0.09,1.7
2014-08-04,1938.99,0.01712423749268055,3072920000.0,0.09,1.7
2014-08-05,1920.21,0.08880243667711814,3462520000.0,0.09,1.7
2014-08-06,1920.24,-0.18396055325865746,3539150000.0,0.09,1.7
2014-08-07,1909.57,-0.0051249383017420765,3230520000.0,0.09,1.7
2014-08-08,1931.59,0.11251682927832007,2902280000.0,0.09,1.7
2014-08-11,1936.92,0.5212175287306309,2784890000.0,0.09,1.7
2014-08-12,1933.75,0.049223302863538265,2611700000.0,0.09,1.7
2014-08-13,1946.72,0.11388687863945961,2718020000.0,0.09,1.7
2014-08-14,1955.18,0.004201469632486503,2609460000.0,0.09,1.7
2014-08-15,1955.06,-0.005184772113958995,3023380000.0,0.09,1.7
2014-08-18,1971.74,-0.06204320350661874,2638160000.0,0.09,1.7
2014-08-19,1981.6,0.0005445556404689947,2656430000.0,0.09,1.7
2014-08-20,1986.51,-0.02252439595758915,2579560000.0,0.09,1.7
2014-08-21,1992.37,0.5970128625631332,2638920000.0,0.09,1.7
2014-08-22,1988.4,0.010891413937012354,2301860000.0,0.09,1.7
2014-08-25,1997.92,-0.09632083276907603,2233880000.0,0.09,1.7
2014-08-26,2000.02,0.06068491488695145,2451950000.0,0.09,1.7
2014-08-28,1996.74,-0.3012829582827787,2282400000.0,0.09,1.7
2014-08-29,2003.37,0.05062861135229468,2259130000.0,0.09,1.7
2014-09-02,2002.28,-0.2385738743469119,2819980000.0,0.09,1.7
2014-09-03,2000.72,-0.32612848716477555,2809980000.0,0.09,1.7
2014-09-04,1997.65,-0.12597769312560558,3072410000.0,0.09,1.7
2014-09-05,2007.71,0.0013827489068110783,2818300000.0,0.09,1.7
2014-09-08,2001.54,0.1415077591314912,2789090000.0,0.09,1.7
2014-09-09,1988.44,-0.06623820420354605,2882830000.0,0.09,1.7
2014-09-10,1995.69,-0.522615909576416,2912430000.0,0.09,1.7
2014-09-11,1997.45,0.17464655674993992,2941690000.0,0.09,1.7
2014-09-12,1985.54,-0.009094791021198034,3206570000.0,0.09,1.7
2014-09-15,1984.13,-0.02356768399477005,2776530000.0,0.09,1.7
2014-09-16,1998.98,0.002547257180724825,3160310000.0,0.09,1.7
2014-09-17,2001.57,0.02846290497109294,3209420000.0,0.09,1.7
2014-09-18,2011.36,0.09319636225700378,3235340000.0,0.09,1.7
2014-09-19,2010.4,0.022380700645347435,4880220000.0,0.09,1.7
2014-09-23,1982.77,-0.010408088332042098,3279350000.0,0.09,1.7
2014-09-24,1998.3,-0.10640809684991837,3313850000.0,0.09,1.7
2014-09-25,1965.99,-0.4072557929903269,3273050000.0,0.09,1.7
2014-09-26,1982.85,-0.19401919965942702,2929440000.0,0.09,1.7
2014-09-29,1977.8,0.3202136792242527,3094440000.0,0.09,1.7
2014-09-30,1972.29,-0.2592644894806047,3951100000.0,0.09,1.7
2014-10-01,1946.16,0.2837041874881834,4188590000.0,0.09,1.7
2014-10-02,1946.17,-0.3134324724475543,4012510000.0,0.09,1.7
2014-10-03,1967.9,0.476401278283447,3560970000.0,0.09,1.7
2014-10-06,1964.82,-0.36421920522116125,3358220000.0,0.09,1.7
2014-10-07,1935.1,-0.10976593755185604,3687870000.0,0.09,1.7
2014-10-08,1968.89,0.01584434447189172,4441890000.0,0.09,1.7
2014-10-09,1928.21,0.10218381918966771,4344020000.0,0.09,1.7
2014-10-10,1906.13,-0.02033811528235674,4550540000.0,0.09,1.7
2014-10-13,1874.74,-0.23438831325620413,4352580000.0,0.09,1.7
2014-10-14,1877.7,0.05505009352539977,4812010000.0,0.09,1.7
2014-10-15,1862.49,-0.28271325898822397,6090800000.0,0.09,1.7
2014-10-17,1886.76,0.18528457917273045,4482120000.0,0.09,1.7
2014-10-20,1904.01,-0.0329614852865537,3331210000.0,0.09,1.7
2014-10-21,1941.28,0.04276131186634302,3987090000.0,0.09,1.7
2014-10-22,1927.11,0.023522475734353065,3761930000.0,0.09,1.7
2014-10-23,1950.82,-0.0025957346494708744,3789250000.0,0.09,1.7
2014-10-24,1964.58,0.0389723633415997,3078380000.0,0.09,1.7
2014-10-27,1961.63,0.10744353073338668,3538860000.0,0.09,1.7
2014-10-28,1985.05,-0.5612303499753276,3653260000.0,0.09,1.7
2014-10-29,1982.3,-0.026287890349825222,3740350000.0,0.09,1.7
2014-10-30,1994.65,0.48327913228422403,3586150000.0,0.09,1.7
2014-10-31,2018.05,0.11063368432223797,4292290000.0,0.09,1.7
2014-11-03,2017.81,-0.156648655111591,3555440000.0,0.09,1.3
2014-11-04,2012.1,0.0023201871663331985,3956260000.0,0.09,1.3
2014-11-05,2023.57,0.015337564051151276,3766590000.0,0.09,1.3
2014-11-06,2031.21,0.3282529260031879,3669770000.0,0.09,1.3
2014-11-07,2031.92,0.004484903067350388,3704280000.0,0.09,1.3
2014-11-10,2038.26,-0.19566447474062443,3284940000.0,0.09,1.3
2014-11-11,2039.68,0.22181998348484436,2958320000.0,0.09,1.3
2014-11-12,2038.25,-0.03583992179483175,3246650000.0,0.09,1.3
2014-11-13,2039.33,0.04457473196089268,3455270000.0,0.09,1.3
2014-11-14,2039.82,0.016134907957166433,3227130000.0,0.09,1.3
2014-11-17,2041.32,0.0786322820931673,3152890000.0,0.09,1.3
2014-11-18,2051.8,0.06252834262947242,3416190000.0,0.09,1.3
2014-11-19,2048.72,-0.4417802393436432,3390850000.0,0.09,1.3
2014-11-20,2052.75,0.10044023708906025,3128290000.0,0.09,1.3
2014-11-21,2063.5,0.040715866101284824,3916420000.0,0.09,1.3
2014-11-24,2069.41,-0.20242862030863762,3128060000.0,0.09,1.3
2014-11-25,2067.03,0.05078465770930052,3392940000.0,0.09,1.3
2014-11-26,2072.83,-0.006032325327396393,2745260000.0,0.09,1.3
2014-11-28,2067.56,-0.1084994284901768,2504640000.0,0.09,1.3
2014-12-01,2053.44,-0.010634686797857285,4159010000.0,0.12,0.8
2014-12-02,2066.55,0.057120791946848236,3686650000.0,0.12,0.8
2014-12-03,2074.33,-0.32153205992653966,3612680000.0,0.12,0.8
2014-12-04,2071.92,0.08072863263078034,3408340000.0,0.12,0.8
2014-12-05,2075.37,-0.12570903946956,3419620000.0,0.12,0.8
2014-12-08,2060.31,-0.3400213401764631,3800990000.0,0.12,0.8
2014-12-09,2059.82,0.023551804944872856,3970150000.0,0.12,0.8
2014-12-10,2026.14,0.014335824021448692,4114440000.0,0.12,0.8
2014-12-11,2035.33,0.11859959047287702,3917950000.0,0.12,0.8
2014-12-12,2002.33,-0.24526211619377136,4157650000.0,0.12,0.8
2014-12-15,1989.63,0.0025650355964899063,4361990000.0,0.12,0.8
2014-12-16,1972.74,-0.46919807279482484,4958680000.0,0.12,0.8
2014-12-17,2012.89,0.05231575760990381,4942370000.0,0.12,0.8
2014-12-18,2061.23,0.14224434550851583,4703380000.0,0.12,0.8
2014-12-19,2070.65,-0.19157674675807357,6465530000.0,0.12,0.8
2014-12-22,2078.54,0.038143645972013474,3369520000.0,0.12,0.8
2014-12-23,2082.17,-0.38072968255728484,3043950000.0,0.12,0.8
2014-12-26,2088.77,-0.15497429793079695,1735230000.0,0.12,0.8
2014-12-29,2090.57,0.7298000082373619,2452360000.0,0.12,0.8
2014-12-30,2080.35,-0.29125202012558776,2440280000.0,0.12,0.8
2014-12-31,2058.9,-0.156006671355239,2606070000.0,0.12,0.8
2015-01-02,2058.2,-0.14924073009751737,2708700000.0,0.11,-0.1
2015-01-05,2020.58,0.0813812711276114,3799120000.0,0.11,-0.1
2015-01-06,2002.61,0.12799839675426483,4460110000.0,0.11,-0.1
2015-01-07,2025.9,0.5811244000991186,3805480000.0,0.11,-0.1
2015-01-08,2062.14,-0.11561944894492626,3934010000.0,0.11,-0.1
2015-01-09,2044.81,-0.08122586831450462,3364140000.0,0.11,-0.1
2015-01-12,2028.26,-0.016355805099010468,3456460000.0,0.11,-0.1
2015-01-13,2023.03,-0.23723978445761734,4107300000.0,0.11,-0.1
2015-01-14,2011.27,-0.23216945268213748,4378680000.0,0.11,-0.1
2015-01-15,1992.67,0.014101991585145393,4276720000.0,0.11,-0.1
2015-01-16,2019.42,-0.22965441830456257,4056410000.0,0.11,-0.1
2015-01-20,2022.55,0.02167694643139839,3944340000.0,0.11,-0.1
2015-01-21,2032.12,0.14995518326759338,3730070000.0,0.11,-0.1
2015-01-22,2063.15,0.09203743375837803,4176050000.0,0.11,-0.1
2015-01-23,2051.82,0.7974476618692279,3573560000.0,0.11,-0.1
2015-01-26,2057.09,0.01847086101770401,3465760000.0,0.11,-0.1
2015-01-27,2029.55,-0.10154920676723123,3329810000.0,0.11,-0.1
2015-01-28,2002.16,0.05997041333466768,4067530000.0,0.11,-0.1
2015-01-29,2021.25,0.23594376351684332,4127140000.0,0.11,-0.1
2015-01-30,1994.99,-0.2296963450498879,4568650000.0,0.11,-0.1
2015-02-02,2020.85,-0.3816042821854353,4008330000.0,0.11,0.0
2015-02-03,2050.03,0.2416478468415638,4615900000.0,0.11,0.0
2015-02-04,2041.51,-0.23027685582637786,4141920000.0,0.11,0.0
2015-02-05,2062.52,0.0017707555865248044,3821990000.0,0.11,0.0
2015-02-06,2055.47,-0.33113373517990113,4232970000.0,0.11,0.0
2015-02-09,2046.74,0.249487042427063,3549540000.0,0.11,0.0
2015-02-10,2068.59,-0.24258198697740832,3669850000.0,0.11,0.0
2015-02-11,2068.53,0.17446298773090044,3596860000.0,0.11,0.0
2015-02-12,2088.48,0.037678041495382786,3788350000.0,0.11,0.0
2015-02-13,2096.99,-0.11508405860513449,3527450000.0,0.11,0.0
2015-02-17,2100.34,0.12497870717197657,3361750000.0,0.11,0.0
2015-02-18,2099.68,-0.03573978394269943,3370020000.0,0.11,0.0
2015-02-19,2097.45,0.12762606032192708,3247100000.0,0.11,0.0
2015-02-20,2110.3,0.06155027495697141,3281600000.0,0.11,0.0
2015-02-24,2115.48,0.0010704149026423693,3199840000.0,0.11,0.0
2015-02-25,2113.86,0.012995116723080477,3312340000.0,0.11,0.0
2015-02-26,2110.74,0.17040365608409047,3408690000.0,0.11,0.0
2015-03-02,2117.39,0.01986588165163994,3409490000.0,0.11,-0.1
2015-03-03,2107.78,0.9224001374095678,3262300000.0,0.11,-0.1
2015-03-04,2098.53,0.07925581994156043,3421110000.0,0.11,-0.1
2015-03-05,2101.04,0.0960502177476883,3103030000.0,0.11,-0.1
2015-03-06,2071.26,-0.7364468351006508,3853570000.0,0.11,-0.1
2015-03-09,2079.43,-0.3681910801678896,3349090000.0,0.11,-0.1
2015-03-10,2044.16,0.44229629123583436,3668900000.0,0.11,-0.1
2015-03-11,2040.24,0.005760332569479942,3406570000.0,0.11,-0.1
2015-03-12,2065.95,-0.11796369838217895,3405860000.0,0.11,-0.1
2015-03-13,2053.4,-0.0743906299273173,3498560000.0,0.11,-0.1
2015-03-16,2081.19,-0.06293982919305563,3295600000.0,0.11,-0.1
2015-03-17,2074.28,0.16120123416185378,3221840000.0,0.11,-0.1
2015-03-18,2099.5,-0.7598103135824203,4128210000.0,0.11,-0.1
2015-03-19,2089.27,0.11380715932076176,3305220000.0,0.11,-0.1
2015-03-23,2104.42,-0.18964732686678568,3267960000.0,0.11,-0.1
2015-03-24,2091.5,-0.019896537996828556,3189820000.0,0.11,-0.1
2015-03-25,2061.05,0.029551700688898563,3521140000.0,0.11,-0.1
2015-03-26,2056.15,-0.22377733513712883,3510670000.0,0.11,-0.1
2015-03-27,2061.02,0.09727546502836049,3008550000.0,0.11,-0.1
2015-03-30,2086.24,0.033537693321704865,2917690000.0,0.11,-0.1
2015-04-01,2059.69,0.034869293216615915,3543270000.0,0.12,-0.2
2015-04-02,2066.96,0.038067661225795746,3095960000.0,0.12,-0.2
2015-04-06,2080.62,0.09745649108663201,3302970000.0,0.12,-0.2
2015-04-07,2076.33,-0.008027870208024979,3065510000.0,0.12,-0.2
2015-04-08,2081.9,0.32080127112567425,3265330000.0,0.12,-0.2
2015-04-09,2091.18,0.2591283731162548,3172360000.0,0.12,-0.2
2015-04-13,2092.43,-0.565902978181839,2908420000.0,0.12,-0.2
2015-04-14,2095.84,-0.18817896458009878,3301270000.0,0.12,-0.2
2015-04-15,2106.63,0.32701232967277366,4013760000.0,0.12,-0.2
2015-04-16,2104.99,-0.210008658003062,3434120000.0,0.12,-0.2
2015-04-17,2081.18,0.05871953101207813,3627600000.0,0.12,-0.2
2015-04-20,2100.4,-0.7864027954638004,3000160000.0,0.12,-0.2
2015-04-21,2097.29,-0.05672822389751673,3243410000.0,0.12,-0.2
2015-04-22,2107.96,-0.01050189696252346,3348480000.0,0.12,-0.2
2015-04-23,2112.93,-0.007989852999647459,3636670000.0,0.12,-0.2
2015-04-24,2117.69,0.13039763271808624,3375780000.0,0.12,-0.2
2015-04-27,2108.92,-0.16036339476704597,3438750000.0,0.12,-0.2
2015-04-28,2114.76,0.304998729377985,3546270000.0,0.12,-0.2
2015-04-29,2106.85,-0.07273531868122518,4074970000.0,0.12,-0.2
2015-04-30,2085.51,-0.2724687857553363,4509680000.0,0.12,-0.2
2015-05-01,2108.29,0.06833516092350085,3379390000.0,0.12,0.0
2015-05-04,2114.49,-0.3535259151831269,3091580000.0,0.12,0.0
2015-05-05,2089.46,0.3004670809023082,3793950000.0,0.12,0.0
2015-05-06,2080.15,-0.04069206723943353,3792210000.0,0.12,0.0
2015-05-07,2088.0,0.016748429974541068,3676640000.0,0.12,0.0
2015-05-08,2116.1,-0.09774351865053177,3399440000.0,0.12,0.0
2015-05-11,2105.33,0.04140017461031675,2992670000.0,0.12,0.0
2015-05-12,2099.12,-0.18159660696983337,3139520000.0,0.12,0.0
2015-05-13,2098.48,-0.15236588412274918,3374260000.0,0.12,0.0
2015-05-14,2121.1,0.07523120753467083,3225740000.0,0.12,0.0
2015-05-15,2122.73,0.0606848889340957,3092080000.0,0.12,0.0
2015-05-18,2129.2,0.04387171380221844,2888190000.0,0.12,0.0
2015-05-19,2127.83,-0.27877241124709445,3296030000.0,0.12,0.0
2015-05-20,2125.85,-0.5534147551904122,3025880000.0,0.12,0.0
2015-05-21,2130.82,-0.19208308278272548,3070460000.0,0.12,0.0
2015-05-22,2126.06,-0.3981067189015448,2571860000.0,0.12,0.0
2015-05-26,2104.2,0.12458952764670055,3342130000.0,0.12,0.0
2015-05-27,2123.48,-0.17978564416989684,3127960000.0,0.12,0.0
2015-05-28,2120.79,0.09240902215242386,2980350000.0,0.12,0.0
2015-05-29,2107.39,-0.947717756498605,3927390000.0,0.12,0.0
2015-06-01,2111.73,-0.1057812439588209,3011710000.0,0.13,0.1
2015-06-02,2109.6,-0.2212541818153113,3049350000.0,0.13,0.1
2015-06-03,2114.07,-0.26041165335724753,3099980000.0,0.13,0.1
2015-06-04,2095.84,-0.0303040724247694,3200050000.0,0.13,0.1
2015-06-05,2092.83,0.004172018263489008,3243690000.0,0.13,0.1
2015-06-08,2079.28,-0.37940055690705776,2917150000.0,0.13,0.1
2015-06-09,2080.15,-0.2276010675355792,3034580000.0,0.13,0.1
2015-06-10,2105.2,-0.11039125663228333,3414320000.0,0.13,0.1
2015-06-11,2108.86,-0.33838667115196586,3128600000.0,0.13,0.1
2015-06-12,2094.11,-0.2972672348842025,2719400000.0,0.13,0.1
2015-06-15,2084.43,0.3206951757892966,3061570000.0,0.13,0.1
2015-06-16,2096.29,-0.2234651961674293,2919900000.0,0.13,0.1
2015-06-17,2100.44,0.4374767788685858,3222240000.0,0.13,0.1
2015-06-18,2121.24,0.09284253449489673,3520360000.0,0.13,0.1
2015-06-19,2109.99,0.21824219189584254,4449810000.0,0.13,0.1
2015-06-22,2122.85,-0.010028961425026258,3030020000.0,0.13,0.1
2015-06-23,2124.2,0.3034680048003793,3091190000.0,0.13,0.1
2015-06-24,2108.58,0.037689594202674925,3102480000.0,0.13,0.1
2015-06-25,2102.31,0.1225287967051069,3214610000.0,0.13,0.1
2015-06-26,2101.49,-0.17621280004580817,5025470000.0,0.13,0.1
2015-06-29,2057.64,0.0050549376755952835,3678960000.0,0.13,0.1
2015-06-30,2063.11,-0.2949932590126991,4078540000.0,0.13,0.1
2015-07-01,2077.42,-0.09431302392234404,3727260000.0,0.13,0.2
2015-07-02,2076.78,0.26162223673115176,2996540000.0,0.13,0.2
2015-07-06,2068.76,0.31334816850721836,3486360000.0,0.13,0.2
2015-07-07,2081.34,-0.4386323820799589,4458660000.0,0.13,0.2
2015-07-08,2046.68,-0.4458775301463902,3608780000.0,0.13,0.2
2015-07-09,2051.31,0.4623213382437825,3446810000.0,0.13,0.2
2015-07-10,2076.62,0.10171779074395697,3065070000.0,0.13,0.2
2015-07-13,2099.6,0.1058556189139684,3096730000.0,0.13,0.2
2015-07-14,2108.95,0.2262838731209437,3002120000.0,0.13,0.2
2015-07-15,2107.4,0.07088708877563477,3261810000.0,0.13,0.2
2015-07-16,2124.29,0.49564102245494723,3227080000.0,0.13,0.2
2015-07-17,2126.64,0.3872688915580511,3362750000.0,0.13,0.2
2015-07-20,2128.28,-0.19767763341466585,3245870000.0,0.13,0.2
2015-07-21,2119.21,-0.225755512714386,3343690000.0,0.13,0.2
2015-07-22,2114.15,-0.014386133290827274,3694070000.0,0.13,0.2
2015-07-23,2102.15,-0.002193148247897625,3772810000.0,0.13,0.2
2015-07-24,2079.65,-0.29068690980784595,3870040000.0,0.13,0.2
2015-07-27,2067.64,0.0031867288053035736,3836750000.0,0.13,0.2
2015-07-28,2093.25,-0.24034234570960203,4117740000.0,0.13,0.2
2015-07-29,2108.57,0.004092598147690296,4038900000.0,0.13,0.2
2015-07-30,2108.63,0.0856095418954889,3579410000.0,0.13,0.2
2015-07-31,2103.84,-0.31911909859627485,3681340000.0,0.13,0.2
2015-08-03,2098.04,-0.5038312934339046,3476770000.0,0.14,0.2
2015-08-04,2093.32,-0.8395181608696779,3546710000.0,0.14,0.2
2015-08-05,2099.84,-0.11465456597507,3968680000.0,0.14,0.2
2015-08-06,2083.56,0.002185966819524765,4246570000.0,0.14,0.2
2015-08-07,2077.57,-0.5949271252999703,3602320000.0,0.14,0.2
2015-08-10,2104.18,-0.08223766336838405,3514460000.0,0.14,0.2
2015-08-11,2084.07,0.22708346741274,3708880000.0,0.14,0.2
2015-08-12,2086.05,-0.15108158974908292,4269130000.0,0.14,0.2
2015-08-13,2083.39,0.04223534697666764,3221300000.0,0.14,0.2
2015-08-14,2091.54,-0.18850255757570267,2795590000.0,0.14,0.2
2015-08-17,2102.44,-0.221866212785244,2867690000.0,0.14,0.2
2015-08-19,2079.61,-0.22775547485798597,3512920000.0,0.14,0.2
2015-08-20,2035.73,-0.4133802766446024,3922470000.0,0.14,0.2
2015-08-21,1970.89,-0.6500281977156798,5018240000.0,0.14,0.2
2015-08-24,1893.21,-0.2707487258594483,6612690000.0,0.14,0.2
2015-08-25,1867.61,-0.3705506795751197,5183560000.0,0.14,0.2
2015-08-26,1940.51,-0.004986682161688805,5338250000.0,0.14,0.2
2015-08-28,1988.87,-0.010822087991982698,3949080000.0,0.14,0.2
2015-08-31,1972.18,-0.3755098677550753,3915100000.0,0.14,0.2
2015-09-01,1913.85,-0.229525584106644,4371850000.0,0.14,0.0
2015-09-02,1948.86,-0.07271593064069748,3742620000.0,0.14,0.0
2015-09-03,1951.13,-0.1421594793597857,3520700000.0,0.14,0.0
2015-09-04,1921.22,-0.345693401992321,3167090000.0,0.14,0.0
2015-09-08,1969.41,0.09826815268024802,3548650000.0,0.14,0.0
2015-09-09,1942.04,-0.2689102453490098,3652120000.0,0.14,0.0
2015-09-10,1952.29,-0.3258149176836014,3626320000.0,0.14,0.0
2015-09-11,1961.05,-0.16781872510910034,3218590000.0,0.14,0.0
2015-09-14,1953.03,0.24234415932248035,3000200000.0,0.14,0.0
2015-09-15,1978.09,0.23108787126839161,3239860000.0,0.14,0.0
2015-09-16,1995.31,0.49008149886503816,3630680000.0,0.14,0.0
2015-09-17,1990.2,0.12401692258814971,4183790000.0,0.14,0.0
2015-09-18,1958.03,0.011740224435925484,6021240000.0,0.14,0.0
2015-09-21,1966.97,0.08739759679883718,3269350000.0,0.14,0.0
2015-09-22,1942.74,-0.34690489899367094,3808260000.0,0.14,0.0
2015-09-23,1938.76,-0.08740676427260041,3190530000.0,0.14,0.0
2015-09-24,1932.24,0.2113781892694533,4091530000.0,0.14,0.0
2015-09-25,1931.34,-0.6708344588987529,3721870000.0,0.14,0.0
2015-09-29,1884.09,-0.304741273013254,4132390000.0,0.14,0.0
2015-09-30,1920.03,-0.9611588101834059,4525070000.0,0.14,0.0
2015-10-01,1923.82,-0.0339305279776454,3983600000.0,0.12,0.2
2015-10-02,1951.36,-0.42017974611371756,4378570000.0,0.12,0.2
2015-10-05,1987.05,-0.9565228689461946,4334490000.0,0.12,0.2
2015-10-06,1979.92,-0.13067827041127852,4202400000.0,0.12,0.2
2015-10-07,1995.83,0.026351131033152342,4666470000.0,0.12,0.2
2015-10-08,2013.43,0.23847338510677218,3939140000.0,0.12,0.2
2015-10-09,2014.89,-0.00797201320528984,3706900000.0,0.12,0.2
2015-10-12,2017.46,-0.05218123303105434,2893250000.0,0.12,0.2
2015-10-13,2003.69,0.03465852700173855,3401920000.0,0.12,0.2
2015-10-14,1994.24,0.07640169886872172,3644590000.0,0.12,0.2
2015-10-15,2023.86,0.05030084773898125,3746290000.0,0.12,0.2
2015-10-16,2033.11,-0.1998189480509609,3595430000.0,0.12,0.2
2015-10-19,2033.66,-0.06329265174766381,3287320000.0,0.12,0.2
2015-10-20,2030.77,0.053382593439891934,3331500000.0,0.12,0.2
2015-10-21,2018.94,-0.06009466076890627,3627790000.0,0.12,0.2
2015-10-22,2052.51,-0.19641384979089102,4430850000.0,0.12,0.2
2015-10-23,2075.15,-0.07982732076197863,4108460000.0,0.12,0.2
2015-10-26,2071.18,-0.319921403657645,3385800000.0,0.12,0.2
2015-10-27,2065.89,0.1498796078376472,4216880000.0,0.12,0.2
2015-10-28,2090.35,-0.31749803324540454,4698110000.0,0.12,0.2
2015-10-29,2089.41,-0.03446802170947194,4008940000.0,0.12,0.2
2015-10-30,2079.36,0.03384400391951203,4256200000.0,0.12,0.2
2015-11-02,2104.05,-0.10917122382670641,3760020000.0,0.12,0.5
2015-11-03,2109.79,-0.656136819627136,4272060000.0,0.12,0.5
2015-11-04,2102.31,-0.004107323242351413,4078870000.0,0.12,0.5
2015-11-05,2099.93,-0.5602570697665215,4051890000.0,0.12,0.5
2015-11-06,2099.2,0.04439806705340743,4369020000.0,0.12,0.5
2015-11-09,2078.58,-0.3718862170353532,3882350000.0,0.12,0.5
2015-11-10,2081.72,0.08564800256863236,3821440000.0,0.12,0.5
2015-11-11,2075.0,-0.20176494400948286,3692410000.0,0.12,0.5
2015-11-12,2045.97,0.08067507669329643,4016370000.0,0.12,0.5
2015-11-13,2023.04,-0.023859800770878792,4278750000.0,0.12,0.5
2015-11-16,2053.19,-0.29936913289129735,3741240000.0,0.12,0.5
2015-11-17,2050.44,-0.44952500611543655,4427350000.0,0.12,0.5
2015-11-18,2083.58,-0.1243260558694601,3926390000.0,0.12,0.5
2015-11-19,2081.24,-0.24612262658774853,3628110000.0,0.12,0.5
2015-11-20,2089.17,-0.41091610956937075,3929600000.0,0.12,0.5
2015-11-23,2086.59,-0.9635970834642649,3587980000.0,0.12,0.5
2015-11-24,2089.14,-0.2254996441770345,3884930000.0,0.12,0.5
2015-11-25,2088.87,-0.008449256420135498,2852940000.0,0.12,0.5
2015-11-27,2090.11,-0.15725466702133417,1466840000.0,0.12,0.5
2015-11-30,2080.41,0.12641032971441746,4275030000.0,0.12,0.5
2015-12-01,2102.63,0.21927416728188595,3712120000.0,0.24,0.7
2015-12-02,2079.51,0.27021698583848774,3950640000.0,0.24,0.7
2015-12-03,2049.62,0.04566654749214649,4306490000.0,0.24,0.7
2015-12-04,2091.69,0.23906220216304064,4214910000.0,0.24,0.7
2015-12-07,2077.07,0.18673290498554707,4043820000.0,0.24,0.7
2015-12-08,2063.59,-0.08317378163337708,4173570000.0,0.24,0.7
2015-12-09,2047.62,-0.05992228413621584,4385250000.0,0.24,0.7
2015-12-10,2052.23,-0.3511088499799371,3715150000.0,0.24,0.7
2015-12-11,2012.37,-0.35387697110750843,4301060000.0,0.24,0.7
2015-12-14,2021.94,-0.7874322161078453,4612440000.0,0.24,0.7
2015-12-15,2043.41,0.04058850028862556,4353540000.0,0.24,0.7
2015-12-16,2073.07,-0.07646782789379358,4635450000.0,0.24,0.7
2015-12-17,2041.89,-0.14513764027506112,4327390000.0,0.24,0.7
2015-12-18,2005.55,-0.16077085227395096,6683070000.0,0.24,0.7
2015-12-21,2021.15,-0.24235254526138306,3760280000.0,0.24,0.7
2015-12-22,2038.97,-0.9344402747228742,3520860000.0,0.24,0.7
2015-12-23,2064.29,0.13214913476258516,3484090000.0,0.24,0.7
2015-12-24,2060.99,0.45459461274246377,1411860000.0,0.24,0.7
2015-12-28,2056.5,-0.2749713584780693,2492510000.0,0.24,0.7
2015-12-30,2063.36,-0.04688567202538252,2367430000.0,0.24,0.7
2015-12-31,2043.94,-0.2809312695171684,2655330000.0,0.24,0.7
2016-01-04,2012.66,-0.483879869338125,4304880000.0,0.34,1.4
2016-01-05,2016.71,-0.25463618827052414,3706620000.0,0.34,1.4
2016-01-06,1990.26,0.1119672367349267,4336660000.0,0.34,1.4
2016-01-07,1943.09,-0.24441545270383358,5076590000.0,0.34,1.4
2016-01-08,1922.03,-0.5068869385868311,4664940000.0,0.34,1.4
2016-01-11,1923.67,-0.2149270512163639,4607290000.0,0.34,1.4
2016-01-12,1938.68,-0.23381249606609344,4887260000.0,0.34,1.4
2016-01-13,1890.28,0.2220254022628069,5087030000.0,0.34,1.4
2016-01-14,1921.84,0.028360640364033834,5241110000.0,0.34,1.4
2016-01-15,1880.33,0.15159012097865343,5468460000.0,0.34,1.4
2016-01-19,1881.33,-0.09562253952026367,4928350000.0,0.34,1.4
2016-01-20,1859.33,-0.09531901949750525,6416070000.0,0.34,1.4
2016-01-21,1868.99,-0.4276304792923232,5078810000.0,0.34,1.4
2016-01-22,1906.9,-0.15893845073878765,4901760000.0,0.34,1.4
2016-01-25,1877.08,-0.24174560233950615,4401380000.0,0.34,1.4
2016-01-26,1903.63,0.0071351975202560425,4357940000.0,0.34,1.4
2016-01-27,1882.95,-0.16733710234984756,4754040000.0,0.34,1.4
2016-01-28,1893.36,-0.015915855765342712,4693010000.0,0.34,1.4
2016-01-29,1940.24,-0.010328711941838264,5497570000.0,0.34,1.4
2016-02-01,1939.38,-0.8035205379128456,4322530000.0,0.38,1.0
2016-02-02,1903.03,-0.2746056344360113,4463190000.0,0.38,1.0
2016-02-03,1912.53,-0.7370128054171801,5172950000.0,0.38,1.0
2016-02-04,1915.45,-0.01588980108499527,5193320000.0,0.38,1.0
2016-02-05,1880.05,-0.4326308504678309,4929940000.0,0.38,1.0
2016-02-08,1853.44,0.13358791203548512,5636460000.0,0.38,1.0
2016-02-09,1852.21,0.003452886827290058,5183220000.0,0.38,1.0
2016-02-10,1851.86,-0.3568938421085477,4471170000.0,0.38,1.0
2016-02-11,1829.08,-0.3230817240352432,5500800000.0,0.38,1.0
2016-02-12,1864.78,-0.2541328710503876,4696920000.0,0.38,1.0
2016-02-16,1895.58,-0.7949784654192626,4570670000.0,0.38,1.0
2016-02-17,1926.82,0.05486323063572248,5011540000.0,0.38,1.0
2016-02-19,1917.78,0.04867682792246342,4142850000.0,0.38,1.0
2016-02-22,1945.5,0.13828191440552473,4054710000.0,0.38,1.0
2016-02-23,1921.27,-0.3051290928075711,3890650000.0,0.38,1.0
2016-02-24,1929.8,-0.3866148479282856,4317250000.0,0.38,1.0
2016-02-25,1951.7,0.7873889179900289,4118210000.0,0.38,1.0
2016-02-26,1948.05,-0.19934622198343277,4348510000.0,0.38,1.0
2016-02-29,1932.23,0.005901314318180084,4588180000.0,0.38,1.0
2016-03-01,1978.35,-0.07618005350232124,4819750000.0,0.36,0.9
2016-03-02,1986.45,-0.00261499872431159,4666610000.0,0.36,0.9
2016-03-03,1993.4,-0.30447836220264435,5081700000.0,0.36,0.9
2016-03-04,1999.99,-0.32629383603731793,6049930000.0,0.36,0.9
2016-03-07,2001.76,-0.008590816985815763,4968180000.0,0.36,0.9
2016-03-08,1979.26,-0.35307298600673676,4641650000.0,0.36,0.9
2016-03-09,1989.26,0.24576813075691462,4038120000.0,0.36,0.9
2016-03-10,1989.57,-0.049363662178317703,4376790000.0,0.36,0.9
2016-03-11,2022.19,-0.06871829554438591,4078620000.0,0.36,0.9
2016-03-14,2019.64,0.016444593900814652,3487850000.0,0.36,0.9
2016-03-15,2015.93,0.0184713713824749,3560280000.0,0.36,0.9
2016-03-16,2027.22,0.3572687981650233,4057020000.0,0.36,0.9
2016-03-17,2040.59,0.15696206875145435,4530480000.0,0.36,0.9
2016-03-18,2049.58,-0.9631780749186873,6503140000.0,0.36,0.9
2016-03-22,2049.8,0.419906550552696,3418460000.0,0.36,0.9
2016-03-23,2036.71,-0.4628220800310373,3639510000.0,0.36,0.9
2016-03-24,2035.94,-0.39651206399624545,3407720000.0,0.36,0.9
2016-03-28,2037.05,-0.11940383305773139,2809090000.0,0.36,0.9
2016-03-29,2055.01,-0.42143003456294537,3822330000.0,0.36,0.9
2016-03-30,2063.95,0.05250417347997427,3590310000.0,0.36,0.9
2016-03-31,2059.74,-0.08412648737430573,3715280000.0,0.36,0.9
2016-04-01,2072.78,-0.46812724508345127,3749990000.0,0.37,1.1
2016-04-04,2066.13,0.815190989524126,3485710000.0,0.37,1.1
2016-04-05,2045.17,-0.4228464452549815,4154920000.0,0.37,1.1
2016-04-06,2066.66,0.26968544100721675,3750800000.0,0.37,1.1
2016-04-07,2041.91,-0.025939129913846653,3801250000.0,0.37,1.1
2016-04-08,2047.6,0.48032053373754025,3359530000.0,0.37,1.1
2016-04-11,2041.99,0.03287573088891804,3567840000.0,0.37,1.1
2016-04-12,2061.72,0.7234525606036186,4239740000.0,0.37,1.1
2016-04-13,2082.42,0.022205514833331108,4191830000.0,0.37,1.1
2016-04-14,2082.78,-0.25548292075594264,3765870000.0,0.37,1.1
2016-04-15,2080.73,-0.669647352071479,3701450000.0,0.37,1.1
2016-04-18,2094.34,0.5580138359218836,3316880000.0,0.37,1.1
2016-04-19,2100.8,0.0708632402654205,3896830000.0,0.37,1.1
2016-04-20,2102.4,-0.031523268669843674,4184880000.0,0.37,1.1
2016-04-21,2091.48,0.2795034617185593,4175290000.0,0.37,1.1
2016-04-22,2091.58,-0.11710155506928761,3790580000.0,0.37,1.1
2016-04-25,2087.79,-0.07886505872011185,3319740000.0,0.37,1.1
2016-04-26,2091.7,-0.04415349351863066,3557190000.0,0.37,1.1
2016-04-27,2095.15,0.04732659738510847,4100110000.0,0.37,1.1
2016-04-29,2065.3,-0.23314518108963966,4704720000.0,0.37,1.1
2016-05-02,2081.43,-0.6653994061052799,3841110000.0,0.37,1.0
2016-05-03,2063.37,-0.9413074282929301,4173390000.0,0.37,1.0
2016-05-04,2051.12,-0.3774067354388535,4058560000.0,0.37,1.0
2016-05-05,2050.63,-0.13683960074558854,4008530000.0,0.37,1.0
2016-05-06,2057.14,-0.5659073957552513,3796350000.0,0.37,1.0
2016-05-09,2058.69,0.07974467240273952,3788620000.0,0.37,1.0
2016-05-10,2084.39,-0.44058475084602833,3600200000.0,0.37,1.0
2016-05-11,2064.46,0.015347793698310852,3821980000.0,0.37,1.0
2016-05-12,2064.11,-0.23172665604700646,3782390000.0,0.37,1.0
2016-05-13,2046.61,-0.27381696179509163,3579880000.0,0.37,1.0
2016-05-16,2066.66,0.039964299028118454,3501360000.0,0.37,1.0
2016-05-17,2047.21,-0.1753597129136324,4108960000.0,0.37,1.0
2016-05-18,2047.63,-0.1784266049042344,4101320000.0,0.37,1.0
2016-05-19,2040.04,0.13573165982961655,3846770000.0,0.37,1.0
2016-05-20,2052.32,-0.014452255330979824,3507650000.0,0.37,1.0
2016-05-23,2048.04,-0.2262675788253546,3055480000.0,0.37,1.0
2016-05-24,2076.06,0.06434370577335358,3627340000.0,0.37,1.0
2016-05-25,2090.54,-0.0004988169031483787,3859160000.0,0.37,1.0
2016-05-26,2090.1,-0.2083220649510622,3230990000.0,0.37,1.0
2016-05-27,2099.06,0.13948607631027699,3079150000.0,0.37,1.0
2016-05-31,2096.95,0.057377349585294724,4514410000.0,0.37,1.0
2016-06-01,2099.33,-0.7125221763271838,3525170000.0,0.38,1.0
2016-06-02,2105.26,-0.12312352533141772,3632720000.0,0.38,1.0
2016-06-03,2099.13,-0.9154794877395034,3627780000.0,0.38,1.0
2016-06-07,2112.13,0.008012498263269663,3534730000.0,0.38,1.0
2016-06-08,2119.12,0.29873704848190147,3562060000.0,0.38,1.0
2016-06-09,2115.48,-0.9393972996622324,3290320000.0,0.38,1.0
2016-06-10,2096.07,-0.01622767373919487,3515010000.0,0.38,1.0
2016-06-13,2079.06,-0.11802966818213463,3392030000.0,0.38,1.0
2016-06-14,2075.32,0.2252999460324645,3759770000.0,0.38,1.0
2016-06-15,2071.5,0.03883363213390112,3544720000.0,0.38,1.0
2016-06-16,2077.99,0.012036032136529684,3628280000.0,0.38,1.0
2016-06-17,2071.22,-0.33142866659909487,4952630000.0,0.38,1.0
2016-06-20,2083.25,-0.16092929989099503,3467440000.0,0.38,1.0
2016-06-21,2088.9,-0.05413340404629707,3232880000.0,0.38,1.0
2016-06-22,2085.45,-0.07870448287576437,3168160000.0,0.38,1.0
2016-06-23,2113.32,-0.10068492405116558,3297940000.0,0.38,1.0
2016-06-24,2037.41,-0.4198056537037094,7597450000.0,0.38,1.0
2016-06-27,2000.54,-0.25715638464316726,5431220000.0,0.38,1.0
2016-06-28,2036.09,0.026050575077533722,4385810000.0,0.38,1.0
2016-06-29,2070.77,0.3751226073751847,4241740000.0,0.38,1.0
2016-06-30,2098.86,0.10295490897260606,4622820000.0,0.38,1.0
2016-07-01,2102.95,-0.8509459849447012,3458890000.0,0.39,0.8
2016-07-05,2088.55,0.02840728561083476,3658380000.0,0.39,0.8
2016-07-06,2099.73,0.15281321294605732,3909380000.0,0.39,0.8
2016-07-07,2097.9,-0.27855570763349535,3604550000.0,0.39,0.8
2016-07-08,2129.9,0.2783520535255472,3607500000.0,0.39,0.8
2016-07-11,2137.16,0.13670567919810614,3253340000.0,0.39,0.8
2016-07-12,2152.14,0.3480770457535982,4097820000.0,0.39,0.8
2016-07-13,2152.43,0.2915850601469477,3502320000.0,0.39,0.8
2016-07-14,2163.75,0.36217050030827524,3465610000.0,0.39,0.8
2016-07-15,2161.74,-0.0010510459542274475,3122600000.0,0.39,0.8
2016-07-18,2166.89,0.01793036237359047,3009310000.0,0.39,0.8
2016-07-19,2163.78,0.009180316142737866,2968340000.0,0.39,0.8
2016-07-20,2173.02,-0.13872199971228838,3211860000.0,0.39,0.8
2016-07-21,2165.17,0.40889261197298765,3438900000.0,0.39,0.8
2016-07-22,2175.03,0.029231012798845768,3023280000.0,0.39,0.8
2016-07-25,2168.48,0.06455189548432827,3057240000.0,0.39,0.8
2016-07-26,2169.18,0.014743621926754713,3442350000.0,0.39,0.8
2016-07-27,2166.58,-0.20565778259187936,3995500000.0,0.39,0.8
2016-07-28,2170.06,0.019142651265220984,3664240000.0,0.39,0.8
2016-07-29,2173.6,-0.1271666226287683,4038840000.0,0.39,0.8
2016-08-01,2170.84,0.3087737616151571,3505990000.0,0.4,1.1
2016-08-02,2157.03,0.07794088684022427,3848750000.0,0.4,1.1
2016-08-03,2163.79,-0.09730125156541665,3786530000.0,0.4,1.1
2016-08-04,2164.25,-0.17969938615957895,3709200000.0,0.4,1.1
2016-08-05,2182.87,0.3295957064256072,3663070000.0,0.4,1.1
2016-08-08,2180.89,-0.25429465190973133,3327550000.0,0.4,1.1
2016-08-09,2181.74,-0.253062704205513,3334300000.0,0.4,1.1
2016-08-11,2185.79,0.09306646666179101,3423160000.0,0.4,1.1
2016-08-12,2184.05,-0.46948720840737224,3000660000.0,0.4,1.1
2016-08-15,2190.15,-0.43471041787415743,3078530000.0,0.4,1.1
2016-08-16,2178.15,0.042166879400610924,3196400000.0,0.4,1.1
2016-08-17,2182.22,0.020195290446281433,3388910000.0,0.4,1.1
2016-08-19,2183.87,0.04151192054684673,3084800000.0,0.4,1.1
2016-08-22,2182.64,-0.01536224503070116,2777550000.0,0.4,1.1
2016-08-29,2180.38,0.04899989068508148,2654780000.0,0.4,1.1
2016-08-30,2176.12,0.05496643887211879,3006800000.0,0.4,1.1
2016-08-31,2170.95,-0.2587089811762174,3766390000.0,0.4,1.1
2016-09-01,2170.86,0.053938791155815125,3392120000.0,0.4,1.5
2016-09-02,2179.98,-0.11404564355810483,3091120000.0,0.4,1.5
2016-09-06,2186.48,-0.33127951218436164,3447650000.0,0.4,1.5
2016-09-07,2186.16,0.0892370989812272,3319420000.0,0.4,1.5
2016-09-08,2181.3,-0.41961730271577835,3727840000.0,0.4,1.5
2016-09-09,2127.81,-0.15504881584395966,4233960000.0,0.4,1.5
2016-09-12,2159.04,0.2536574751138687,4010480000.0,0.4,1.5
2016-09-13,2127.02,-0.43197756074368954,4141670000.0,0.4,1.5
2016-09-14,2125.77,-0.1491804402321577,3664100000.0,0.4,1.5
2016-09-15,2147.26,-0.16718626394867897,3373720000.0,0.4,1.5
2016-09-16,2139.16,0.4250507685355842,5014360000.0,0.4,1.5
2016-09-19,2139.12,0.14688163390383124,3141820000.0,0.4,1.5
2016-09-20,2139.76,-0.04144391790032387,3117380000.0,0.4,1.5
2016-09-21,2163.12,0.11174344038590789,3685450000.0,0.4,1.5
2016-09-22,2177.18,0.06545194238424301,3523860000.0,0.4,1.5
2016-09-23,2164.69,-0.013705012621358037,3289860000.0,0.4,1.5
2016-09-26,2146.1,-0.8782158773392439,3199910000.0,0.4,1.5
2016-09-28,2171.37,-0.47602454433217645,3860390000.0,0.4,1.5
2016-09-29,2151.13,-0.12013749964535236,4215620000.0,0.4,1.5
2016-09-30,2168.27,0.06621600827202201,4158800000.0,0.4,1.5
2016-10-03,2161.2,-0.14036965258419515,3113850000.0,0.4,1.6
2016-10-04,2150.49,-0.19177790358662605,3716100000.0,0.4,1.6
2016-10-06,2160.77,-0.12169046700000763,3438040000.0,0.4,1.6
2016-10-07,2153.74,-0.49119651317596436,3578770000.0,0.4,1.6
2016-10-10,2163.66,-0.1377445086836815,2881970000.0,0.4,1.6
2016-10-11,2136.73,-0.09100265428423882,3393060000.0,0.4,1.6
2016-10-12,2139.18,0.4638962298631668,2959510000.0,0.4,1.6
2016-10-13,2132.55,0.01856604901452859,3538030000.0,0.4,1.6
2016-10-14,2132.98,-0.3181358032549421,3187910000.0,0.4,1.6
2016-10-17,2126.5,0.086795998737216,2832440000.0,0.4,1.6
2016-10-18,2139.6,-0.26803295593708754,3172940000.0,0.4,1.6
2016-10-19,2144.29,-0.06544792838394642,3364990000.0,0.4,1.6
2016-10-20,2141.34,-0.042624167033604214,3339320000.0,0.4,1.6
2016-10-21,2141.16,-0.3397463266737759,3456390000.0,0.4,1.6
2016-10-24,2151.33,0.03316213500996431,3359950000.0,0.4,1.6
2016-10-25,2143.16,0.022553399205207825,3756200000.0,0.4,1.6
2016-10-26,2139.43,-0.1500135688111186,3778120000.0,0.4,1.6
2016-10-27,2133.04,0.016685231278340023,4209400000.0,0.4,1.6
2016-10-28,2126.41,0.09042354828367631,4028270000.0,0.4,1.6
2016-10-31,2126.15,0.05260049241284529,3926560000.0,0.4,1.6
2016-11-01,2111.72,0.1271503164122502,4539190000.0,0.41,1.7
2016-11-02,2097.94,-0.023133914917707443,4289120000.0,0.41,1.7
2016-11-03,2088.66,0.19002194330096245,3892100000.0,0.41,1.7
2016-11-04,2085.18,-0.609080790275974,3841910000.0,0.41,1.7
2016-11-07,2131.52,-0.05598132995267709,3739720000.0,0.41,1.7
2016-11-08,2139.56,-0.19066003585855165,3921850000.0,0.41,1.7
2016-11-09,2163.26,-0.1235252662251393,6267590000.0,0.41,1.7
2016-11-10,2167.48,-0.1418272415176034,6458450000.0,0.41,1.7
2016-11-11,2164.45,-0.30595898418687284,4993990000.0,0.41,1.7
2016-11-14,2164.2,-0.061500050127506256,5373670000.0,0.41,1.7
2016-11-15,2180.39,0.07021905295550823,4548110000.0,0.41,1.7
2016-11-16,2176.94,-0.48615339770913124,3847900000.0,0.41,1.7
2016-11-17,2187.12,0.12937086696426073,3811730000.0,0.41,1.7
2016-11-18,2181.9,-0.007714429870247841,3580900000.0,0.41,1.7
2016-11-21,2198.18,0.05414888573189577,3611500000.0,0.41,1.7
2016-11-22,2202.94,0.26290075574070215,3960520000.0,0.41,1.7
2016-11-23,2204.72,-0.006239864354332288,3419850000.0,0.41,1.7
2016-11-25,2213.35,-0.09683367982506752,1584590000.0,0.41,1.7
2016-11-28,2201.72,0.045363002456724644,3515100000.0,0.41,1.7
2016-11-29,2204.66,-0.935742286965251,3709190000.0,0.41,1.7
2016-11-30,2198.81,-0.17694355957210064,5538400000.0,0.41,1.7
2016-12-01,2191.08,0.28313188068568707,5067470000.0,0.54,2.1
2016-12-02,2191.95,0.04011670360341668,3782370000.0,0.54,2.1
2016-12-05,2204.71,-0.09200601913034916,3898530000.0,0.54,2.1
2016-12-06,2212.23,-0.34320804197341204,3857290000.0,0.54,2.1
2016-12-07,2241.35,0.2211275533773005,4504070000.0,0.54,2.1
2016-12-08,2246.19,0.0629673432558775,4203270000.0,0.54,2.1
2016-12-09,2259.53,-0.07747257128357887,3886460000.0,0.54,2.1
2016-12-12,2256.96,-0.07432002667337656,4038850000.0,0.54,2.1
2016-12-13,2271.72,0.031825477723032236,3875630000.0,0.54,2.1
2016-12-14,2253.28,0.08127136267721653,4409670000.0,0.54,2.1
2016-12-15,2262.03,-0.4820985705591738,4173360000.0,0.54,2.1
2016-12-16,2258.07,-0.0868591102771461,5928980000.0,0.54,2.1
2016-12-19,2262.53,0.1747185222338885,3252840000.0,0.54,2.1
2016-12-20,2270.76,-0.9597238227725029,3306250000.0,0.54,2.1
2016-12-21,2265.18,0.31035150152941543,2854880000.0,0.54,2.1
2016-12-22,2260.96,0.04273460805416107,2880670000.0,0.54,2.1
2016-12-23,2263.79,0.021163501776754856,2021230000.0,0.54,2.1
2016-12-27,2268.88,-0.2549414311846097,1989730000.0,0.54,2.1
2016-12-28,2249.92,-0.2555780978873372,2402750000.0,0.54,2.1
2016-12-29,2249.26,-0.047338180243968964,2338700000.0,0.54,2.1
2016-12-30,2238.83,0.37295609557380277,2671550000.0,0.54,2.1
2017-01-03,2257.83,-0.038689252687618136,3773010000.0,0.65,1.9
2017-01-04,2270.75,0.18694696091115476,3768890000.0,0.65,1.9
2017-01-05,2269.0,0.22952002193778753,3785080000.0,0.65,1.9
2017-01-06,2276.98,0.707541024312377,3342080000.0,0.65,1.9
2017-01-10,2268.9,0.08309434540569782,3640560000.0,0.65,1.9
2017-01-11,2275.32,-0.1431407814845443,3625080000.0,0.65,1.9
2017-01-12,2270.44,-0.0032097622752189636,3466220000.0,0.65,1.9
2017-01-13,2274.64,-0.009287990629673004,3090680000.0,0.65,1.9
2017-01-17,2267.89,0.07662052661180496,3586950000.0,0.65,1.9
2017-01-18,2271.89,0.14715780057013034,3317670000.0,0.65,1.9
2017-01-19,2263.69,0.3692677151411772,3168390000.0,0.65,1.9
2017-01-20,2271.31,0.1468252271413803,3536850000.0,0.65,1.9
2017-01-23,2265.2,-0.18926597386598587,3155240000.0,0.65,1.9
2017-01-24,2280.07,-0.5670179712275664,3816950000.0,0.65,1.9
2017-01-25,2298.37,0.18567623049020768,3849340000.0,0.65,1.9
2017-01-26,2296.68,-0.03819856746122241,3611510000.0,0.65,1.9
2017-01-27,2294.69,-0.01984097808599472,3137420000.0,0.65,1.9
2017-01-31,2278.87,-0.0827020766834418,4089730000.0,0.65,1.9
2017-02-01,2279.55,-0.2899342989549041,3919190000.0,0.66,2.7
2017-02-02,2280.85,0.3021929934620857,3809760000.0,0.66,2.7
2017-02-03,2297.42,-0.42329131811857224,3605970000.0,0.66,2.7
2017-02-06,2292.56,0.01606424804776907,3112390000.0,0.66,2.7
2017-02-07,2293.08,0.02078194636851549,3452460000.0,0.66,2.7
2017-02-08,2294.67,-0.4383742017671466,3611950000.0,0.66,2.7
2017-02-09,2307.87,0.06341454684734345,3681600000.0,0.66,2.7
2017-02-10,2316.1,-0.06748924683779478,3496600000.0,0.66,2.7
2017-02-13,2328.25,-0.01697695255279541,3352370000.0,0.66,2.7
2017-02-14,2337.58,-0.06403179839253426,3528040000.0,0.66,2.7
2017-02-15,2349.25,0.21926260273903608,3785870000.0,0.66,2.7
2017-02-16,2347.22,0.002566300332546234,3675900000.0,0.66,2.7
2017-02-17,2351.16,0.2755656037479639,3516830000.0,0.66,2.7
2017-02-21,2365.38,0.2153046652674675,3587520000.0,0.66,2.7
2017-02-22,2362.82,0.10619273874908686,3473170000.0,0.66,2.7
2017-02-23,2363.81,0.03676541522145271,4021770000.0,0.66,2.7
2017-02-24,2367.34,0.028333733789622784,3832410000.0,0.66,2.7
2017-02-27,2369.75,-0.3992745454112689,3584680000.0,0.66,2.7
2017-02-28,2363.64,0.0899859219789505,4212460000.0,0.66,2.7
2017-03-01,2395.96,-0.16581740975379944,4347630000.0,0.79,2.4
2017-03-03,2383.12,-0.05588622950017452,3556670000.0,0.79,2.4
2017-03-06,2375.31,-0.28027788052956265,3251800000.0,0.79,2.4
2017-03-07,2368.39,-0.07312277867458761,3526300000.0,0.79,2.4
2017-03-08,2362.98,-0.012338803336024284,3814080000.0,0.79,2.4
2017-03-09,2364.87,-0.14829484233632684,3718450000.0,0.79,2.4
2017-03-10,2372.6,0.03089514560997486,3434400000.0,0.79,2.4
2017-03-13,2373.47,-0.006686268933117389,3166650000.0,0.79,2.4
2017-03-14,2365.45,-0.7193607507894436,3173760000.0,0.79,2.4
2017-03-16,2381.38,-0.13808316085487604,3368880000.0,0.79,2.4
2017-03-17,2378.25,-0.19020296322802702,5179820000.0,0.79,2.4
2017-03-20,2373.47,0.1325127761811018,3061560000.0,0.79,2.4
2017-03-21,2344.02,-0.6463752528652549,4278890000.0,0.79,2.4
2017-03-22,2348.45,-0.6765989377163351,3575160000.0,0.79,2.4
2017-03-23,2345.96,0.007544234395027161,3262400000.0,0.79,2.4
2017-03-24,2343.98,-0.5332956984639168,2978530000.0,0.79,2.4
2017-03-27,2341.59,-0.13807838619686663,3242300000.0,0.79,2.4
2017-03-28,2358.57,-0.08424016833305359,3369120000.0,0.79,2.4
2017-03-29,2361.13,0.06781623073454414,3107670000.0,0.79,2.4
2017-03-30,2368.06,0.01186521165072918,3159680000.0,0.79,2.4
2017-03-31,2362.72,-0.7675941064953804,3356740000.0,0.79,2.4
2017-04-03,2358.84,-0.3905720415835579,3418730000.0,0.9,2.2
2017-04-04,2360.16,0.07438246230594814,3208340000.0,0.9,2.2
2017-04-05,2352.95,-0.2211335048611675,3780650000.0,0.9,2.2
2017-04-06,2357.49,-0.32294177170842886,3203250000.0,0.9,2.2
2017-04-07,2355.54,-0.020930799345175426,3054700000.0,0.9,2.2
2017-04-10,2357.16,0.17690166582663855,2792570000.0,0.9,2.2
2017-04-11,2353.78,0.2087158476933837,3120900000.0,0.9,2.2
2017-04-12,2344.93,-0.17290968541055918,3201300000.0,0.9,2.2
2017-04-13,2328.95,0.04226638353429735,3146380000.0,0.9,2.2
2017-04-17,2349.01,0.0550898527726531,2826890000.0,0.9,2.2
2017-04-18,2342.19,-0.19394680252298713,3272210000.0,0.9,2.2
2017-04-19,2338.17,0.025468438863754272,3521160000.0,0.9,2.2
2017-04-20,2355.84,0.18974436447024345,3648990000.0,0.9,2.2
2017-04-21,2348.69,-0.36004260554909706,3524160000.0,0.9,2.2
2017-04-24,2374.15,0.49168321521331865,3711170000.0,0.9,2.2
2017-04-25,2388.61,-0.3947494179010391,4005820000.0,0.9,2.2
2017-04-26,2387.45,-0.04881645515561104,4111350000.0,0.9,2.2
2017-04-27,2388.77,-0.2397567331790924,4099940000.0,0.9,2.2
2017-04-28,2384.2,0.14389799279160798,3721350000.0,0.9,2.2
2017-05-02,2391.17,-0.09377946083744367,3861360000.0,0.91,1.9
2017-05-03,2388.13,-0.029178825207054615,3896760000.0,0.91,1.9
2017-05-04,2389.52,0.42539702262729406,4367860000.0,0.91,1.9
2017-05-05,2399.29,-0.01884396653622389,3543240000.0,0.91,1.9
2017-05-08,2399.38,0.05018160678446293,3429990000.0,0.91,1.9
2017-05-09,2396.92,0.21242763971289,3657840000.0,0.91,1.9
2017-05-10,2399.63,-0.03523352788761258,3649370000.0,0.91,1.9
2017-05-11,2394.44,-0.27503688633441925,3727710000.0,0.91,1.9
2017-05-12,2390.9,-0.02324806898832321,3304620000.0,0.91,1.9
2017-05-15,2402.32,-0.4339701533317566,3490080000.0,0.91,1.9
2017-05-16,2400.67,0.012276015942916274,3421810000.0,0.91,1.9
2017-05-17,2357.03,-0.2284009407407471,4164760000.0,0.91,1.9
2017-05-18,2365.72,-0.23715399081508318,4319440000.0,0.91,1.9
2017-05-22,2394.02,-0.009794176556169987,3176580000.0,0.91,1.9
2017-05-23,2398.42,-0.055850924924016,3216560000.0,0.91,1.9
2017-05-24,2404.39,0.04922992289066315,3389240000.0,0.91,1.9
2017-05-30,2412.91,0.2633194476366043,3205860000.0,0.91,1.9
2017-05-31,2411.8,-0.06751438913245995,4518040000.0,0.91,1.9
2017-06-01,2430.06,0.07082709204405546,3860620000.0,1.04,1.6
2017-06-02,2439.07,-0.5241138854374489,3465500000.0,1.04,1.6
2017-06-05,2436.1,-0.32812794111669064,2916720000.0,1.04,1.6
2017-06-07,2433.14,-0.22415131656453013,3576220000.0,1.04,1.6
2017-06-08,2433.79,0.03731884155422449,3735980000.0,1.04,1.6
2017-06-09,2431.77,0.013367028906941414,4029860000.0,1.04,1.6
2017-06-12,2429.39,-0.16032073631261787,4031840000.0,1.04,1.6
2017-06-13,2440.35,0.039415104780346155,3278240000.0,1.04,1.6
2017-06-14,2437.92,0.46185359731316566,3558640000.0,1.04,1.6
2017-06-15,2432.46,0.002458527684211731,3371980000.0,1.04,1.6
2017-06-16,2433.15,-0.17110117059201002,5299380000.0,1.04,1.6
2017-06-19,2453.46,0.11938544921576977,3271480000.0,1.04,1.6
2017-06-20,2437.03,-0.001824590687950452,3422700000.0,1.04,1.6
2017-06-21,2435.61,0.02788725309073925,3599190000.0,1.04,1.6
2017-06-22,2434.5,-0.04606576170772314,3477250000.0,1.04,1.6
2017-06-23,2438.3,-0.1229914859868586,5282460000.0,1.04,1.6
2017-06-26,2439.07,0.05676821433007717,3243660000.0,1.04,1.6
2017-06-27,2419.38,0.2662366393953562,3564770000.0,1.04,1.6
2017-06-28,2440.69,-0.7675585355609655,3479980000.0,1.04,1.6
2017-06-29,2419.7,-0.206116535468027,3869560000.0,1.04,1.6
2017-06-30,2423.41,0.022636400535702705,3366030000.0,1.04,1.6
2017-07-03,2429.01,0.3771988730877638,1901480000.0,1.15,1.7
2017-07-05,2432.54,0.0291462989213566,3368150000.0,1.15,1.7
2017-07-06,2409.75,-0.1526885312050581,3368710000.0,1.15,1.7
2017-07-07,2425.18,0.10678753489628434,2929390000.0,1.15,1.7
2017-07-10,2427.43,-0.11400370746850967,3009880000.0,1.15,1.7
2017-07-11,2425.53,0.22378437127918005,3108800000.0,1.15,1.7
2017-07-12,2443.25,-0.1301229273279508,3176900000.0,1.15,1.7
2017-07-13,2447.83,0.01985400915145874,3068510000.0,1.15,1.7
2017-07-14,2459.27,-0.07625920977443457,2738460000.0,1.15,1.7
2017-07-17,2459.14,-0.14159538224339485,2800580000.0,1.15,1.7
2017-07-18,2460.61,-0.960189894773066,2974090000.0,1.15,1.7
2017-07-19,2473.83,0.17608756199479103,3063810000.0,1.15,1.7
2017-07-20,2473.45,-0.0920463927090168,3223820000.0,1.15,1.7
2017-07-24,2469.91,-0.025661705061793327,3019920000.0,1.15,1.7
2017-07-25,2477.13,0.4272714499384165,4116360000.0,1.15,1.7
2017-07-26,2477.83,-0.05989564210176468,3597830000.0,1.15,1.7
2017-07-27,2475.42,0.19613244477659464,4035740000.0,1.15,1.7
2017-07-28,2472.1,0.08769170707091689,3302850000.0,1.15,1.7
2017-07-31,2470.3,0.008563671881953875,3475930000.0,1.15,1.7
2017-08-01,2476.35,-0.3065660600550473,3470260000.0,1.16,1.9
2017-08-02,2477.57,-0.046062464825809,3487150000.0,1.16,1.9
2017-08-03,2472.16,0.10464458353817463,3662410000.0,1.16,1.9
2017-08-04,2476.83,-0.09072098508477211,3239980000.0,1.16,1.9
2017-08-07,2480.91,-0.010699678212404251,2935130000.0,1.16,1.9
2017-08-08,2474.92,-0.30741703771054746,3347480000.0,1.16,1.9
2017-08-09,2474.02,-0.11818581782281398,3310960000.0,1.16,1.9
2017-08-10,2438.21,0.02793463645502925,3635820000.0,1.16,1.9
2017-08-14,2465.84,0.0652460684068501,2824320000.0,1.16,1.9
2017-08-16,2468.11,0.31851558154448867,2956570000.0,1.16,1.9
2017-08-17,2430.01,-0.2009934889152646,3164950000.0,1.16,1.9
2017-08-18,2425.55,-0.42202347330749035,3426970000.0,1.16,1.9
2017-08-21,2428.37,0.13759075198322535,2803650000.0,1.16,1.9
2017-08-22,2452.51,-0.26625105063430965,2780990000.0,1.16,1.9
2017-08-23,2444.04,0.30444553680717945,2796950000.0,1.16,1.9
2017-08-24,2438.97,-0.3429822970647365,2849680000.0,1.16,1.9
2017-08-28,2444.24,-0.27626296821981666,2682920000.0,1.16,1.9
2017-08-30,2457.59,0.09268496930599213,2637780000.0,1.16,1.9
2017-08-31,2471.65,-0.22234190627932549,3353860000.0,1.16,1.9
2017-09-01,2476.55,-0.9133615307509899,2712780000.0,1.15,2.2
2017-09-05,2457.85,-0.056370774284005165,3502190000.0,1.15,2.2
2017-09-06,2465.54,0.0354485798937579,3400200000.0,1.15,2.2
2017-09-07,2465.1,-0.09944605827331543,3365780000.0,1.15,2.2
2017-09-08,2461.43,0.053175137005746366,3308360000.0,1.15,2.2
2017-09-11,2488.11,0.8847222067415714,3293460000.0,1.15,2.2
2017-09-12,2496.48,0.28056692021588486,3234280000.0,1.15,2.2
2017-09-13,2498.37,0.5431079268455505,3371370000.0,1.15,2.2
2017-09-14,2495.62,0.833239165134728,3422470000.0,1.15,2.2
2017-09-15,2500.23,-0.41773216100409627,4862970000.0,1.15,2.2
2017-09-18,2503.87,-0.43107596784830093,3204700000.0,1.15,2.2
2017-09-19,2506.65,0.49147684732452035,3253760000.0,1.15,2.2
2017-09-20,2508.24,0.4822751637548208,3584570000.0,1.15,2.2
2017-09-21,2500.6,-0.8546325750648975,2965590000.0,1.15,2.2
2017-09-22,2502.22,-0.18754614181816578,2877980000.0,1.15,2.2
2017-09-25,2496.66,-0.921965915709734,3314530000.0,1.15,2.2
2017-09-26,2496.84,-0.3605446172878146,3070770000.0,1.15,2.2
2017-09-27,2507.04,-0.128907323256135,3485070000.0,1.15,2.2
2017-09-28,2510.06,0.8797466531395912,3173030000.0,1.15,2.2
2017-09-29,2519.36,0.40191423799842596,3220260000.0,1.15,2.2
2017-10-02,2529.12,-0.5049635088071227,3226370000.0,1.15,2.0
2017-10-03,2534.58,0.1075642357269923,3073480000.0,1.15,2.0
2017-10-04,2537.74,-0.27126435190439224,3020770000.0,1.15,2.0
2017-10-05,2552.07,0.8641485907137394,3059730000.0,1.15,2.0
2017-10-06,2549.33,-0.02267273608595133,2898270000.0,1.15,2.0
2017-10-09,2544.73,0.15001224974791208,2486940000.0,1.15,2.0
2017-10-10,2550.64,-0.07977477414533496,2962610000.0,1.15,2.0
2017-10-11,2555.24,0.06363129010424018,2991320000.0,1.15,2.0
2017-10-12,2550.93,-0.004456420429050922,3157280000.0,1.15,2.0
2017-10-13,2553.17,-0.4729329524561763,3150470000.0,1.15,2.0
2017-10-16,2557.64,-0.23828348920991024,2918030000.0,1.15,2.0
2017-10-17,2559.36,-0.031269202940166,2901890000.0,1.15,2.0
2017-10-18,2561.26,0.5966613329946995,2999320000.0,1.15,2.0
2017-10-19,2562.1,-0.2671359973028302,3019520000.0,1.15,2.0
2017-10-20,2575.21,-0.07988594379276037,3394450000.0,1.15,2.0
2017-10-23,2564.98,-0.035771037762363754,3214470000.0,1.15,2.0
2017-10-24,2569.13,-0.32340296879410746,3435660000.0,1.15,2.0
2017-10-25,2557.15,0.035019919741898775,3885470000.0,1.15,2.0
2017-10-27,2581.07,0.10394320636987686,3896100000.0,1.15,2.0
2017-10-30,2572.83,-0.459558280184865,3660230000.0,1.15,2.0
2017-10-31,2575.26,0.02823540351043145,3844420000.0,1.15,2.0
2017-11-01,2579.36,0.01237139105796814,3841200000.0,1.16,2.2
2017-11-02,2579.85,-0.15281262807548046,4050140000.0,1.16,2.2
2017-11-03,2587.84,-0.4665730958804488,3568710000.0,1.16,2.2
2017-11-06,2591.13,0.18804943255547965,3541970000.0,1.16,2.2
2017-11-07,2590.64,-0.3333210072790583,3815190000.0,1.16,2.2
2017-11-08,2594.38,-0.00020127324387431145,3898450000.0,1.16,2.2
2017-11-09,2584.62,0.20833216918011507,3844100000.0,1.16,2.2
2017-11-10,2582.3,0.3948964700102806,3489740000.0,1.16,2.2
2017-11-13,2584.84,-0.3658093909422557,3405200000.0,1.16,2.2
2017-11-14,2578.87,-0.09241073615849019,3643580000.0,1.16,2.2
2017-11-15,2564.62,-0.14092203602194786,3586590000.0,1.16,2.2
2017-11-16,2585.64,0.2898237720752756,3329730000.0,1.16,2.2
2017-11-20,2582.14,-0.011486308028300604,3023940000.0,1.16,2.2
2017-11-21,2599.03,-0.21026923942069212,3351230000.0,1.16,2.2
2017-11-22,2597.08,-0.03189909644424915,2764110000.0,1.16,2.2
2017-11-24,2602.42,-0.059059880673885345,1385890000.0,1.16,2.2
2017-11-29,2626.07,0.5872252664218346,4090630000.0,1.16,2.2
2017-11-30,2647.58,0.13910149689763784,4965700000.0,1.16,2.2
2017-12-04,2639.44,-0.006591159850358963,4025840000.0,1.3,2.1
2017-12-05,2629.57,0.01571807637810707,3547570000.0,1.3,2.1
2017-12-06,2629.27,-0.04142482578754425,3253080000.0,1.3,2.1
2017-12-07,2636.98,0.3309210198931396,3297060000.0,1.3,2.1
2017-12-08,2651.5,-0.032120650013287864,3126750000.0,1.3,2.1
2017-12-11,2659.99,-0.0740376056637615,3141480000.0,1.3,2.1
2017-12-18,2690.16,0.06093698926270008,3727770000.0,1.3,2.1
2017-12-19,2681.47,-0.004362389910966158,3407680000.0,1.3,2.1
2017-12-20,2679.25,-0.03199875121936202,3246230000.0,1.3,2.1
2017-12-21,2684.57,0.41013297950848937,3293130000.0,1.3,2.1
2017-12-22,2683.34,-0.2392941660558184,2401030000.0,1.3,2.1
2017-12-26,2680.5,0.28198859964807826,1970660000.0,1.3,2.1
2017-12-27,2682.62,0.682691290974617,2202900000.0,1.3,2.1
2017-12-28,2687.54,-0.14796868696187934,2174890000.0,1.3,2.1
2017-12-29,2673.61,0.24202970104912916,2447760000.0,1.3,2.1
2018-01-02,2695.81,0.31974712055590415,3397430000.0,1.41,2.1
2018-01-03,2713.06,0.2074987723802527,3544030000.0,1.41,2.1
2018-01-04,2723.99,-0.12437989935278893,3697340000.0,1.41,2.1
2018-01-05,2743.15,0.14617449045181274,3239280000.0,1.41,2.1
2018-01-08,2747.71,0.12919204961508512,3246160000.0,1.41,2.1
2018-01-09,2751.29,0.5282579958438873,3467460000.0,1.41,2.1
2018-01-10,2748.23,0.1704922802746296,3579900000.0,1.41,2.1
2018-01-12,2786.24,-0.15781904632846513,3587220000.0,1.41,2.1
2018-01-16,2776.42,0.25599823240190744,4362880000.0,1.41,2.1
2018-01-17,2802.56,0.268415713061889,3790340000.0,1.41,2.1
2018-01-18,2798.03,0.3489924408495426,3703300000.0,1.41,2.1
2018-01-19,2810.3,0.011360724767049154,3724230000.0,1.41,2.1
2018-01-22,2832.97,-0.04581400208796064,3489480000.0,1.41,2.1
2018-01-23,2839.13,0.2778221042826772,3541140000.0,1.41,2.1
2018-01-24,2837.54,0.04395782947540283,4079270000.0,1.41,2.1
2018-01-25,2839.25,0.06385472882539034,3873100000.0,1.41,2.1
2018-01-26,2872.87,0.154096908091257,3474680000.0,1.41,2.1
2018-01-29,2853.53,0.009810213930904865,3587420000.0,1.41,2.1
2018-01-30,2822.43,-0.35334467169429573,4012070000.0,1.41,2.1
2018-01-31,2823.81,-0.011941989262898764,4276270000.0,1.41,2.1
2018-02-01,2821.98,0.040197049453854564,3977380000.0,1.42,2.2
2018-02-02,2762.13,-0.2245984986158354,4340220000.0,1.42,2.2
2018-02-05,2648.94,-0.8093803988303989,5310840000.0,1.42,2.2
2018-02-06,2695.14,-0.13865728924671808,5917350000.0,1.42,2.2
2018-02-07,2681.66,-0.39159341249614954,4646300000.0,1.42,2.2
2018-02-08,2581.0,-0.35971999471075833,5333840000.0,1.42,2.2
2018-02-09,2619.55,-0.3257267313698928,5690110000.0,1.42,2.2
2018-02-12,2656.0,-0.06758141967778404,4069220000.0,1.42,2.2
2018-02-13,2662.94,-0.22715901459256807,3503540000.0,1.42,2.2
2018-02-14,2698.63,0.8275945745408535,4011940000.0,1.42,2.2
2018-02-15,2731.2,0.47756579630076884,3696140000.0,1.42,2.2
2018-02-16,2732.22,-0.12108470196835697,3646920000.0,1.42,2.2
2018-02-20,2716.26,-0.3461980135180056,3646920000.0,1.42,2.2
2018-02-21,2701.33,-0.06452730670571327,3789040000.0,1.42,2.2
2018-02-22,2703.96,-0.24670382216572762,3720620000.0,1.42,2.2
2018-02-23,2747.3,0.10230105090886354,3200360000.0,1.42,2.2
2018-02-26,2779.6,0.09287635376676917,3436590000.0,1.42,2.2
2018-02-27,2744.28,-0.5552911572158337,3752070000.0,1.42,2.2
2018-02-28,2713.83,-0.2266471643000841,4244570000.0,1.42,2.2
2018-03-01,2677.67,0.37742544524371624,4514490000.0,1.51,2.4
2018-03-02,2691.25,-0.49782135896384716,3891250000.0,1.51,2.4
2018-03-05,2720.94,0.011228613555431366,3733640000.0,1.51,2.4
2018-03-06,2728.12,-0.05110369808971882,3389030000.0,1.51,2.4
2018-03-07,2726.8,-0.2959375139325857,3406690000.0,1.51,2.4
2018-03-08,2738.97,-0.1774633772050341,3206040000.0,1.51,2.4
2018-03-09,2786.57,-0.0855373206237952,3376870000.0,1.51,2.4
2018-03-12,2783.02,-0.1598861537873745,3216960000.0,1.51,2.4
2018-03-13,2765.31,-0.03308655344881117,3324290000.0,1.51,2.4
2018-03-14,2749.48,-0.27708722340563935,3394630000.0,1.51,2.4
2018-03-15,2747.33,-0.04951709508895874,3543710000.0,1.51,2.4
2018-03-16,2752.01,-0.2013704627752304,5429140000.0,1.51,2.4
2018-03-19,2712.92,-0.4296711841598153,3327460000.0,1.51,2.4
2018-03-20,2716.94,0.04993726002673308,3272590000.0,1.51,2.4
2018-03-21,2711.93,0.1385207287967205,3434780000.0,1.51,2.4
2018-03-22,2643.69,0.06568915396928787,3765460000.0,1.51,2.4
2018-03-23,2588.26,-0.6145762205123901,3829380000.0,1.51,2.4
2018-03-26,2658.55,-0.021781253317991894,3538080000.0,1.51,2.4
2018-03-27,2612.62,0.058540433179587126,3761320000.0,1.51,2.4
2018-03-28,2605.0,-0.6040580729022622,3875720000.0,1.51,2.4
2018-03-29,2640.87,-0.03540905215777457,3572360000.0,1.51,2.4
2018-04-02,2581.88,-0.370192785281688,3635780000.0,1.69,2.5
2018-04-03,2614.45,0.11897331289947033,3395840000.0,1.69,2.5
2018-04-04,2644.69,-0.03475081827491522,3369230000.0,1.69,2.5
2018-04-05,2662.84,0.5939189018681645,3230430000.0,1.69,2.5
2018-04-06,2604.47,-0.27850984781980515,3312390000.0,1.69,2.5
2018-04-09,2613.16,0.06967076969643433,3076140000.0,1.69,2.5
2018-04-10,2656.87,0.05833193752914667,3579130000.0,1.69,2.5
2018-04-11,2642.19,-0.3966309311799705,3054520000.0,1.69,2.5
2018-04-12,2663.99,0.0003839321434497833,3045330000.0,1.69,2.5
2018-04-13,2656.3,0.23070798317591348,2988540000.0,1.69,2.5
2018-04-16,2677.84,0.33818772885327536,3020740000.0,1.69,2.5
2018-04-17,2706.39,-0.031002727570012212,3286190000.0,1.69,2.5
2018-04-18,2708.64,0.012248330439130465,3412030000.0,1.69,2.5
2018-04-19,2693.13,-0.009401604533195496,3375120000.0,1.69,2.5
2018-04-23,2670.29,0.2655111315349738,3030390000.0,1.69,2.5
2018-04-24,2634.56,-0.16465726432700953,3716020000.0,1.69,2.5
2018-04-25,2639.4,-0.14113459158688785,3563680000.0,1.69,2.5
2018-04-26,2666.94,-0.22335034608840942,3690920000.0,1.69,2.5
2018-04-27,2669.91,-0.27494507903854054,3234510000.0,1.69,2.5
2018-04-30,2648.05,-0.0996790723875165,3749510000.0,1.69,2.5
2018-05-01,2654.8,0.07565074600279331,3562820000.0,1.7,2.8
2018-05-02,2635.67,-0.19758775271475315,4047020000.0,1.7,2.8
2018-05-03,2629.73,0.00022953166626393795,3867530000.0,1.7,2.8
2018-05-04,2663.42,0.002644822932779789,3335260000.0,1.7,2.8
2018-05-07,2672.63,-0.01387017716964086,3266810000.0,1.7,2.8
2018-05-08,2671.92,0.14854437112808228,3745100000.0,1.7,2.8
2018-05-09,2697.79,-0.17038581892848015,3913650000.0,1.7,2.8
2018-05-10,2723.07,-0.4422883717343211,3380640000.0,1.7,2.8
2018-05-11,2727.72,0.42426773393526673,2874850000.0,1.7,2.8
2018-05-14,2730.13,-0.03656518110074103,2994360000.0,1.7,2.8
2018-05-15,2711.45,-0.9353837687522173,3291190000.0,1.7,2.8
2018-05-16,2722.46,-0.005491321596006553,3248480000.0,1.7,2.8
2018-05-17,2720.13,-0.15509855607524514,3478150000.0,1.7,2.8
2018-05-18,2712.97,0.16840356215834618,3383270000.0,1.7,2.8
2018-05-21,2733.01,-0.020926726050674915,3053480000.0,1.7,2.8
2018-05-22,2724.44,0.05030528679490089,3384140000.0,1.7,2.8
2018-05-23,2733.29,0.04033482261002064,3333160000.0,1.7,2.8
2018-05-24,2727.76,-0.14959107618778944,3285750000.0,1.7,2.8
2018-05-25,2721.33,0.38876644149422646,3015260000.0,1.7,2.8
2018-05-29,2689.86,-0.09067724226042628,3743310000.0,1.7,2.8
2018-05-30,2724.01,0.47530560195446014,3566490000.0,1.7,2.8
2018-05-31,2705.27,-0.6969642862677574,4241100000.0,1.7,2.8
2018-06-01,2734.62,0.21626716293394566,3694310000.0,1.82,2.9
2018-06-04,2746.87,0.1535195621351401,3410090000.0,1.82,2.9
2018-06-05,2748.8,0.18333085409055153,3523550000.0,1.82,2.9
2018-06-06,2772.35,0.009497053921222687,3662780000.0,1.82,2.9
2018-06-07,2770.37,0.4287372687831521,3742080000.0,1.82,2.9
2018-06-08,2779.03,0.291410080390051,3138850000.0,1.82,2.9
2018-06-11,2782.0,0.022595064714550972,3262130000.0,1.82,2.9
2018-06-12,2786.85,-0.009970910381525755,3435700000.0,1.82,2.9
2018-06-13,2775.63,0.21869814046658576,3820770000.0,1.82,2.9
2018-06-14,2782.49,0.0315445763990283,3540930000.0,1.82,2.9
2018-06-15,2779.66,-0.3432827240321785,5451990000.0,1.82,2.9
2018-06-18,2773.75,-0.3191324196135004,3316120000.0,1.82,2.9
2018-06-19,2762.59,-0.29999195458367467,3671160000.0,1.82,2.9
2018-06-20,2767.32,0.013036341220140458,3332140000.0,1.82,2.9
2018-06-21,2749.76,-0.022681837901473045,3336580000.0,1.82,2.9
2018-06-22,2754.88,0.42688765097409487,5468110000.0,1.82,2.9
2018-06-25,2717.07,-0.00617329403758049,3663280000.0,1.82,2.9
2018-06-26,2723.06,0.6728606075048447,3568900000.0,1.82,2.9
2018-06-27,2699.63,-0.02197210801144441,3803990000.0,1.82,2.9
2018-06-28,2716.31,-0.18479522364214063,3461100000.0,1.82,2.9
2018-07-02,2726.71,0.2705188598483801,3095040000.0,1.91,2.9
2018-07-03,2713.22,-0.040645296685397625,1911460000.0,1.91,2.9
2018-07-05,2736.61,0.4189133020117879,2980160000.0,1.91,2.9
2018-07-06,2759.82,0.13870688683042923,2590250000.0,1.91,2.9
2018-07-09,2784.17,-0.03817689527447025,3070060000.0,1.91,2.9
2018-07-10,2793.84,-0.005896334270281451,3080140000.0,1.91,2.9
2018-07-11,2774.02,-0.09532117564231157,2986180000.0,1.91,2.9
2018-07-12,2798.29,0.02321103774011135,2834230000.0,1.91,2.9
2018-07-13,2801.31,-0.4309752872213721,2619790000.0,1.91,2.9
2018-07-16,2798.43,0.02891297811376197,2819860000.0,1.91,2.9
2018-07-17,2809.55,0.05399613237629334,3064920000.0,1.91,2.9
2018-07-18,2815.62,0.4507151022553444,3111560000.0,1.91,2.9
2018-07-19,2804.49,-0.06103648990392685,3278360000.0,1.91,2.9
2018-07-20,2801.83,-0.11909578492244084,3243250000.0,1.91,2.9
2018-07-23,2806.98,-0.025582749396562576,2928490000.0,1.91,2.9
2018-07-24,2820.4,-0.23532867897301912,3430410000.0,1.91,2.9
2018-07-25,2846.07,0.8823527619242668,3584400000.0,1.91,2.9
2018-07-26,2837.44,-0.016095032170414924,3667290000.0,1.91,2.9
2018-07-27,2818.82,0.2394442658405751,3434370000.0,1.91,2.9
2018-07-30,2802.6,0.1272070597857237,3261190000.0,1.91,2.9
2018-07-31,2816.29,-0.23637550743296742,3906890000.0,1.91,2.9
2018-08-01,2813.36,-0.26074447979529697,3501350000.0,1.91,2.7
2018-08-02,2827.22,0.006677927449345589,3501380000.0,1.91,2.7
2018-08-03,2840.35,0.4911073949187994,3043690000.0,1.91,2.7
2018-08-06,2850.4,-0.09014373701065778,2879020000.0,1.91,2.7
2018-08-07,2858.45,0.5504796703656515,3185440000.0,1.91,2.7
2018-08-08,2857.7,0.4052500696852803,2978070000.0,1.91,2.7
2018-08-09,2853.58,0.211846355907619,3066180000.0,1.91,2.7
2018-08-10,2833.28,-0.4539425953601797,3265590000.0,1.91,2.7
2018-08-13,2821.93,-0.34407653970022994,3173630000.0,1.91,2.7
2018-08-14,2839.96,0.40481191501021385,2986500000.0,1.91,2.7
2018-08-15,2818.37,0.09775431081652641,3656680000.0,1.91,2.7
2018-08-16,2840.69,0.06140834310402473,3232000000.0,1.91,2.7
2018-08-20,2857.05,0.3850897066295147,2757150000.0,1.91,2.7
2018-08-21,2862.96,0.27216922284828293,3174010000.0,1.91,2.7
2018-08-22,2861.82,0.16753691136837007,2701250000.0,1.91,2.7
2018-08-23,2856.98,0.22801864271362624,2724450000.0,1.91,2.7
2018-08-24,2874.69,0.1287836474366486,2603010000.0,1.91,2.7
2018-08-27,2896.74,0.04754891867438952,2865070000.0,1.91,2.7
2018-08-28,2897.52,0.035429195128381254,2687770000.0,1.91,2.7
2018-08-29,2914.04,-0.7834741643940409,2805520000.0,1.91,2.7
2018-08-30,2901.13,0.10167623311281204,2810450000.0,1.91,2.7
2018-08-31,2901.52,0.03198483151694139,2887220000.0,1.91,2.7
2018-09-04,2896.72,0.05360171260933081,3087420000.0,1.95,2.3
2018-09-05,2888.6,-0.30743094980716706,3248780000.0,1.95,2.3
2018-09-06,2878.05,0.41833092365413904,3144240000.0,1.95,2.3
2018-09-07,2871.68,0.9093471318483353,2976580000.0,1.95,2.3
2018-09-10,2877.13,0.716831598430872,2751100000.0,1.95,2.3
2018-09-11,2887.89,-0.11055492237210274,2904500000.0,1.95,2.3
2018-09-12,2888.92,0.10743352654390037,3341280000.0,1.95,2.3
2018-09-13,2904.18,-0.06404053419828415,3274090000.0,1.95,2.3
2018-09-14,2904.98,-0.4773949673399329,3179410000.0,1.95,2.3
2018-09-17,2888.8,0.11791687846804659,2967980000.0,1.95,2.3
2018-09-19,2907.95,-0.2792087569832802,3302460000.0,1.95,2.3
2018-09-20,2930.75,-0.04920694977045059,3406520000.0,1.95,2.3
2018-09-21,2929.67,0.5535021390765905,5652470000.0,1.95,2.3
2018-09-24,2919.37,0.017077764496207237,3392030000.0,1.95,2.3
2018-09-26,2905.97,-0.4016332244500518,3417540000.0,1.95,2.3
2018-09-27,2914.0,-0.22487982362508774,3101360000.0,1.95,2.3
2018-09-28,2913.98,-0.22177458368241787,3461680000.0,1.95,2.3
2018-10-01,2924.59,-0.2888967553153634,3375890000.0,2.19,2.5
2018-10-02,2923.43,-0.07415568828582764,3432620000.0,2.19,2.5
2018-10-03,2925.51,-0.048304880410432814,3625510000.0,2.19,2.5
2018-10-04,2901.61,0.08166104182600975,3510370000.0,2.19,2.5
2018-10-08,2884.43,-0.09381009638309479,3381820000.0,2.19,2.5
2018-10-09,2880.34,-0.4480447955429554,3531690000.0,2.19,2.5
2018-10-10,2785.68,-0.33638481407736737,4554260000.0,2.19,2.5
2018-10-11,2728.37,-0.26815500063821673,4914090000.0,2.19,2.5
2018-10-12,2767.13,-0.4774985406547785,4024010000.0,2.19,2.5
2018-10-15,2750.79,-0.18925975132733583,3327160000.0,2.19,2.5
2018-10-16,2809.92,-0.6982653047889471,3460260000.0,2.19,2.5
2018-10-17,2809.21,-0.4448069706559181,3347090000.0,2.19,2.5
2018-10-18,2768.78,0.20843389863148332,3639300000.0,2.19,2.5
2018-10-19,2767.78,-0.3455776112775008,3593940000.0,2.19,2.5
2018-10-22,2755.88,-0.15097126131877303,3331270000.0,2.19,2.5
2018-10-23,2740.69,-0.38642518362030387,4373710000.0,2.19,2.5
2018-10-24,2656.1,-0.6137116063120109,4738670000.0,2.19,2.5
2018-10-25,2705.57,-0.6725896752128998,4663930000.0,2.19,2.5
2018-10-26,2658.69,-0.6035495388011137,4804330000.0,2.19,2.5
2018-10-29,2641.25,-0.4909948518499732,4701260000.0,2.19,2.5
2018-10-30,2682.63,0.2709402985870838,5125600000.0,2.19,2.5
2018-10-31,2711.74,-0.31186874192208053,5133380000.0,2.19,2.5
2018-11-01,2740.37,0.020857149735093117,4730250000.0,2.2,2.2
2018-11-02,2723.06,-0.02476147562265396,4261230000.0,2.2,2.2
2018-11-05,2738.31,-0.05282153561711311,3650910000.0,2.2,2.2
2018-11-06,2755.45,0.2483544093556702,3543800000.0,2.2,2.2
2018-11-07,2813.89,-0.31005666898563505,3929080000.0,2.2,2.2
2018-11-08,2806.83,0.033543660615881286,3673550000.0,2.2,2.2
2018-11-12,2726.22,-0.3660196950659156,3701570000.0,2.2,2.2
2018-11-13,2722.18,0.360492467880249,4112820000.0,2.2,2.2
2018-11-14,2701.58,-0.029082060015449922,4449060000.0,2.2,2.2
2018-11-15,2730.2,-0.39548747381195426,4204960000.0,2.2,2.2
2018-11-16,2736.27,1.705065369606018e-05,3996970000.0,2.2,2.2
2018-11-19,2690.73,-0.33408231873597416,3806940000.0,2.2,2.2
2018-11-20,2641.89,-0.26827918412163854,4370820000.0,2.2,2.2
2018-11-21,2649.93,-0.15630243190874657,3237400000.0,2.2,2.2
2018-11-23,2632.56,-0.9045059233903885,1651680000.0,2.2,2.2
2018-11-26,2673.45,0.04768756916746497,3523520000.0,2.2,2.2
2018-11-27,2682.17,-0.11350797419436276,3494380000.0,2.2,2.2
2018-11-28,2743.79,-0.5609492268413305,3984540000.0,2.2,2.2
2018-11-29,2737.8,-0.5028194913640618,3599200000.0,2.2,2.2
2018-11-30,2760.17,-0.002984958700835705,4668310000.0,2.2,2.2
2018-12-03,2790.37,0.2567566214129329,4221580000.0,2.27,1.9
2018-12-04,2700.06,-0.3517574921250343,4515710000.0,2.27,1.9
2018-12-06,2695.95,0.04659219132736325,5180430000.0,2.27,1.9
2018-12-07,2633.08,-0.732380710542202,4242240000.0,2.27,1.9
2018-12-10,2637.72,-0.6968509461730719,4162880000.0,2.27,1.9
2018-12-11,2636.78,0.14037823118269444,3963440000.0,2.27,1.9
2018-12-12,2651.07,0.02307521626353264,4029300000.0,2.27,1.9
2018-12-13,2650.54,0.007868973165750503,3978340000.0,2.27,1.9
2018-12-14,2599.95,-0.5301927924156189,4064370000.0,2.27,1.9
2018-12-17,2545.94,-0.44878195486962796,4661420000.0,2.27,1.9
2018-12-18,2546.16,-0.45314658087279114,4519190000.0,2.27,1.9
2018-12-19,2506.96,-0.11951533006504178,5152830000.0,2.27,1.9
2018-12-20,2467.42,-0.5758846794875959,5619780000.0,2.27,1.9
2018-12-21,2416.62,-0.299040918238461,7657890000.0,2.27,1.9
2018-12-24,2351.1,0.01714803173672408,2613670000.0,2.27,1.9
2018-12-26,2467.7,0.030478061073356204,4249740000.0,2.27,1.9
2018-12-27,2488.83,-0.11824902426451445,4139010000.0,2.27,1.9
2018-12-28,2485.74,-0.2643632745991151,3728440000.0,2.27,1.9
2018-12-31,2506.85,-0.5448544423150665,3461920000.0,2.27,1.9
2019-01-02,2510.03,-0.1542760506272316,3733160000.0,2.4,1.6
2019-01-03,2447.89,0.029841260239481925,3858830000.0,2.4,1.6
2019-01-04,2531.94,-0.3402865406125784,4234140000.0,2.4,1.6
2019-01-07,2549.69,0.005118206143379211,4133120000.0,2.4,1.6
2019-01-08,2574.41,0.2274691727012396,4120060000.0,2.4,1.6
2019-01-09,2584.96,-0.23501560501754284,4088740000.0,2.4,1.6
2019-01-10,2596.64,0.060286372900009155,3721300000.0,2.4,1.6
2019-01-11,2596.26,0.41589212355514366,3447460000.0,2.4,1.6
2019-01-14,2582.61,-0.1408326041419059,3689370000.0,2.4,1.6
2019-01-15,2610.3,-0.9388889502733946,3601180000.0,2.4,1.6
2019-01-16,2616.1,0.2710394375026226,3882180000.0,2.4,1.6
2019-01-17,2635.96,-0.13127782312221825,3802410000.0,2.4,1.6
2019-01-18,2670.71,0.013484756595322065,4009010000.0,2.4,1.6
2019-01-22,2632.9,-0.13800110621377826,3923950000.0,2.4,1.6
2019-01-23,2638.7,0.06816426105797291,3358770000.0,2.4,1.6
2019-01-24,2642.33,-0.4412029491116603,3449230000.0,2.4,1.6
2019-01-25,2664.76,0.014859581366181374,3821000000.0,2.4,1.6
2019-01-28,2643.85,-0.09342496283352375,3630820000.0,2.4,1.6
2019-01-29,2640.0,0.1235350756905973,3518070000.0,2.4,1.6
2019-01-30,2681.05,0.11242987960577011,3883270000.0,2.4,1.6
2019-01-31,2704.1,0.28537079244852065,4953800000.0,2.4,1.6
2019-02-01,2706.53,-0.20839125476777554,3782490000.0,2.4,1.5
2019-02-04,2724.87,-0.18025710713118315,3369450000.0,2.4,1.5
2019-02-05,2737.7,0.16203066256518164,3597620000.0,2.4,1.5
2019-02-06,2731.61,0.002597554586827755,3486590000.0,2.4,1.5
2019-02-07,2706.05,0.6778124971315265,4114040000.0,2.4,1.5
2019-02-08,2707.88,-0.1954840204368035,3649510000.0,2.4,1.5
2019-02-11,2709.8,0.571506286971271,3395330000.0,2.4,1.5
2019-02-12,2744.73,-0.06483007855713367,3843020000.0,2.4,1.5
2019-02-13,2753.03,0.018470619406018938,3684910000.0,2.4,1.5
2019-02-14,2745.73,-0.006972950883209705,3845390000.0,2.4,1.5
2019-02-15,2775.6,-0.7383044851012528,3648680000.0,2.4,1.5
2019-02-19,2779.76,-0.1951280323167642,3535270000.0,2.4,1.5
2019-02-20,2784.7,0.31695242729038,3904830000.0,2.4,1.5
2019-02-21,2774.88,0.049773490987718105,3598260000.0,2.4,1.5
2019-02-22,2792.67,0.23692763224244118,3429350000.0,2.4,1.5
2019-02-25,2796.11,-0.17141735516488552,3860260000.0,2.4,1.5
2019-02-26,2793.9,0.14366021379828453,3676200000.0,2.4,1.5
2019-02-27,2792.38,-0.05836587641388178,3771790000.0,2.4,1.5
2019-02-28,2784.49,0.39403256960213184,4445780000.0,2.4,1.5
2019-03-01,2803.69,0.27252597343176604,3994950000.0,2.41,1.9
2019-03-04,2792.81,-0.7097197072580457,3949730000.0,2.41,1.9
2019-03-05,2789.65,-0.2254780415445566,3631380000.0,2.41,1.9
2019-03-06,2771.45,-0.9628493441268802,3800180000.0,2.41,1.9
2019-03-07,2748.93,0.15948929451406002,3932150000.0,2.41,1.9
2019-03-08,2743.07,0.16432612901553512,3424300000.0,2.41,1.9
2019-03-11,2783.3,0.11046889734764893,3764850000.0,2.41,1.9
2019-03-12,2791.52,0.8752718698233366,3432340000.0,2.41,1.9
2019-03-13,2810.92,-0.2737587187439203,3782250000.0,2.41,1.9
2019-03-14,2808.48,0.18408667171994844,3505670000.0,2.41,1.9
2019-03-15,2822.48,-0.16066963358649186,5969780000.0,2.41,1.9
2019-03-18,2832.94,-0.22086213001360497,3620770000.0,2.41,1.9
2019-03-19,2832.57,-0.9169929437339306,3650740000.0,2.41,1.9
2019-03-21,2854.88,0.41333523113280535,3612620000.0,2.41,1.9
2019-03-22,2800.71,-0.934407758526504,4253730000.0,2.41,1.9
2019-03-25,2798.36,0.13388852328062056,3406110000.0,2.41,1.9
2019-03-26,2818.46,0.3937291018664837,3288570000.0,2.41,1.9
2019-03-27,2805.37,0.06258101854473352,3422400000.0,2.41,1.9
2019-03-28,2815.44,-0.2816995996981859,3185460000.0,2.41,1.9
2019-03-29,2834.4,0.12843731194734573,3752520000.0,2.41,1.9
2019-04-01,2867.19,0.16980964485555888,3560090000.0,2.42,2.0
2019-04-02,2867.24,0.2123924090216557,3267210000.0,2.42,2.0
2019-04-03,2873.4,0.09308861382305622,3570000000.0,2.42,2.0
2019-04-04,2879.39,-0.011535573129852613,3038740000.0,2.42,2.0
2019-04-05,2892.74,0.3979906439781189,3155970000.0,2.42,2.0
2019-04-08,2895.77,0.031549828499555586,3056460000.0,2.42,2.0
2019-04-09,2878.2,0.27952873066533357,3032480000.0,2.42,2.0
2019-04-10,2888.21,0.9070569612085819,3092230000.0,2.42,2.0
2019-04-11,2888.32,-0.20513452496379614,2970650000.0,2.42,2.0
2019-04-12,2907.41,0.03254825777063767,3726050000.0,2.42,2.0
2019-04-15,2905.58,-0.8990507503040135,3114530000.0,2.42,2.0
2019-04-16,2907.06,-0.50404342263937,3403120000.0,2.42,2.0
2019-04-17,2900.45,0.5465303119271994,3648100000.0,2.42,2.0
2019-04-18,2905.03,0.3431290239095688,3507100000.0,2.42,2.0
2019-04-22,2907.97,0.32499091140925884,3010130000.0,2.42,2.0
2019-04-23,2933.68,0.3213002301752567,3674480000.0,2.42,2.0
2019-04-24,2927.25,0.03449623938649893,3468480000.0,2.42,2.0
2019-04-25,2926.17,-0.3881546841003001,3440010000.0,2.42,2.0
2019-04-26,2939.88,0.056852156606813274,3264390000.0,2.42,2.0
2019-04-29,2943.03,0.0815489194355905,3150390000.0,2.42,2.0
2019-04-30,2945.83,0.03454904071986675,3939760000.0,2.42,2.0
2019-05-01,2923.73,-0.5976880968858799,3669330000.0,2.39,1.8
2019-05-02,2917.52,0.04380739387124777,3802290000.0,2.39,1.8
2019-05-03,2945.64,-0.2813265236715476,3357180000.0,2.39,1.8
2019-05-06,2932.47,0.40584475733339787,3203260000.0,2.39,1.8
2019-05-07,2884.05,-0.01748519204556942,3793060000.0,2.39,1.8
2019-05-08,2879.42,-0.187902550958097,3543110000.0,2.39,1.8
2019-05-09,2870.72,0.03429481262962023,3659050000.0,2.39,1.8
2019-05-10,2881.4,-0.18589477241039276,3566780000.0,2.39,1.8
2019-05-13,2811.87,0.026944176604350407,3900270000.0,2.39,1.8
2019-05-14,2834.41,0.005089613050222397,3354860000.0,2.39,1.8
2019-05-15,2850.96,-0.0688606002368033,3140900000.0,2.39,1.8
2019-05-16,2876.32,-0.41207351566602785,3338470000.0,2.39,1.8
2019-05-17,2859.53,-0.0698354933410883,3316040000.0,2.39,1.8
2019-05-20,2840.23,-0.12208812572062015,3293750000.0,2.39,1.8
2019-05-21,2864.36,-0.23949001356959343,3223050000.0,2.39,1.8
2019-05-22,2856.27,-0.04757154701898495,3194000000.0,2.39,1.8
2019-05-23,2822.24,-0.49594249327977497,3899320000.0,2.39,1.8
2019-05-24,2826.06,0.3936074359808117,2889230000.0,2.39,1.8
2019-05-28,2802.39,-0.3532591875021656,4146980000.0,2.39,1.8
2019-05-29,2783.02,0.32163045431176823,3701110000.0,2.39,1.8
2019-05-30,2788.86,-0.5808021953950325,3276030000.0,2.39,1.8
2019-05-31,2752.06,-0.9486272446811199,3982670000.0,2.39,1.8
2019-06-03,2744.45,-0.3967786158124606,3952360000.0,2.38,1.6
2019-06-04,2803.27,0.0762397674843669,3814130000.0,2.38,1.6
2019-06-05,2826.15,0.20930913998745382,3570760000.0,2.38,1.6
2019-06-06,2843.49,-0.058027999475598335,3445140000.0,2.38,1.6
2019-06-07,2873.34,0.12054575867950916,3244380000.0,2.38,1.6
2019-06-10,2886.73,0.29140612483024597,3209890000.0,2.38,1.6
2019-06-11,2885.72,0.20588075146079063,3551000000.0,2.38,1.6
2019-06-12,2879.84,0.1666963854804635,3039870000.0,2.38,1.6
2019-06-13,2891.64,-0.15005860831588508,3100640000.0,2.38,1.6
2019-06-17,2889.67,0.02738522132858634,2828400000.0,2.38,1.6
2019-06-18,2917.75,-0.03267648071050644,3441540000.0,2.38,1.6
2019-06-19,2926.46,-0.18446251967300972,3300220000.0,2.38,1.6
2019-06-20,2954.18,0.3366162966315945,3943060000.0,2.38,1.6
2019-06-21,2950.46,0.01639745260278384,5003540000.0,2.38,1.6
2019-06-24,2945.35,0.19828716913859049,3136960000.0,2.38,1.6
2019-06-25,2917.38,-0.19834497815463692,3579430000.0,2.38,1.6
2019-06-26,2913.78,-0.23147481307387352,3511350000.0,2.38,1.6
2019-06-27,2924.92,-0.953174433670938,3162500000.0,2.38,1.6
2019-06-28,2941.76,0.050614397041499615,5422650000.0,2.38,1.6
2019-07-01,2964.33,-0.01888945885002613,3524860000.0,2.4,1.8
2019-07-02,2973.01,0.901121499016881,3224490000.0,2.4,1.8
2019-07-03,2995.82,-0.01766753662377596,1963570000.0,2.4,1.8
2019-07-05,2990.41,-0.03234450425952673,2434680000.0,2.4,1.8
2019-07-08,2975.95,0.00815091903011004,2922360000.0,2.4,1.8
2019-07-10,2993.07,-0.24276453745551407,3157800000.0,2.4,1.8
2019-07-11,2999.91,0.279491662979126,3155710000.0,2.4,1.8
2019-07-12,3013.77,-0.17985352501273155,2984140000.0,2.4,1.8
2019-07-15,3014.3,0.2588078820457061,2876100000.0,2.4,1.8
2019-07-16,3004.04,0.023703694343566895,3297030000.0,2.4,1.8
2019-07-17,2984.42,0.00895894505083561,3185650000.0,2.4,1.8
2019-07-18,2995.11,-0.275683656334877,3369820000.0,2.4,1.8
2019-07-19,2976.61,-0.5092830382287502,3285890000.0,2.4,1.8
2019-07-22,2985.03,0.1510058674030006,3016200000.0,2.4,1.8
2019-07-23,3005.47,0.4238492716103792,3333810000.0,2.4,1.8
2019-07-24,3019.56,-0.32490288962920505,3433220000.0,2.4,1.8
2019-07-25,3003.67,0.2565842393785715,3657050000.0,2.4,1.8
2019-07-26,3025.86,0.2845261509840687,3260170000.0,2.4,1.8
2019-07-29,3020.97,-0.010649170726537704,3224490000.0,2.4,1.8
2019-07-30,3013.18,-0.14472865276038646,3632770000.0,2.4,1.8
2019-07-31,2980.38,-0.03639214299619198,4626330000.0,2.4,1.8
2019-08-01,2953.56,-0.3632243952015415,4793810000.0,2.13,1.7
2019-08-02,2932.05,-0.6229099823782841,3882810000.0,2.13,1.7
2019-08-05,2844.74,-0.48350247903726995,4542850000.0,2.13,1.7
2019-08-06,2881.77,0.1495329256479939,4156640000.0,2.13,1.7
2019-08-07,2883.98,-0.38442565753523794,4512720000.0,2.13,1.7
2019-08-08,2938.09,-0.40150673035532236,4118530000.0,2.13,1.7
2019-08-09,2918.65,-0.23144074599258602,3356850000.0,2.13,1.7
2019-08-12,2882.7,0.020585537888109684,3328570000.0,2.13,1.7
2019-08-13,2926.32,-0.2923186216503382,3857190000.0,2.13,1.7
2019-08-14,2840.6,-0.31568719912320375,4325150000.0,2.13,1.7
2019-08-15,2847.6,-0.13888734051336846,4041720000.0,2.13,1.7
2019-08-16,2888.68,-0.1733882836997509,3524080000.0,2.13,1.7
2019-08-19,2923.65,0.5031841717039546,3221050000.0,2.13,1.7
2019-08-20,2900.51,-0.17358656823635102,3067710000.0,2.13,1.7
2019-08-21,2924.43,0.17204393143765628,3016540000.0,2.13,1.7
2019-08-22,2922.95,-0.2179924494897326,2893660000.0,2.13,1.7
2019-08-23,2847.11,7.567058006922404e-05,3942520000.0,2.13,1.7
2019-08-26,2878.38,-0.1754779047332704,2859790000.0,2.13,1.7
2019-08-27,2869.16,0.008185485377907753,3537490000.0,2.13,1.7
2019-08-28,2887.94,0.30357415368780494,3102480000.0,2.13,1.7
2019-08-29,2924.58,0.31948437976340455,3177150000.0,2.13,1.7
2019-08-30,2926.46,-0.18107878672890365,3009910000.0,2.13,1.7
2019-09-03,2906.27,-0.13143638335168362,3427830000.0,2.04,1.7
2019-09-04,2937.78,-0.2077184734866023,3167900000.0,2.04,1.7
2019-09-05,2976.0,-0.45544167421758175,3902600000.0,2.04,1.7
2019-09-06,2978.71,0.20399924041703343,3209340000.0,2.04,1.7
2019-09-09,2978.43,0.3154123410582542,4031120000.0,2.04,1.7
2019-09-10,2979.39,0.07032210705801845,4393040000.0,2.04,1.7
2019-09-11,3000.93,-0.04801191855221987,3934370000.0,2.04,1.7
2019-09-12,3009.57,-0.19975645964344343,3796990000.0,2.04,1.7
2019-09-13,3007.39,0.3384646447375417,3557010000.0,2.04,1.7
2019-09-16,2997.96,0.07727380904058616,4285860000.0,2.04,1.7
2019-09-17,3005.7,0.08495601546019316,3673250000.0,2.04,1.7
2019-09-18,3006.73,-0.31050440048178035,3458800000.0,2.04,1.7
2019-09-19,3006.79,-0.2868448194737236,3265660000.0,2.04,1.7
2019-09-20,2992.07,-0.23781996965408325,6103440000.0,2.04,1.7
2019-09-23,2991.78,0.15492605399340392,3187250000.0,2.04,1.7
2019-09-24,2966.6,-0.12521279385934272,3872800000.0,2.04,1.7
2019-09-25,2984.87,-0.06465934216976166,3331200000.0,2.04,1.7
2019-09-26,2977.62,-0.022965478400389355,3084910000.0,2.04,1.7
2019-09-27,2961.79,0.009496991833051046,3246480000.0,2.04,1.7
2019-09-30,2976.74,-0.06875106692314148,3249130000.0,2.04,1.7
2019-10-01,2940.25,0.03838905319571495,3560750000.0,1.83,1.8
2019-10-02,2887.61,-0.4112824898213148,3914180000.0,1.83,1.8
2019-10-03,2910.63,-0.37226614976922673,3515130000.0,1.83,1.8
2019-10-04,2952.01,-0.40169716347008944,3005600000.0,1.83,1.8
2019-10-07,2938.79,-0.3068434246815741,2959050000.0,1.83,1.8
2019-10-08,2893.06,0.03653289005160332,3370700000.0,1.83,1.8
2019-10-09,2919.4,0.27095775057872135,2735350000.0,1.83,1.8
2019-10-10,2938.13,0.3098866579433282,3234400000.0,1.83,1.8
2019-10-11,2970.27,-0.027714428092752184,3581320000.0,1.83,1.8
2019-10-14,2966.15,-0.20803774241358042,2559270000.0,1.83,1.8
2019-10-15,2995.68,0.0724451863206923,3345090000.0,1.83,1.8
2019-10-16,2989.69,0.02819955162703991,3230320000.0,1.83,1.8
2019-10-17,2997.95,0.06578962225466967,3103470000.0,1.83,1.8
2019-10-18,2986.2,0.5881184708947936,3268970000.0,1.83,1.8
2019-10-21,3006.72,-0.06712808962911368,3271960000.0,1.83,1.8
2019-10-23,3004.52,0.024212348274886608,3413600000.0,1.83,1.8
2019-10-24,3010.29,-0.006248243153095245,3696510000.0,1.83,1.8
2019-10-25,3022.55,0.012172541581094265,3379060000.0,1.83,1.8
2019-10-28,3039.42,0.10775750958257252,3524970000.0,1.83,1.8
2019-10-29,3036.89,0.09604905794064204,3594430000.0,1.83,1.8
2019-10-30,3046.77,0.5606023814529181,3779660000.0,1.83,1.8
2019-10-31,3037.56,-0.37572000237802666,4149310000.0,1.83,1.8
2019-11-01,3066.91,0.2365112846924199,3956290000.0,1.55,2.1
2019-11-04,3078.27,-0.06911462421218555,4178040000.0,1.55,2.1
2019-11-05,3074.62,0.15270138625055552,4490590000.0,1.55,2.1
2019-11-06,3076.78,-0.10314102781315644,4465510000.0,1.55,2.1
2019-11-07,3085.18,0.3071980797685683,4151990000.0,1.55,2.1
2019-11-08,3093.08,0.23420101962983608,3508160000.0,1.55,2.1
2019-11-11,3087.01,-0.15045915078371763,3041120000.0,1.55,2.1
2019-11-12,3091.84,-0.4161805547773838,3495560000.0,1.55,2.1
2019-11-13,3094.04,-0.18610229389742017,3513720000.0,1.55,2.1
2019-11-14,3096.63,0.1038519935682416,3282090000.0,1.55,2.1
2019-11-15,3120.46,0.4234171584248543,3359800000.0,1.55,2.1
2019-11-18,3122.03,0.2192846677886943,3440140000.0,1.55,2.1
2019-11-19,3120.18,-0.3544671582058072,3613670000.0,1.55,2.1
2019-11-20,3108.46,-0.14314852468669415,4041010000.0,1.55,2.1
2019-11-21,3103.54,-0.38570025078952314,3744010000.0,1.55,2.1
2019-11-22,3110.29,-0.9329302031546831,3235270000.0,1.55,2.1
2019-11-25,3133.64,0.4534323674160987,3514310000.0,1.55,2.1
2019-11-26,3140.52,0.16734638810157776,4600450000.0,1.55,2.1
2019-11-27,3153.63,0.2738189057757457,3035470000.0,1.55,2.1
2019-11-29,3140.98,-0.12687392346560955,1743420000.0,1.55,2.1
2019-12-02,3113.87,-0.041078695229121616,3285750000.0,1.55,2.3
2019-12-03,3093.2,-0.04212166741490364,3671580000.0,1.55,2.3
2019-12-04,3112.76,-0.4337973054498434,3702980000.0,1.55,2.3
2019-12-05,3117.43,0.010283456649631262,3360480000.0,1.55,2.3
2019-12-06,3145.91,0.001049246173352003,3483310000.0,1.55,2.3
2019-12-09,3135.96,-0.1754435314796865,3400470000.0,1.55,2.3
2019-12-10,3132.52,0.08344530826434493,3346310000.0,1.55,2.3
2019-12-11,3141.63,-0.03628652480741342,3257650000.0,1.55,2.3
2019-12-12,3168.57,-0.20230508921667933,4003200000.0,1.55,2.3
2019-12-13,3168.8,-0.04818289540708065,3757650000.0,1.55,2.3
2019-12-16,3191.45,-0.16334643587470055,4070200000.0,1.55,2.3
2019-12-17,3192.52,0.2991151802241802,3842940000.0,1.55,2.3
2019-12-18,3191.14,0.02598825709096023,4029950000.0,1.55,2.3
2019-12-19,3205.37,0.2069395473226905,3784360000.0,1.55,2.3
2019-12-20,3221.22,0.03674169257283211,6457480000.0,1.55,2.3
2019-12-23,3224.01,0.24794240600683473,3064530000.0,1.55,2.3
2019-12-24,3223.38,0.4292468251660466,1296530000.0,1.55,2.3
2019-12-26,3239.91,0.3463058543524572,2164540000.0,1.55,2.3
2019-12-27,3240.02,0.28025328864653903,2429150000.0,1.55,2.3
2019-12-30,3221.29,0.2117040552198887,3021720000.0,1.55,2.3
2019-12-31,3230.78,0.17838446144014597,2894760000.0,1.55,2.3
2020-01-02,3257.85,-0.10288899652659893,3459930000.0,1.55,2.5
2020-01-03,3234.85,0.15989662831028303,3484700000.0,1.55,2.5
2020-01-06,3246.28,0.09299072548747063,3702460000.0,1.55,2.5
2020-01-07,3237.18,0.1716408501379192,3435910000.0,1.55,2.5
2020-01-08,3253.05,0.029371242815007765,3726840000.0,1.55,2.5
2020-01-09,3274.7,-0.20094220020941325,3641230000.0,1.55,2.5
2020-01-10,3265.35,0.2282438032949964,3214580000.0,1.55,2.5
2020-01-13,3288.13,-0.030374132096767426,3459390000.0,1.55,2.5
2020-01-14,3283.15,0.13726415165833064,3687620000.0,1.55,2.5
2020-01-15,3289.29,0.024240613915026188,3721490000.0,1.55,2.5
2020-01-16,3316.81,0.32390270836185664,3540580000.0,1.55,2.5
2020-01-17,3329.62,0.21475232206285,3726220000.0,1.55,2.5
2020-01-21,3320.79,-0.06765341044714053,4104840000.0,1.55,2.5
2020-01-22,3321.75,0.2683750620732705,3623780000.0,1.55,2.5
2020-01-23,3325.54,-0.001293400302529335,3766710000.0,1.55,2.5
2020-01-24,3295.47,-0.025392837822437286,3708780000.0,1.55,2.5
2020-01-27,3243.63,-0.46682381234131753,3831050000.0,1.55,2.5
2020-01-28,3276.24,-0.15207074210047722,3531570000.0,1.55,2.5
2020-01-29,3273.4,0.4429548466578126,3600250000.0,1.55,2.5
2020-01-30,3283.66,0.31775355990976095,3790350000.0,1.55,2.5
2020-01-31,3225.52,0.12793194502592087,4529700000.0,1.55,2.5
2020-02-03,3248.92,0.20693970365183695,3760460000.0,1.58,2.3
2020-02-04,3297.59,-0.3008739777530233,3996900000.0,1.58,2.3
2020-02-05,3334.69,-0.08225073013454676,4121480000.0,1.58,2.3
2020-02-06,3345.78,-0.18403391912579536,3887250000.0,1.58,2.3
2020-02-07,3327.71,0.002432228376468023,3733920000.0,1.58,2.3
2020-02-10,3352.09,-0.19028291877891337,3462730000.0,1.58,2.3
2020-02-11,3357.75,0.0026425939674178758,3762940000.0,1.58,2.3
2020-02-12,3379.45,0.12055092599863808,3930910000.0,1.58,2.3
2020-02-13,3373.94,0.3069836938132842,3500890000.0,1.58,2.3
2020-02-14,3380.16,-0.05562868993729353,3419700000.0,1.58,2.3
2020-02-18,3370.29,0.16803815960884094,3750400000.0,1.58,2.3
2020-02-19,3386.15,-0.11519285198301077,3614200000.0,1.58,2.3
2020-02-20,3373.23,-0.40753901144489646,4019180000.0,1.58,2.3
2020-02-21,3337.75,-0.17317107133567333,3908780000.0,1.58,2.3
2020-02-24,3225.89,-0.4655748037621379,4851160000.0,1.58,2.3
2020-02-25,3128.21,-0.21109374961815774,5596760000.0,1.58,2.3
2020-02-26,3116.39,-0.058938601706177,5484650000.0,1.58,2.3
2020-02-27,2978.76,-0.5888064807719168,7064710000.0,1.58,2.3
2020-02-28,2954.22,-0.37025815597735345,8569570000.0,1.58,2.3
2020-03-02,3090.23,-0.16689433297142386,6381330000.0,0.65,1.5
2020-03-03,3003.37,0.04200305249541998,6376510000.0,0.65,1.5
2020-03-04,3130.12,-0.08419166202656925,5073020000.0,0.65,1.5
2020-03-05,3023.94,-0.17522830571979284,5579290000.0,0.65,1.5
2020-03-06,2972.37,-0.5146175840869546,6555240000.0,0.65,1.5
2020-03-09,2746.56,-0.46928201493574306,8441290000.0,0.65,1.5
2020-03-10,2882.23,-0.29193583759479225,7642040000.0,0.65,1.5
2020-03-11,2741.38,-0.2631242284551263,7431200000.0,0.65,1.5
2020-03-12,2480.64,-0.45159254521131514,8850810000.0,0.65,1.5
2020-03-13,2711.02,-0.08371634669601917,8299070000.0,0.65,1.5
2020-03-16,2386.13,-0.6016640913905575,7805450000.0,0.65,1.5
2020-03-17,2529.19,-0.5016624726621168,8370250000.0,0.65,1.5
2020-03-18,2398.1,-0.32744445954449475,8799300000.0,0.65,1.5
2020-03-19,2409.39,-0.2490510599066814,7956100000.0,0.65,1.5
2020-03-20,2304.92,-0.38473317958414555,9053950000.0,0.65,1.5
2020-03-23,2237.4,-0.4087985431154569,7411380000.0,0.65,1.5
2020-03-24,2447.33,-0.10261216750368476,7563150000.0,0.65,1.5
2020-03-25,2475.56,-0.1298412362424036,8300010000.0,0.65,1.5
2020-03-26,2630.07,-0.21370281763374804,7766990000.0,0.65,1.5
2020-03-27,2541.47,-0.0542948292568326,6201670000.0,0.65,1.5
2020-03-30,2626.65,-0.13086294452659786,5751120000.0,0.65,1.5
2020-03-31,2584.59,-0.29047902058809993,6576210000.0,0.65,1.5
2020-04-01,2470.5,-0.33041717258415054,5964000000.0,0.05,0.3
2020-04-02,2526.9,0.1905440615179638,6464190000.0,0.05,0.3
2020-04-03,2488.65,-0.3696962343528867,6096970000.0,0.05,0.3
2020-04-06,2663.68,-0.16634626379236578,6403840000.0,0.05,0.3
2020-04-07,2659.41,0.3960084542632103,7050410000.0,0.05,0.3
2020-04-08,2749.98,0.1126941991969943,5875710000.0,0.05,0.3
2020-04-09,2789.82,0.16316081210970879,7899550000.0,0.05,0.3
2020-04-13,2761.63,-0.23019174626097083,5319530000.0,0.05,0.3
2020-04-14,2846.06,0.0140857459711177,5615730000.0,0.05,0.3
2020-04-15,2783.36,0.0716773543972522,5208000000.0,0.05,0.3
2020-04-16,2799.55,-0.20006686113774777,5228810000.0,0.05,0.3
2020-04-17,2874.56,-0.5142758932895959,5804810000.0,0.05,0.3
2020-04-20,2823.16,0.027887632604688406,5228630000.0,0.05,0.3
2020-04-21,2736.56,-0.5400402831534544,5121010000.0,0.05,0.3
2020-04-22,2799.31,0.016114264726638794,5084920000.0,0.05,0.3
2020-04-24,2836.74,0.10319478809833527,5382810000.0,0.05,0.3
2020-04-27,2878.48,-0.20919333794154227,5203930000.0,0.05,0.3
2020-04-28,2863.39,0.3960851854644716,5691160000.0,0.05,0.3
2020-04-29,2939.51,0.6859138011932373,6645640000.0,0.05,0.3
2020-04-30,2912.43,-0.4022365764249116,6544980000.0,0.05,0.3
2020-05-01,2830.71,-0.14692814368754625,4759810000.0,0.05,0.1
2020-05-04,2842.74,0.059739983081817626,4735930000.0,0.05,0.1
2020-05-05,2868.44,-0.056519701810819764,5140290000.0,0.05,0.1
2020-05-06,2848.42,0.33806361071765423,4892570000.0,0.05,0.1
2020-05-07,2881.19,0.027616651196564947,5178790000.0,0.05,0.1
2020-05-08,2929.8,-0.06339863501489162,4876030000.0,0.05,0.1
2020-05-11,2930.19,0.3003071159124374,4819730000.0,0.05,0.1
2020-05-12,2870.12,0.0025389017537236214,5119630000.0,0.05,0.1
2020-05-13,2820.0,-0.025407541543245316,6151650000.0,0.05,0.1
2020-05-14,2852.5,-0.4272049967199564,5651130000.0,0.05,0.1
2020-05-15,2863.7,0.2891799832383792,5507700000.0,0.05,0.1
2020-05-18,2953.91,0.10202436149120331,6373670000.0,0.05,0.1
2020-05-19,2922.94,-0.6071899856130282,4984330000.0,0.05,0.1
2020-05-20,2971.61,0.14861338150997958,5005380000.0,0.05,0.1
2020-05-21,2948.51,0.13728820532560349,4976620000.0,0.05,0.1
2020-05-22,2955.45,-0.3172891003390153,3970860000.0,0.05,0.1
2020-05-26,2991.77,0.04152320430148393,5848500000.0,0.05,0.1
2020-05-27,3036.13,-0.07488711284739631,6398000000.0,0.05,0.1
2020-05-28,3029.73,0.046232076548039916,5447020000.0,0.05,0.1
2020-05-29,3044.31,0.29226988833397627,7297550000.0,0.05,0.1
2020-06-01,3055.73,0.10896136678223099,4684170000.0,0.08,0.6
2020-06-02,3080.82,-0.1947416877374053,5197150000.0,0.08,0.6
2020-06-03,3122.87,0.1804362889379263,6005560000.0,0.08,0.6
2020-06-04,3112.35,0.1494766352698207,6451290000.0,0.08,0.6
2020-06-05,3193.93,0.4509685495868325,8639300000.0,0.08,0.6
2020-06-08,3232.39,-0.2681049258681014,8498300000.0,0.08,0.6
2020-06-09,3207.18,-0.008513860404491425,6410930000.0,0.08,0.6
2020-06-10,3190.14,-0.19915238969648877,6598870000.0,0.08,0.6
2020-06-11,3002.1,0.013994048163294793,7037320000.0,0.08,0.6
2020-06-12,3041.31,-0.05334228603169322,5845330000.0,0.08,0.6
2020-06-15,3066.59,-0.30709034266571206,5757480000.0,0.08,0.6
2020-06-16,3124.74,0.08354069963097573,5845810000.0,0.08,0.6
2020-06-17,3113.49,-0.28817107202485204,4560450000.0,0.08,0.6
2020-06-18,3115.34,-0.09252392717947562,4448690000.0,0.08,0.6
2020-06-19,3097.74,0.06510524234424035,8346650000.0,0.08,0.6
2020-06-22,3117.86,0.3525544162839651,4686690000.0,0.08,0.6
2020-06-24,3050.33,-0.1318008763981717,5597680000.0,0.08,0.6
2020-06-25,3083.76,0.06777840759605169,4847690000.0,0.08,0.6
2020-06-26,3009.05,-0.2211686649825424,8107850000.0,0.08,0.6
2020-06-29,3053.24,0.1636839705519378,4473970000.0,0.08,0.6
2020-06-30,3100.29,0.0693269767281082,4705850000.0,0.08,0.6
2020-07-01,3115.86,0.27641286565498874,4449230000.0,0.09,1.0
2020-07-02,3130.01,0.19616163470264938,4197720000.0,0.09,1.0
2020-07-06,3179.72,0.014654042199254036,4759160000.0,0.09,1.0
2020-07-07,3145.32,0.0230404082685709,4571330000.0,0.09,1.0
2020-07-08,3169.94,0.12974650841206312,4937310000.0,0.09,1.0
2020-07-09,3152.05,0.36662205308675766,4843650000.0,0.09,1.0
2020-07-10,3185.04,0.004498793976381421,4524190000.0,0.09,1.0
2020-07-13,3155.22,-0.3859528563916683,4902440000.0,0.09,1.0
2020-07-14,3197.52,-0.285191398113966,4507140000.0,0.09,1.0
2020-07-15,3226.56,0.04712319485843182,4686830000.0,0.09,1.0
2020-07-16,3215.57,0.05798010528087616,3972860000.0,0.09,1.0
2020-07-20,3251.84,0.2772830734029412,3979340000.0,0.09,1.0
2020-07-21,3257.3,0.10304799877728026,4556610000.0,0.09,1.0
2020-07-22,3276.02,-0.16235905031984052,4267160000.0,0.09,1.0
2020-07-23,3235.66,0.3876884005963802,4296760000.0,0.09,1.0
2020-07-24,3215.63,-0.12250066362321377,3689410000.0,0.09,1.0
2020-07-27,3239.41,-0.07895717397332191,3970310000.0,0.09,1.0
2020-07-28,3218.44,0.060667671263217926,4053180000.0,0.09,1.0
2020-07-29,3258.44,-0.5226825531572104,4478200000.0,0.09,1.0
2020-07-30,3246.22,0.5077776617836207,4264920000.0,0.09,1.0
2020-07-31,3271.12,-0.2022123033446925,5007530000.0,0.09,1.0
2020-08-03,3294.61,0.4808127679862082,4438940000.0,0.1,1.3
2020-08-04,3306.51,0.3381996490061283,4414380000.0,0.1,1.3
2020-08-05,3327.77,-0.003796219825744629,4535060000.0,0.1,1.3
2020-08-06,3349.16,-0.08971908182970115,4278930000.0,0.1,1.3
2020-08-07,3351.28,-0.20349269220605493,4110030000.0,0.1,1.3
2020-08-10,3360.47,0.04166453785728663,4327920000.0,0.1,1.3
2020-08-11,3333.69,0.21215542271966115,4880540000.0,0.1,1.3
2020-08-12,3380.35,0.46536305112143356,3772250000.0,0.1,1.3
2020-08-13,3373.43,-0.36515739373862743,3438730000.0,0.1,1.3
2020-08-14,3372.85,-0.4452491566538811,3200060000.0,0.1,1.3
2020-08-17,3381.99,0.19847509218379855,3460330000.0,0.1,1.3
2020-08-18,3389.78,-0.013240203901659697,3669550000.0,0.1,1.3
2020-08-19,3374.85,-0.07060467638075352,3679480000.0,0.1,1.3
2020-08-20,3385.51,0.020939015251185213,3431040000.0,0.1,1.3
2020-08-21,3397.16,0.16690759686753154,3505010000.0,0.1,1.3
2020-08-24,3431.28,0.07206397317349911,3743410000.0,0.1,1.3
2020-08-25,3443.62,0.004790267973606076,3627650000.0,0.1,1.3
2020-08-26,3478.73,-0.19410763774067163,3780530000.0,0.1,1.3
2020-08-27,3484.55,0.10683904060473044,3955890000.0,0.1,1.3
2020-08-28,3508.01,0.3375966652399964,3868510000.0,0.1,1.3
2020-08-31,3500.31,-0.097697330173105,4348280000.0,0.1,1.3
2020-09-01,3526.65,0.17469098279252648,4101490000.0,0.09,1.4
2020-09-02,3580.84,0.15928360088063137,4295640000.0,0.09,1.4
2020-09-03,3455.06,-0.4292594522703439,4911830000.0,0.09,1.4
2020-09-04,3426.96,-0.45769561547786,4438720000.0,0.09,1.4
2020-09-08,3331.84,-0.33059848107707995,4694330000.0,0.09,1.4
2020-09-09,3398.96,-0.2399324874083201,3932520000.0,0.09,1.4
2020-09-10,3339.19,-0.06391817952195804,4208630000.0,0.09,1.4
2020-09-11,3340.97,0.1544638853520155,3710090000.0,0.09,1.4
2020-09-14,3383.54,0.4733165867626667,3839580000.0,0.09,1.4
2020-09-15,3401.2,0.046664037741720676,4057190000.0,0.09,1.4
2020-09-16,3385.49,-0.0578707791864872,4718900000.0,0.09,1.4
2020-09-17,3357.01,0.25499694235622883,4379840000.0,0.09,1.4
2020-09-18,3319.47,-0.10223015081137418,7076400000.0,0.09,1.4
2020-09-21,3281.06,-0.19615398285289606,4836070000.0,0.09,1.4
2020-09-22,3315.57,-0.7193486591180166,3974510000.0,0.09,1.4
2020-09-23,3236.92,-0.2255180848762393,4378650000.0,0.09,1.4
2020-09-24,3246.59,0.3279832057654858,4601920000.0,0.09,1.4
2020-09-25,3298.46,0.0016647260636091232,3803330000.0,0.09,1.4
2020-09-28,3351.6,0.4423940510799487,3950910000.0,0.09,1.4
2020-09-29,3335.47,0.024236302157597884,3661590000.0,0.09,1.4
2020-09-30,3363.0,-0.03683519968762994,4738640000.0,0.09,1.4
2020-10-01,3380.8,-0.13805664889514446,4076340000.0,0.09,1.2
2020-10-02,3348.42,-0.017847228795289993,3975180000.0,0.09,1.2
2020-10-05,3408.6,0.362254636362195,3692720000.0,0.09,1.2
2020-10-06,3360.97,-0.571513507515192,4453390000.0,0.09,1.2
2020-10-07,3419.44,0.034268981963396075,3814750000.0,0.09,1.2
2020-10-08,3446.83,-0.035411359276622534,3867640000.0,0.09,1.2
2020-10-09,3477.14,0.8289691843092442,3944090000.0,0.09,1.2
2020-10-12,3534.22,-0.24958882185940942,3435760000.0,0.09,1.2
2020-10-13,3511.93,-0.058043680153787136,3611100000.0,0.09,1.2
2020-10-14,3488.67,-0.06180458702147007,3858510000.0,0.09,1.2
2020-10-15,3483.34,-0.07792466133832932,3724550000.0,0.09,1.2
2020-10-16,3483.81,-0.3051778481652339,4688030000.0,0.09,1.2
2020-10-19,3426.92,-0.07933394766102235,4091080000.0,0.09,1.2
2020-10-20,3443.12,0.11267588753253222,3917850000.0,0.09,1.2
2020-10-21,3435.56,0.07530540165801843,4103960000.0,0.09,1.2
2020-10-22,3453.49,-0.057954227862258755,4172060000.0,0.09,1.2
2020-10-23,3465.39,-0.04420546977780759,3651600000.0,0.09,1.2
2020-10-26,3400.97,0.006018650407592456,4002210000.0,0.09,1.2
2020-10-27,3390.68,0.1282451373214523,3962400000.0,0.09,1.2
2020-10-28,3271.03,-0.6147363651543856,5139970000.0,0.09,1.2
2020-10-29,3310.11,-0.30558432508260014,4911860000.0,0.09,1.2
2020-10-30,3269.96,0.00040312856435775757,4843930000.0,0.09,1.2
2020-11-02,3310.24,0.043877729959785935,4314690000.0,0.09,1.2
2020-11-03,3369.16,0.28582005289693674,4241380000.0,0.09,1.2
2020-11-04,3443.44,0.07487060017883777,4790400000.0,0.09,1.2
2020-11-05,3510.45,-0.42923306953161955,4858150000.0,0.09,1.2
2020-11-06,3509.44,0.35531519853975624,4842460000.0,0.09,1.2
2020-11-09,3550.5,0.18022228761886558,8570510000.0,0.09,1.2
2020-11-10,3545.53,-0.04421669011935592,6037470000.0,0.09,1.2
2020-11-11,3572.66,0.36638909578323364,4635560000.0,0.09,1.2
2020-11-12,3537.01,-0.0021905286703258753,4909660000.0,0.09,1.2
2020-11-13,3585.15,0.38341680243611337,4719580000.0,0.09,1.2
2020-11-16,3626.91,0.2857373874973167,5295510000.0,0.09,1.2
2020-11-17,3609.53,0.13179695759234683,4812180000.0,0.09,1.2
2020-11-18,3567.79,-0.08607600970814626,5284810000.0,0.09,1.2
2020-11-19,3581.87,0.052319254859217575,4363370000.0,0.09,1.2
2020-11-20,3557.54,0.11367144329207284,4236370000.0,0.09,1.2
2020-11-23,3577.59,-0.041508907762666546,5057550000.0,0.09,1.2
2020-11-24,3635.41,0.3755931555508421,6280290000.0,0.09,1.2
2020-11-25,3629.65,0.03129154327325523,4910440000.0,0.09,1.2
2020-11-27,3638.35,0.500335632202526,2778390000.0,0.09,1.2
2020-11-30,3621.63,-0.02542325827692236,6308410000.0,0.09,1.2
2020-12-01,3662.45,-0.034199895854625434,5418480000.0,0.09,1.4
2020-12-02,3669.01,0.09204577157894771,5041250000.0,0.09,1.4
2020-12-03,3666.72,-0.003197126090526581,5065340000.0,0.09,1.4
2020-12-04,3699.12,0.13039067822198072,5099620000.0,0.09,1.4
2020-12-07,3691.96,0.4323127930983901,4804500000.0,0.09,1.4
2020-12-08,3702.25,0.006320724884668986,4584390000.0,0.09,1.4
2020-12-09,3672.82,0.2229697855655104,5232800000.0,0.09,1.4
2020-12-10,3668.1,-0.13793467415962368,4658480000.0,0.09,1.4
2020-12-11,3663.46,0.34572169727956253,4375470000.0,0.09,1.4
2020-12-14,3647.49,-0.04562155483290553,4623850000.0,0.09,1.4
2020-12-15,3694.62,0.28129258162031573,4387080000.0,0.09,1.4
2020-12-16,3701.17,0.13747591556360325,4067040000.0,0.09,1.4
2020-12-17,3722.48,0.3770619592008491,4192810000.0,0.09,1.4
2020-12-18,3709.41,0.24013595418496567,7097100000.0,0.09,1.4
2020-12-21,3694.92,0.08376016618254092,4748580000.0,0.09,1.4
2020-12-22,3687.26,-0.18776646176619188,4053310000.0,0.09,1.4
2020-12-23,3690.01,0.02301707584410906,3779160000.0,0.09,1.4
2020-12-24,3703.06,0.05741702392697334,1883780000.0,0.09,1.4
2020-12-28,3735.36,-0.3787322612479329,3535460000.0,0.09,1.4
2020-12-29,3727.04,0.14634508583694697,3393290000.0,0.09,1.4
2020-12-30,3732.04,0.32535896201928455,3154850000.0,0.09,1.4
2021-01-04,3700.65,-0.13638560646878822,5015000000.0,0.09,1.4
2021-01-05,3726.86,-0.16932053957134485,4591020000.0,0.09,1.4
2021-01-06,3748.14,-0.04508059751242399,6064110000.0,0.09,1.4
2021-01-07,3803.79,0.07071689436478275,5099160000.0,0.09,1.4
2021-01-08,3824.68,-0.001493796706199646,4773040000.0,0.09,1.4
2021-01-11,3799.61,0.18430450248221555,4465430000.0,0.09,1.4
2021-01-12,3801.19,-0.4107857998460531,4994950000.0,0.09,1.4
2021-01-13,3809.84,-0.47384740062989295,4602510000.0,0.09,1.4
2021-01-14,3795.54,0.2352984075744947,5198480000.0,0.09,1.4
2021-01-15,3768.25,-0.19484625849872828,5369820000.0,0.09,1.4
2021-01-19,3798.91,0.08423761350827084,5014440000.0,0.09,1.4
2021-01-20,3851.85,0.28160307661940653,4566190000.0,0.09,1.4
2021-01-21,3853.07,0.2009433979789416,4501760000.0,0.09,1.4
2021-01-25,3855.36,-0.19076075330376624,7000840000.0,0.09,1.4
2021-01-26,3849.62,-0.13782962802797555,6137500000.0,0.09,1.4
2021-01-27,3750.77,0.019515261054039,9976520000.0,0.09,1.4
2021-01-28,3787.38,-0.19181312108412385,6992770000.0,0.09,1.4
2021-01-29,3714.24,0.23858014148260867,6643370000.0,0.09,1.4
2021-02-01,3773.86,0.6163408905267715,5436230000.0,0.08,1.7
2021-02-02,3826.31,-0.14367480005603284,5514090000.0,0.08,1.7
2021-02-03,3830.17,-0.2806483842432499,4864870000.0,0.08,1.7
2021-02-04,3871.74,0.162829875247553,4879240000.0,0.08,1.7
2021-02-05,3886.83,0.025125892056773107,4879470000.0,0.08,1.7
2021-02-08,3915.59,0.00878101959824562,4648360000.0,0.08,1.7
2021-02-09,3911.23,0.048924102447927,4568320000.0,0.08,1.7
2021-02-10,3909.88,-0.4397860923781991,4837070000.0,0.08,1.7
2021-02-11,3916.38,0.18524030409753323,4590960000.0,0.08,1.7
2021-02-12,3934.83,0.24084293376654387,4135060000.0,0.08,1.7
2021-02-16,3932.59,0.1532984972000122,5058990000.0,0.08,1.7
2021-02-17,3931.33,0.18365751827756563,4730650000.0,0.08,1.7
2021-02-18,3913.97,-0.4257569817826152,4793650000.0,0.08,1.7
2021-02-19,3906.71,0.10960236564278603,4845320000.0,0.08,1.7
2021-02-22,3876.5,0.06973034469410777,5917100000.0,0.08,1.7
2021-02-23,3881.37,0.3783794539049268,6296610000.0,0.08,1.7
2021-02-24,3925.43,0.9008098859339952,6012790000.0,0.08,1.7
2021-02-25,3829.34,-0.1133246049284935,6547470000.0,0.08,1.7
2021-02-26,3811.15,0.40990629768930376,6526070000.0,0.08,1.7
2021-03-01,3901.82,0.043757988256402314,5114820000.0,0.07,2.6
2021-03-02,3870.29,0.0633893406484276,5536010000.0,0.07,2.6
2021-03-03,3819.72,0.296181257115677,6173660000.0,0.07,2.6
2021-03-04,3768.47,0.09323952356353402,7195400000.0,0.07,2.6
2021-03-05,3841.94,-0.24765532109886407,6851070000.0,0.07,2.6
2021-03-08,3821.35,-0.12200267054140568,5871710000.0,0.07,2.6
2021-03-09,3875.44,-0.252281048335135,5513560000.0,0.07,2.6
2021-03-10,3898.81,-0.029350258875638247,5847380000.0,0.07,2.6
2021-03-11,3939.34,0.15847177896648645,5312880000.0,0.07,2.6
2021-03-12,3943.34,0.014425916597247124,4476280000.0,0.07,2.6
2021-03-15,3968.94,0.25490016862750053,4900100000.0,0.07,2.6
2021-03-16,3962.71,-0.30515627635435927,4613080000.0,0.07,2.6
2021-03-17,3974.12,0.147005390531073,4561660000.0,0.07,2.6
2021-03-18,3915.46,-0.017517365360011656,5118590000.0,0.07,2.6
2021-03-19,3913.1,-0.2219239855185151,7757420000.0,0.07,2.6
2021-03-22,3940.59,-0.13091682099426785,4316260000.0,0.07,2.6
2021-03-23,3910.52,-0.028339162352494895,4669010000.0,0.07,2.6
2021-03-24,3889.14,-0.22710948181338608,4783020000.0,0.07,2.6
2021-03-25,3909.52,0.13170572835952044,4948340000.0,0.07,2.6
2021-03-26,3974.54,0.12428511466298785,5483160000.0,0.07,2.6
2021-03-29,3971.09,0.246699239872396,4628180000.0,0.07,2.6
2021-03-30,3958.55,-0.017249490237898298,4121510000.0,0.07,2.6
2021-03-31,3972.89,0.061490091029554605,4578050000.0,0.07,2.6
2021-04-01,4019.87,0.29634655320218634,4162130000.0,0.07,4.2
2021-04-05,4077.91,-0.5101109556853771,4005030000.0,0.07,4.2
2021-04-06,4073.94,0.38598640263080597,4081270000.0,0.07,4.2
2021-04-07,4079.95,0.08210734743624926,4120810000.0,0.07,4.2
2021-04-08,4097.17,0.2337271460952858,3907100000.0,0.07,4.2
2021-04-09,4128.8,0.18988807760179044,3640390000.0,0.07,4.2
2021-04-12,4127.99,0.07296271855011582,3588900000.0,0.07,4.2
2021-04-13,4141.59,-0.06275586504489183,3734720000.0,0.07,4.2
2021-04-14,4124.66,0.23051907308399677,3985350000.0,0.07,4.2
2021-04-15,4170.42,-0.37242038920521736,4033420000.0,0.07,4.2
2021-04-16,4185.47,0.389493215829134,4163820000.0,0.07,4.2
2021-04-19,4163.26,-0.07615175683583532,3810290000.0,0.07,4.2
2021-04-20,4134.94,0.10841079102829099,4342650000.0,0.07,4.2
2021-04-21,4173.42,-0.24310798958564797,3887250000.0,0.07,4.2
2021-04-22,4134.98,0.5131315211765468,4245140000.0,0.07,4.2
2021-04-23,4180.17,0.03175336681306362,3569880000.0,0.07,4.2
2021-04-26,4187.62,0.8887833803892136,3748320000.0,0.07,4.2
2021-04-27,4186.72,0.3504206974591528,3710700000.0,0.07,4.2
2021-04-28,4183.18,0.13031798079609871,3787360000.0,0.07,4.2
2021-04-29,4211.47,-0.627404710277915,4298680000.0,0.07,4.2
2021-04-30,4181.17,0.012784896019314016,4300880000.0,0.07,4.2
2021-05-03,4192.66,0.2854256414187451,4070220000.0,0.06,5.0
2021-05-04,4164.66,-0.19191676295465893,4452460000.0,0.06,5.0
2021-05-05,4167.59,0.1319438653687636,4230920000.0,0.06,5.0
2021-05-06,4201.62,-0.45518694957718253,4511000000.0,0.06,5.0
2021-05-07,4232.6,-0.24321346450597048,4016080000.0,0.06,5.0
2021-05-10,4188.43,-0.17457577204331756,4560700000.0,0.06,5.0
2021-05-11,4152.1,-0.45729373628273606,4870710000.0,0.06,5.0
2021-05-12,4063.04,-0.11542692361399531,4733070000.0,0.06,5.0
2021-05-13,4112.5,-0.0973427842060725,4779540000.0,0.06,5.0
2021-05-14,4173.85,0.3948574758445223,4008880000.0,0.06,5.0
2021-05-17,4163.29,-0.08972585443407297,4125050000.0,0.06,5.0
2021-05-18,4127.83,-0.127692349255085,4398150000.0,0.06,5.0
2021-05-19,4115.68,-0.02236092835664749,4247450000.0,0.06,5.0
2021-05-20,4159.12,-0.3682934373617172,3978880000.0,0.06,5.0
2021-05-21,4155.86,-0.2958463183604181,3995250000.0,0.06,5.0
2021-05-24,4197.05,0.2031430599745363,3684800000.0,0.06,5.0
2021-05-25,4188.13,0.12013133428990841,4182250000.0,0.06,5.0
2021-05-26,4195.99,-0.08361432030797004,4420890000.0,0.06,5.0
2021-05-27,4200.88,0.39244868252426385,6406310000.0,0.06,5.0
2021-05-28,4204.11,-0.14571950398385525,4649250000.0,0.06,5.0
2021-06-01,4202.04,0.15866370452567935,5074670000.0,0.08,5.4
2021-06-02,4208.12,0.14001632612198592,5833670000.0,0.08,5.4
2021-06-03,4192.85,0.04685178929939866,5587970000.0,0.08,5.4
2021-06-04,4229.89,0.07571494206786156,4139790000.0,0.08,5.4
2021-06-07,4226.52,-0.37140964064747095,4476920000.0,0.08,5.4
2021-06-08,4227.26,0.2307968019740656,4659620000.0,0.08,5.4
2021-06-09,4219.55,0.29602609295397997,4713260000.0,0.08,5.4
2021-06-10,4239.18,0.3654674906283617,4408210000.0,0.08,5.4
2021-06-11,4247.44,0.47475718706846237,3815010000.0,0.08,5.4
2021-06-14,4255.15,0.052765872329473495,4151200000.0,0.08,5.4
2021-06-15,4246.59,-0.4675648726988584,4048940000.0,0.08,5.4
2021-06-16,4223.7,-0.15741049172356725,4538350000.0,0.08,5.4
2021-06-17,4221.86,-0.24274972453713417,5312680000.0,0.08,5.4
2021-06-18,4166.45,-0.05357302539050579,6817010000.0,0.08,5.4
2021-06-21,4224.79,0.13918424832324186,4128950000.0,0.08,5.4
2021-06-22,4246.44,0.05287687014788389,3828390000.0,0.08,5.4
2021-06-23,4241.84,-0.05547815312941869,3730350000.0,0.08,5.4
2021-06-24,4266.49,0.0032546420892079673,3816660000.0,0.08,5.4
2021-06-25,4280.7,-0.08623773753643035,7341450000.0,0.08,5.4
2021-06-28,4290.61,0.15520594017580153,4147890000.0,0.08,5.4
2021-06-29,4291.8,0.4000948529690504,3707150000.0,0.08,5.4
2021-06-30,4297.5,0.25011061169207094,4266040000.0,0.08,5.4
2021-07-01,4319.94,0.09098206628113985,3788230000.0,0.1,5.4
2021-07-02,4352.34,0.3292223338037729,3225840000.0,0.1,5.4
2021-07-06,4343.54,0.8369071865454316,4309570000.0,0.1,5.4
2021-07-07,4358.13,-0.0743023030725973,4037380000.0,0.1,5.4
2021-07-08,4320.82,0.27604007394984365,4347500000.0,0.1,5.4
2021-07-09,4369.55,-0.9156520320102572,3531120000.0,0.1,5.4
2021-07-12,4384.63,0.3142408399532239,3384460000.0,0.1,5.4
2021-07-13,4369.21,-0.23546520061790943,3695430000.0,0.1,5.4
2021-07-14,4374.3,-0.17878988664597273,4006370000.0,0.1,5.4
2021-07-15,4360.03,-0.37519525612394017,3905230000.0,0.1,5.4
2021-07-16,4327.16,0.5911278603598475,3985700000.0,0.1,5.4
2021-07-19,4258.49,-0.14552511860217368,5157660000.0,0.1,5.4
2021-07-20,4323.06,0.25050003023352474,4438270000.0,0.1,5.4
2021-07-21,4358.69,0.2779756751842797,3810280000.0,0.1,5.4
2021-07-22,4367.48,-0.13737422949634492,3358300000.0,0.1,5.4
2021-07-23,4411.79,-0.025929414201527834,4540070000.0,0.1,5.4
2021-07-26,4422.3,0.17944130953401327,4275630000.0,0.1,5.4
2021-07-27,4401.46,0.36243643425405025,4241950000.0,0.1,5.4
2021-07-28,4400.64,-0.692890802398324,4215290000.0,0.1,5.4
2021-07-29,4419.15,-0.2468854965021213,4044600000.0,0.1,5.4
2021-07-30,4395.26,-0.0736429188400507,3956740000.0,0.1,5.4
2021-08-02,4387.16,-0.08980664564296603,3724090000.0,0.09,5.3
2021-08-03,4423.15,-0.2413813229650259,3965190000.0,0.09,5.3
2021-08-04,4402.66,-0.09079630921284358,4260760000.0,0.09,5.3
2021-08-05,4429.1,0.16846360638737679,3769410000.0,0.09,5.3
2021-08-06,4436.52,0.2465081788599491,3451870000.0,0.09,5.3
2021-08-09,4432.35,0.25811341986991465,3449280000.0,0.09,5.3
2021-08-10,4436.75,-0.3684442415833473,3886610000.0,0.09,5.3
2021-08-11,4442.41,0.22394095989875495,3532560000.0,0.09,5.3
2021-08-13,4468.0,0.04487589281052351,3016470000.0,0.09,5.3
2021-08-16,4479.71,0.08352328411170415,3370640000.0,0.09,5.3
2021-08-17,4448.08,-0.11188772111199796,3836960000.0,0.09,5.3
2021-08-18,4400.27,-0.07381838195336361,3755590000.0,0.09,5.3
2021-08-19,4405.8,-0.13378783036023378,4398410000.0,0.09,5.3
2021-08-20,4441.67,-0.48730537947267294,3652610000.0,0.09,5.3
2021-08-23,4479.53,-0.021198684349656105,3576530000.0,0.09,5.3
2021-08-24,4486.23,0.17629426568746567,3979220000.0,0.09,5.3
2021-08-25,4496.19,0.04623170047998428,3444700000.0,0.09,5.3
2021-08-26,4470.0,-0.09959511909012993,3263980000.0,0.09,5.3
2021-08-27,4509.37,0.06558324466459453,3331200000.0,0.09,5.3
2021-08-30,4528.79,-0.011722437372165067,3168660000.0,0.09,5.3
2021-08-31,4522.68,-0.2004964624842008,4290710000.0,0.09,5.3
2021-09-01,4524.09,-0.12331049570015498,4057340000.0,0.08,5.4
2021-09-02,4536.95,-0.4255228438414633,3735990000.0,0.08,5.4
2021-09-03,4535.43,0.16802015379071236,3217530000.0,0.08,5.4
2021-09-07,4520.03,-0.16216295088330904,3822960000.0,0.08,5.4
2021-09-08,4514.07,-0.04266309104859829,3750880000.0,0.08,5.4
2021-09-09,4493.28,-0.2187428716570139,3735390000.0,0.08,5.4
2021-09-10,4458.58,-0.41974861174821854,3623180000.0,0.08,5.4
2021-09-13,4468.73,0.7947084680199623,3914220000.0,0.08,5.4
2021-09-14,4443.05,0.13887742223838964,3670460000.0,0.08,5.4
2021-09-15,4480.7,-0.14508671254258265,4032020000.0,0.08,5.4
2021-09-16,4473.75,-0.6237949253991246,3984560000.0,0.08,5.4
2021-09-17,4432.99,-0.36194108217023313,7289530000.0,0.08,5.4
2021-09-20,4357.73,-0.39413434837479144,4898070000.0,0.08,5.4
2021-09-21,4354.19,-0.7632876506075263,3920920000.0,0.08,5.4
2021-09-22,4395.64,-0.22472096979618073,3939170000.0,0.08,5.4
2021-09-23,4448.98,-0.38614019053056836,3916350000.0,0.08,5.4
2021-09-24,4455.48,-0.18418147477010885,3384290000.0,0.08,5.4
2021-09-27,4443.11,0.34063033138712245,4058650000.0,0.08,5.4
2021-09-28,4352.63,-0.3301010306126305,4416550000.0,0.08,5.4
2021-09-29,4359.46,-0.14957953710108995,3712660000.0,0.08,5.4
2021-09-30,4307.54,-0.1088058422319591,4448140000.0,0.08,5.4
2021-10-01,4357.04,-0.022986708364139,4010370000.0,0.08,6.2
2021-10-04,4300.46,-0.3266717246733606,4307870000.0,0.08,6.2
2021-10-05,4345.72,-0.2642526434113582,3902890000.0,0.08,6.2
2021-10-06,4363.55,-0.26097492799162864,4009630000.0,0.08,6.2
2021-10-07,4399.76,0.10323788039386272,3843740000.0,0.08,6.2
2021-10-08,4391.34,0.015889319824054837,3280160000.0,0.08,6.2
2021-10-11,4361.19,0.22776702959090472,3281970000.0,0.08,6.2
2021-10-12,4350.65,-0.12729425095021724,3558450000.0,0.08,6.2
2021-10-13,4363.8,0.05814137542620301,3620070000.0,0.08,6.2
2021-10-14,4438.26,-0.015776992110269412,3598280000.0,0.08,6.2
2021-10-15,4471.37,0.11827775742858648,3819380000.0,0.08,6.2
2021-10-18,4486.46,0.5857913073152303,3662010000.0,0.08,6.2
2021-10-19,4519.63,0.26025296933948994,3459130000.0,0.08,6.2
2021-10-20,4536.19,0.09322657861879893,3670760000.0,0.08,6.2
2021-10-21,4549.78,0.5050709315442613,3822330000.0,0.08,6.2
2021-10-22,4544.9,-0.3095400878228247,3758220000.0,0.08,6.2
2021-10-25,4566.48,0.0005398889382680258,3899400000.0,0.08,6.2
2021-10-26,4574.79,-0.23083442077040672,3879740000.0,0.08,6.2
2021-10-27,4551.68,-0.0017527899305735315,4226050000.0,0.08,6.2
2021-10-28,4596.42,0.0568296167999506,4132950000.0,0.08,6.2
2021-10-29,4605.38,0.006934463977813721,4510200000.0,0.08,6.2
2021-11-01,4613.67,0.16628405019979586,3971540000.0,0.08,6.8
2021-11-02,4630.65,-0.1344535960815847,3975250000.0,0.08,6.8
2021-11-03,4660.57,0.29596988344565034,4319660000.0,0.08,6.8
2021-11-04,4680.06,0.1439894873648882,4462300000.0,0.08,6.8
2021-11-05,4697.53,0.1353805808350444,4467180000.0,0.08,6.8
2021-11-08,4701.7,-0.06810015765950084,4269710000.0,0.08,6.8
2021-11-09,4685.25,0.02349815610796213,4117080000.0,0.08,6.8
2021-11-10,4646.71,-0.24508742045145482,4503720000.0,0.08,6.8
2021-11-11,4649.27,-0.26226374755303067,3926870000.0,0.08,6.8
2021-11-12,4682.85,-0.0003853950649499893,3728600000.0,0.08,6.8
2021-11-15,4682.8,-0.27426898665726185,3488410000.0,0.08,6.8
2021-11-16,4700.9,0.013158077906285013,3972640000.0,0.08,6.8
2021-11-17,4688.67,0.0004146420396864414,3969070000.0,0.08,6.8
2021-11-18,4704.54,-0.017535683698952198,4226410000.0,0.08,6.8
2021-11-19,4697.96,-0.1433152219449932,4253180000.0,0.08,6.8
2021-11-22,4682.94,0.05123491492122412,4441100000.0,0.08,6.8
2021-11-23,4690.7,0.061191431060433385,4277590000.0,0.08,6.8
2021-11-24,4701.46,-0.06723234485834836,3418430000.0,0.08,6.8
2021-11-26,4594.62,-0.4887496307492256,3517700000.0,0.08,6.8
2021-11-29,4655.27,-0.21145128761418164,4336410000.0,0.08,6.8
2021-11-30,4567.0,-0.00045850382496913274,6625990000.0,0.08,6.8
2021-12-01,4513.04,-0.05710864315430323,5366730000.0,0.08,7.0
2021-12-02,4577.1,-0.19345261870572963,5077180000.0,0.08,7.0
2021-12-03,4538.43,-0.031210214032658508,5240070000.0,0.08,7.0
2021-12-06,4591.67,0.14760785065591336,4770800000.0,0.08,7.0
2021-12-07,4686.75,0.2755928862839937,4492400000.0,0.08,7.0
2021-12-08,4701.21,-0.21476073648470143,4234600000.0,0.08,7.0
2021-12-09,4667.45,0.3090522013604641,3903840000.0,0.08,7.0
2021-12-10,4712.02,0.3545071858912706,3870110000.0,0.08,7.0
2021-12-13,4668.97,0.35265777935273945,4397230000.0,0.08,7.0
2021-12-14,4634.09,0.19001498566940428,4485430000.0,0.08,7.0
2021-12-15,4709.85,-0.4426320302300155,4910130000.0,0.08,7.0
2021-12-16,4668.67,-0.17043937742710114,4829500000.0,0.08,7.0
2021-12-17,4620.64,0.3674155995249748,7987090000.0,0.08,7.0
2021-12-20,4568.02,-0.0893196919001639,4635700000.0,0.08,7.0
2021-12-21,4649.23,0.15835552103817463,4072430000.0,0.08,7.0
2021-12-22,4696.56,0.09342567871014278,3319610000.0,0.08,7.0
2021-12-23,4725.79,0.052801067125983536,2913040000.0,0.08,7.0
2021-12-27,4791.19,-0.19995743855834008,2770290000.0,0.08,7.0
2021-12-28,4786.35,-0.21158744557760656,2707920000.0,0.08,7.0
2021-12-29,4793.06,-0.0756311638499884,2963310000.0,0.08,7.0
2021-12-30,4778.73,0.0875667561776936,3124950000.0,0.08,7.0
2021-12-31,4766.18,0.14879042661050335,2677820000.0,0.08,7.0
2022-01-03,4796.56,0.02520403595497975,3831020000.0,0.08,7.5
2022-01-04,4793.54,-0.08329540776709715,4683170000.0,0.08,7.5
2022-01-05,4700.58,0.29987276691411224,4887960000.0,0.08,7.5
2022-01-06,4696.05,-0.08994374796748161,4295280000.0,0.08,7.5
2022-01-07,4677.03,-0.3374065098663171,4181510000.0,0.08,7.5
2022-01-10,4670.29,0.030508683166570134,4511810000.0,0.08,7.5
2022-01-11,4713.07,-0.01399165125829833,4101590000.0,0.08,7.5
2022-01-12,4726.35,0.08132611494511366,4048220000.0,0.08,7.5
2022-01-13,4659.03,0.07406467494244377,4251730000.0,0.08,7.5
2022-01-14,4662.85,0.027739452896639705,4338490000.0,0.08,7.5
2022-01-18,4577.11,-0.06835633968668324,4748700000.0,0.08,7.5
2022-01-19,4532.76,-0.23617577040567994,4465740000.0,0.08,7.5
2022-01-20,4482.73,-0.28674740833230317,4640870000.0,0.08,7.5
2022-01-21,4397.94,-0.21746399676283965,5589100000.0,0.08,7.5
2022-01-24,4410.13,-0.40129184870359796,6928110000.0,0.08,7.5
2022-01-25,4356.45,-0.21024371590465307,5145050000.0,0.08,7.5
2022-01-26,4349.93,-0.23073812667280436,5570640000.0,0.08,7.5
2022-01-27,4326.51,-0.2733060594648123,5214200000.0,0.08,7.5
2022-01-28,4431.85,-0.14404534601739474,5031090000.0,0.08,7.5
2022-01-31,4515.55,-0.3583797224035317,5098610000.0,0.08,7.5
2022-02-01,4546.54,-0.06631873156875372,4816830000.0,0.08,7.9
2022-02-02,4589.38,-0.13651815941557288,4481580000.0,0.08,7.9
2022-02-03,4477.44,0.10275388425216078,4401970000.0,0.08,7.9
2022-02-04,4500.53,0.07904570165555924,4706290000.0,0.08,7.9
2022-02-07,4483.87,0.05345950089395046,4228480000.0,0.08,7.9
2022-02-08,4521.54,0.04479830513115634,4459620000.0,0.08,7.9
2022-02-09,4587.18,0.0583118328358978,4524350000.0,0.08,7.9
2022-02-10,4504.08,-0.0869024856282132,5314860000.0,0.08,7.9
2022-02-11,4418.64,0.002546936646103859,5251500000.0,0.08,7.9
2022-02-14,4401.67,-0.08432059874758124,4600390000.0,0.08,7.9
2022-02-15,4471.07,-0.26769102311560083,4430830000.0,0.08,7.9
2022-02-16,4475.01,-0.42874381070335704,4283640000.0,0.08,7.9
2022-02-17,4380.26,0.059845736250281334,4539420000.0,0.08,7.9
2022-02-18,4348.87,-0.19409732365359864,4708060000.0,0.08,7.9
2022-02-22,4304.76,-0.43355427441808086,5121900000.0,0.08,7.9
2022-02-23,4225.5,-0.24667866818387718,4797430000.0,0.08,7.9
2022-02-24,4288.7,0.0018576736418673624,6752130000.0,0.08,7.9
2022-02-25,4384.65,0.040426004057129226,5177060000.0,0.08,7.9
2022-02-28,4373.94,-0.024454312554250162,6071370000.0,0.08,7.9
2022-03-01,4306.26,0.1937155850464478,5846230000.0,0.2,8.5
2022-03-02,4386.54,0.08886425676090377,5337870000.0,0.2,8.5
2022-03-03,4363.49,-0.04185508824884891,5039890000.0,0.2,8.5
2022-03-04,4328.87,-0.44224143359396195,5797380000.0,0.2,8.5
2022-03-07,4201.09,-0.3142665334744379,6940470000.0,0.2,8.5
2022-03-08,4170.7,-0.20281630475074053,7243120000.0,0.2,8.5
2022-03-09,4277.88,-0.5006460965211902,5662670000.0,0.2,8.5
2022-03-10,4259.52,0.05641932543367147,4980830000.0,0.2,8.5
2022-03-11,4204.31,-0.032360301870438785,4938640000.0,0.2,8.5
2022-03-14,4173.11,-0.539010591028879,5574920000.0,0.2,8.5
2022-03-15,4262.45,0.1144811005021135,5392470000.0,0.2,8.5
2022-03-16,4357.86,0.12489503187437852,6309750000.0,0.2,8.5
2022-03-17,4411.67,0.19160227042933306,4985090000.0,0.2,8.5
2022-03-18,4463.12,-0.09800560834507148,8278430000.0,0.2,8.5
2022-03-21,4461.18,0.20622403156012298,4869820000.0,0.2,8.5
2022-03-22,4511.61,0.011048122774809599,4754840000.0,0.2,8.5
2022-03-23,4456.24,-0.14305760307858387,4550670000.0,0.2,8.5
2022-03-24,4520.16,-0.10523394332267344,4131390000.0,0.2,8.5
2022-03-25,4543.06,-0.07192380242049694,4305020000.0,0.2,8.5
2022-03-28,4575.52,-0.049784938991069796,4312260000.0,0.2,8.5
2022-03-29,4631.6,-0.12372182045752804,5085910000.0,0.2,8.5
2022-03-30,4602.45,-0.41293347409615916,4385570000.0,0.2,8.5
2022-03-31,4530.41,0.2806931385504348,4823020000.0,0.2,8.5
2022-04-01,4545.86,0.29067610958591106,4562940000.0,0.33,8.3
2022-04-04,4582.64,0.21379866340959613,4547350000.0,0.33,8.3
2022-04-05,4525.12,-0.0013427776284515858,4800620000.0,0.33,8.3
2022-04-06,4481.15,-0.5931032057851553,4986830000.0,0.33,8.3
2022-04-07,4500.21,0.11007662170699664,4821490000.0,0.33,8.3
2022-04-08,4488.28,0.1612453069537878,4083200000.0,0.33,8.3
2022-04-11,4412.53,0.16804600351800522,4266290000.0,0.33,8.3
2022-04-12,4397.45,0.18051184061914682,4152090000.0,0.33,8.3
2022-04-13,4446.59,0.011404400691390038,3828150000.0,0.33,8.3
2022-04-14,4392.59,0.048572475416585804,4083090000.0,0.33,8.3
2022-04-18,4391.69,-0.11128319453980241,3910490000.0,0.33,8.3
2022-04-19,4462.21,-0.14523206491555488,4108120000.0,0.33,8.3
2022-04-20,4459.45,-0.49016062321607023,4290450000.0,0.33,8.3
2022-04-21,4393.66,-0.17912299116142094,4636890000.0,0.33,8.3
2022-04-22,4271.78,-0.24802678770252637,4651940000.0,0.33,8.3
2022-04-25,4296.12,0.49336301455540316,5240040000.0,0.33,8.3
2022-04-26,4175.2,-0.22089299012441188,4689970000.0,0.33,8.3
2022-04-27,4183.96,-0.0792669384740293,4769680000.0,0.33,8.3
2022-04-28,4287.5,-0.21821498242206872,4854180000.0,0.33,8.3
2022-04-29,4131.93,-0.5112900990061462,5084030000.0,0.33,8.3
2022-05-02,4155.38,-0.3103702560895019,5163790000.0,0.77,8.6
2022-05-03,4175.48,-0.06332478703310092,4582050000.0,0.77,8.6
2022-05-04,4300.17,-0.26404977159108967,5136360000.0,0.77,8.6
2022-05-05,4146.87,-0.21383164959171644,5077030000.0,0.77,8.6
2022-05-06,4123.34,-0.19727070978842676,5116940000.0,0.77,8.6
2022-05-09,3991.24,-0.434299750201818,5954520000.0,0.77,8.6
2022-05-10,4001.05,-0.26388313600909896,5885820000.0,0.77,8.6
2022-05-11,3935.18,-0.36138797255561633,5816140000.0,0.77,8.6
2022-05-12,3930.08,-0.3770572367462922,6286450000.0,0.77,8.6
2022-05-13,4023.89,-0.3463201424262176,5183340000.0,0.77,8.6
2022-05-16,4008.01,-0.35874867682846695,4415030000.0,0.77,8.6
2022-05-17,4088.85,-0.155791732793053,4841410000.0,0.77,8.6
2022-05-18,3923.68,-0.4394136073067784,5103220000.0,0.77,8.6
2022-05-19,3900.79,-0.6089039745274931,5113550000.0,0.77,8.6
2022-05-20,3901.36,-0.33226783960861594,5130730000.0,0.77,8.6
2022-05-23,3973.75,-0.18488841324246355,4420030000.0,0.77,8.6
2022-05-24,3941.48,0.14930522757080886,4923190000.0,0.77,8.6
2022-05-25,3978.73,0.23214143877848983,4802560000.0,0.77,8.6
2022-05-26,4057.84,-0.09354442099316253,4709970000.0,0.77,8.6
2022-05-27,4158.24,-0.1443978941999376,4375620000.0,0.77,8.6
2022-05-31,4132.15,-0.19457789976149797,6822640000.0,0.77,8.6
2022-06-01,4101.23,0.08152480716151851,4531800000.0,1.21,9.1
2022-06-02,4176.82,-0.13624929854025444,4405790000.0,1.21,9.1
2022-06-03,4108.54,0.04190397076308727,3711110000.0,1.21,9.1
2022-06-06,4121.43,-0.0458087974361011,4332700000.0,1.21,9.1
2022-06-07,4160.68,-0.5197546785431248,4248210000.0,1.21,9.1
2022-06-08,4115.77,-0.06712202040944248,4159470000.0,1.21,9.1
2022-06-09,4017.82,-0.019978018555169303,4134170000.0,1.21,9.1
2022-06-10,3900.86,-0.1583968926117652,4889640000.0,1.21,9.1
2022-06-13,3749.63,-0.4197513690656599,5636890000.0,1.21,9.1
2022-06-14,3735.48,-0.3261261728725263,5153890000.0,1.21,9.1
2022-06-15,3789.99,-0.16214832896366715,5530480000.0,1.21,9.1
2022-06-16,3666.77,-0.3010130936279893,5644930000.0,1.21,9.1
2022-06-17,3674.84,-0.11614515776322647,8520740000.0,1.21,9.1
2022-06-21,3764.79,-0.021217636453608673,5292260000.0,1.21,9.1
2022-06-22,3759.89,-0.2574555880079667,5058990000.0,1.21,9.1
2022-06-23,3795.73,-0.1734729226944702,5098640000.0,1.21,9.1
2022-06-24,3911.74,0.048375131060870796,8120260000.0,1.21,9.1
2022-06-27,3900.11,-0.15372777367010712,4325310000.0,1.21,9.1
2022-06-28,3821.55,-0.19709608546243265,4270120000.0,1.21,9.1
2022-06-29,3818.83,-0.35584953109112877,4211240000.0,1.21,9.1
2022-06-30,3785.38,-0.4770588194951415,4840070000.0,1.21,9.1
2022-07-01,3825.33,-0.3443349259129415,4046950000.0,1.68,8.5
2022-07-05,3831.39,0.1831590277566151,5076590000.0,1.68,8.5
2022-07-06,3845.08,0.06257693128039439,4417720000.0,1.68,8.5
2022-07-07,3902.62,0.595062589738518,4057770000.0,1.68,8.5
2022-07-08,3899.38,-0.15480969697237015,3521620000.0,1.68,8.5
2022-07-11,3854.43,-0.06360067067933935,3423480000.0,1.68,8.5
2022-07-12,3818.8,-0.2385657448321581,3817210000.0,1.68,8.5
2022-07-13,3801.78,0.28430509766829865,4109390000.0,1.68,8.5
2022-07-14,3790.38,-0.2389352540485561,4199690000.0,1.68,8.5
2022-07-15,3863.16,-0.6303233917802572,4143800000.0,1.68,8.5
2022-07-18,3830.85,-0.10562020895833318,4046870000.0,1.68,8.5
2022-07-19,3936.69,-0.1958360600595673,4041070000.0,1.68,8.5
2022-07-20,3959.9,0.14064270568390688,4185300000.0,1.68,8.5
2022-07-21,3998.95,0.06681569003396565,4132790000.0,1.68,8.5
2022-07-22,3961.63,0.11555815913847514,3979240000.0,1.68,8.5
2022-07-25,3966.84,0.25550175178796053,3568340000.0,1.68,8.5
2022-07-26,3921.05,0.03423259872943163,3778950000.0,1.68,8.5
2022-07-27,4023.61,0.15942088179290295,4112180000.0,1.68,8.5
2022-07-28,4072.43,0.30808366974815726,4413000000.0,1.68,8.5
2022-07-29,4130.29,-0.08274918810154001,4616360000.0,1.68,8.5
2022-08-01,4118.63,-0.13249253066764635,4202810000.0,2.33,8.3
2022-08-02,4091.19,-0.12662994799514612,4727710000.0,2.33,8.3
2022-08-03,4155.17,-0.17503213013211885,4351760000.0,2.33,8.3
2022-08-04,4151.94,-0.22941911634471682,4283320000.0,2.33,8.3
2022-08-05,4145.19,0.020041756331920624,4085940000.0,2.33,8.3
2022-08-08,4140.06,-0.13238389727969965,4221090000.0,2.33,8.3
2022-08-09,4122.47,0.024495543912053108,3913090000.0,2.33,8.3
2022-08-10,4210.24,-0.10203459411859513,4546010000.0,2.33,8.3
2022-08-11,4207.27,-0.33768864410618943,4630200000.0,2.33,8.3
2022-08-12,4280.15,0.24163797171786427,3788010000.0,2.33,8.3
2022-08-15,4297.14,0.23368959294425118,3696830000.0,2.33,8.3
2022-08-16,4305.2,-0.017313331365585327,4329820000.0,2.33,8.3
2022-08-17,4274.04,-0.2140318119070596,3885030000.0,2.33,8.3
2022-08-18,4283.74,-0.27053316379897296,3340330000.0,2.33,8.3
2022-08-19,4228.48,-0.4147392464801669,3761340000.0,2.33,8.3
2022-08-22,4137.99,-0.21784893341828138,3907430000.0,2.33,8.3
2022-08-23,4128.73,-0.3811622330298026,3823520000.0,2.33,8.3
2022-08-24,4140.77,0.0754886481910944,3583630000.0,2.33,8.3
2022-08-25,4199.12,0.22885539072255293,3566870000.0,2.33,8.3
2022-08-26,4057.66,-0.4307354213669896,3832750000.0,2.33,8.3
2022-08-29,4030.61,-0.26695039169862866,3396510000.0,2.33,8.3
2022-08-30,3986.16,0.04589290474541485,3835860000.0,2.33,8.3
2022-08-31,3955.0,-0.24803658667951822,4542490000.0,2.33,8.3
2022-09-01,3966.85,-0.2582417771918699,4152250000.0,2.56,8.2
2022-09-02,3924.26,-0.1078322313260287,3665850000.0,2.56,8.2
2022-09-06,3908.19,-0.19187609397340566,4127340000.0,2.56,8.2
2022-09-07,3979.87,0.013019806860635677,3890320000.0,2.56,8.2
2022-09-08,4006.18,0.01549564100181063,3966850000.0,2.56,8.2
2022-09-09,4067.36,0.39440983533859253,3901940000.0,2.56,8.2
2022-09-12,4110.41,-0.1252673478289084,3814200000.0,2.56,8.2
2022-09-13,3932.69,-0.6206429549492896,4224550000.0,2.56,8.2
2022-09-14,3946.01,-0.3090247404338284,4293240000.0,2.56,8.2
2022-09-15,3901.35,-0.3162860072217882,4441830000.0,2.56,8.2
2022-09-16,3873.33,-0.2934789819304239,7954650000.0,2.56,8.2
2022-09-19,3899.89,0.06366650080308318,3766850000.0,2.56,8.2
2022-09-20,3855.93,-0.232905656964119,4058050000.0,2.56,8.2
2022-09-21,3789.93,0.006985362619161606,4078330000.0,2.56,8.2
2022-09-22,3757.99,-0.030294851266912053,4284600000.0,2.56,8.2
2022-09-23,3693.23,-0.4986540412397257,5144270000.0,2.56,8.2
2022-09-26,3655.04,-0.008538036353208801,4886140000.0,2.56,8.2
2022-09-27,3647.29,-0.5001912851418767,4577740000.0,2.56,8.2
2022-09-28,3719.04,-0.19738005633865083,4684850000.0,2.56,8.2
2022-09-29,3640.47,-0.40164204717924196,4681810000.0,2.56,8.2
2022-09-30,3585.62,-0.24825697367389996,5645360000.0,2.56,8.2
2022-10-03,3678.43,0.030514904830072607,4806680000.0,3.08,7.7
2022-10-04,3790.93,-0.1395326254889369,5146580000.0,3.08,7.7
2022-10-05,3783.28,0.15244023186258143,4293180000.0,3.08,7.7
2022-10-06,3744.52,0.23762998525053264,4252100000.0,3.08,7.7
2022-10-07,3639.66,-0.10006267266968887,4449660000.0,3.08,7.7
2022-10-10,3612.39,-0.05677699781954289,3834320000.0,3.08,7.7
2022-10-11,3588.84,-0.40606533115108806,4759030000.0,3.08,7.7
2022-10-12,3577.03,-0.15583185873066002,4006830000.0,3.08,7.7
2022-10-13,3669.91,0.029781952733173966,5021680000.0,3.08,7.7
2022-10-14,3583.07,0.02601103842831575,4243030000.0,3.08,7.7
2022-10-17,3677.95,-0.05288060127447049,4352780000.0,3.08,7.7
2022-10-18,3719.98,0.054335375968366864,4483740000.0,3.08,7.7
2022-10-19,3695.16,-0.07910807523876429,4223800000.0,3.08,7.7
2022-10-20,3665.78,0.11143492758274079,4496620000.0,3.08,7.7
2022-10-21,3752.75,-0.05397329370801648,5078020000.0,3.08,7.7
2022-10-24,3797.34,-0.27806125594569103,4747930000.0,3.08,7.7
2022-10-25,3859.11,0.3304409213985006,4843120000.0,3.08,7.7
2022-10-26,3830.6,-0.39558504630501073,4817310000.0,3.08,7.7
2022-10-27,3807.3,-0.18815126961895398,4687320000.0,3.08,7.7
2022-10-28,3901.06,0.0835020492784679,4459410000.0,3.08,7.7
2022-10-31,3871.98,0.013404413126409054,4820620000.0,3.08,7.7
2022-11-01,3856.1,0.25808895618787836,4481210000.0,3.78,7.1
2022-11-02,3759.69,0.04389276847775493,4899000000.0,3.78,7.1
2022-11-03,3719.89,-0.4202069188468158,4625290000.0,3.78,7.1
2022-11-04,3770.55,0.09734130961199601,5400180000.0,3.78,7.1
2022-11-07,3806.8,-0.3034936361280935,4341620000.0,3.78,7.1
2022-11-08,3828.11,-0.012513441150076687,4607640000.0,3.78,7.1
2022-11-09,3748.57,-0.08647586365363427,4645010000.0,3.78,7.1
2022-11-10,3956.37,0.03327540523605421,5781260000.0,3.78,7.1
2022-11-11,3992.93,0.12600945479546985,5593310000.0,3.78,7.1
2022-11-14,3957.25,-0.09948883071774617,4561930000.0,3.78,7.1
2022-11-15,3991.73,0.19598456318490207,5015310000.0,3.78,7.1
2022-11-16,3958.79,0.05688224812703473,4165320000.0,3.78,7.1
2022-11-17,3946.56,-0.07298412018766005,4051780000.0,3.78,7.1
2022-11-18,3965.34,0.10063672251999378,4037360000.0,3.78,7.1
2022-11-21,3949.94,-0.1936166142889609,3850690000.0,3.78,7.1
2022-11-22,4003.58,0.18960813280533662,3887990000.0,3.78,7.1
2022-11-23,4027.26,-0.05119704222306609,3279720000.0,3.78,7.1
2022-11-25,4026.12,-0.012261094152927398,1706460000.0,3.78,7.1
2022-11-28,3963.94,0.10040555919774553,3615430000.0,3.78,7.1
2022-11-29,3957.63,-0.2379050933356796,3546040000.0,3.78,7.1
2022-11-30,4080.11,-0.23818535204710706,6579360000.0,3.78,7.1
2022-12-01,4076.57,-0.062355289980769155,4527130000.0,4.1,6.5
2022-12-02,4071.7,-0.5958633348345757,4012620000.0,4.1,6.5
2022-12-05,3998.84,-0.15262217209157017,4280820000.0,4.1,6.5
2022-12-06,3941.26,-0.4334692335687578,4368380000.0,4.1,6.5
2022-12-07,3933.92,-0.40368879892464193,4118050000.0,4.1,6.5
2022-12-08,3963.51,-0.2060033009786691,4006900000.0,4.1,6.5
2022-12-09,3934.38,0.08271234957501292,3888260000.0,4.1,6.5
2022-12-12,3990.56,0.14277141448110342,3904130000.0,4.1,6.5
2022-12-13,4019.65,-0.09936052644135136,5079360000.0,4.1,6.5
2022-12-14,3995.32,0.030505180565847292,4472340000.0,4.1,6.5
2022-12-15,3895.75,-0.2880682221359827,4493900000.0,4.1,6.5
2022-12-16,3852.36,-0.5816501585973634,7493660000.0,4.1,6.5
2022-12-19,3817.66,-0.336011073419026,3969610000.0,4.1,6.5
2022-12-20,3821.62,0.140703714706681,3985370000.0,4.1,6.5
2022-12-21,3878.44,-0.043573491190644825,3775200000.0,4.1,6.5
2022-12-22,3822.39,-0.17910294947214425,3956950000.0,4.1,6.5
2022-12-23,3844.82,-0.5492770519728462,2819280000.0,4.1,6.5
2022-12-27,3829.25,-0.30055246657381457,3030300000.0,4.1,6.5
2022-12-28,3783.22,-0.12431164332391585,3083520000.0,4.1,6.5
2022-12-29,3849.28,0.13209250421884158,3003680000.0,4.1,6.5
2022-12-30,3839.5,-0.49603564985782694,2979870000.0,4.1,6.5
2023-01-03,3824.14,-0.04400805021195035,3959140000.0,4.33,6.4
2023-01-04,3852.97,-0.16399610851658508,4414080000.0,4.33,6.4
2023-01-05,3808.1,0.1186444496058605,3893450000.0,4.33,6.4
2023-01-06,3895.08,0.11209377700364903,3923560000.0,4.33,6.4
2023-01-09,3892.09,-0.4795392081141472,4311770000.0,4.33,6.4
2023-01-10,3919.25,0.09157183528360394,3851030000.0,4.33,6.4
2023-01-11,3969.61,-0.0159516233781522,4303360000.0,4.33,6.4
2023-01-12,3983.17,-0.10803036822471768,4440260000.0,4.33,6.4
2023-01-13,3999.09,0.06380307355097362,3939700000.0,4.33,6.4
2023-01-17,3990.97,-0.07767247222363949,4235560000.0,4.33,6.4
2023-01-18,3928.86,-0.6335386924135188,4298710000.0,4.33,6.4
2023-01-19,3898.85,-0.33222682460803876,3991500000.0,4.33,6.4
2023-01-20,3972.61,0.02279912379498665,4013360000.0,4.33,6.4
2023-01-23,4019.81,-0.01802248117469606,3945210000.0,4.33,6.4
2023-01-24,4016.95,-0.1917038095742464,3320430000.0,4.33,6.4
2023-01-25,4016.22,-0.2767757046967745,3724020000.0,4.33,6.4
2023-01-26,4060.43,0.32179407484363765,3809590000.0,4.33,6.4
2023-01-27,4070.56,0.1752271805307828,3907760000.0,4.33,6.4
2023-01-30,4017.77,-0.164437875796396,3802000000.0,4.33,6.4
2023-01-31,4076.6,0.0036399593809619546,4679320000.0,4.33,6.4
2023-02-01,4119.21,0.16548790747211092,4856930000.0,4.57,6.0
2023-02-02,4179.76,0.23630921126288526,5624360000.0,4.57,6.0
2023-02-03,4136.48,-0.13503244016319513,4694510000.0,4.57,6.0
2023-02-06,4111.08,-0.14973589189742742,4114240000.0,4.57,6.0
2023-02-07,4164.0,-0.06900524391482274,4355860000.0,4.57,6.0
2023-02-08,4117.86,-0.16616525427837456,4029820000.0,4.57,6.0
2023-02-09,4081.5,-0.16456938506318972,4270200000.0,4.57,6.0
2023-02-10,4090.46,-0.5046815743137684,3891520000.0,4.57,6.0
2023-02-13,4137.29,0.039306816350864734,3448620000.0,4.57,6.0
2023-02-14,4136.13,-0.17887485281310297,3929200000.0,4.57,6.0
2023-02-15,4147.6,0.22355172478904325,4075980000.0,4.57,6.0
2023-02-16,4090.41,0.032008768397976055,4143660000.0,4.57,6.0
2023-02-17,4079.09,-0.3485700052560252,4045480000.0,4.57,6.0
2023-02-21,3997.34,-0.5307618804648518,4121590000.0,4.57,6.0
2023-02-22,3991.05,-0.05680647101253271,4079320000.0,4.57,6.0
2023-02-23,4012.32,-0.008950422947796492,3952940000.0,4.57,6.0
2023-02-24,3970.04,-0.3244267661590129,3877700000.0,4.57,6.0
2023-02-27,3982.24,0.11189529066905379,3836950000.0,4.57,6.0
2023-02-28,3970.15,-0.16997979069128633,5043400000.0,4.57,6.0
2023-03-01,3951.39,-0.3498905648787816,4249480000.0,4.65,5.0
2023-03-02,3981.35,0.14059876442393837,4244900000.0,4.65,5.0
2023-03-03,4045.64,-0.14420317532494664,4084730000.0,4.65,5.0
2023-03-06,4048.42,0.04597585198694262,4000870000.0,4.65,5.0
2023-03-07,3986.37,-0.22765272168908268,3922500000.0,4.65,5.0
2023-03-08,3992.01,-0.14067616301278274,3535570000.0,4.65,5.0
2023-03-09,3918.32,-0.1248014121173093,4445260000.0,4.65,5.0
2023-03-10,3861.59,-0.5743861845146645,5518190000.0,4.65,5.0
2023-03-13,3855.76,-0.31767885435727383,6558020000.0,4.65,5.0
2023-03-14,3919.29,-0.13616736057926626,5665870000.0,4.65,5.0
2023-03-15,3891.93,-0.35454695865822333,6594010000.0,4.65,5.0
2023-03-16,3960.28,-0.08240063042779054,5695790000.0,4.65,5.0
2023-03-17,3916.64,-0.14796729065963757,9354280000.0,4.65,5.0
2023-03-20,3951.57,-0.027671601035093005,5347140000.0,4.65,5.0
2023-03-21,4002.87,0.2008513495946924,4920240000.0,4.65,5.0
2023-03-22,3936.97,-0.20961662122736807,4533010000.0,4.65,5.0
2023-03-23,3948.72,-0.07048128655878827,4991600000.0,4.65,5.0
2023-03-24,3970.99,0.28177833936821955,4583970000.0,4.65,5.0
2023-03-27,3977.53,0.20467080519749567,4233540000.0,4.65,5.0
2023-03-28,3971.27,-0.2303406334566799,4014600000.0,4.65,5.0
2023-03-29,4027.81,0.11682289384086342,4145250000.0,4.65,5.0
2023-03-30,4050.83,0.10358498141997391,3930860000.0,4.65,5.0
2023-03-31,4109.31,-0.195071682978708,4525120000.0,4.65,5.0
2023-04-03,4124.51,-0.1211281201063559,4234700000.0,4.83,4.9
2023-04-04,4100.6,-0.23539976706809324,4227800000.0,4.83,4.9
2023-04-05,4090.38,-0.24173532284796237,3968020000.0,4.83,4.9
2023-04-06,4105.02,-0.16416345771990323,3486690000.0,4.83,4.9
2023-04-10,4109.11,-0.299590194481425,3423650000.0,4.83,4.9
2023-04-11,4108.94,-0.10537224871416886,3665830000.0,4.83,4.9
2023-04-12,4091.95,-0.060446191833100536,3633120000.0,4.83,4.9
2023-04-13,4146.22,-0.1277228730785496,3596590000.0,4.83,4.9
2023-04-14,4137.64,-0.19547855420969426,3575690000.0,4.83,4.9
2023-04-17,4151.32,0.05699956006455151,3611180000.0,4.83,4.9
2023-04-18,4154.87,-0.017710716058702572,3536640000.0,4.83,4.9
2023-04-19,4154.52,-0.05075433960667363,3572560000.0,4.83,4.9
2023-04-20,4129.79,-0.3173324532806873,3772080000.0,4.83,4.9
2023-05-01,4167.87,0.0714243608748629,3321370000.0,5.06,4.0
2023-05-02,4119.58,-0.19836924911942333,4486130000.0,5.06,4.0
2023-05-03,4090.75,-0.32450247183442116,4246510000.0,5.06,4.0
2023-05-04,4061.22,-0.2890507852515349,4920090000.0,5.06,4.0
2023-05-05,4136.25,-0.14593314208711186,4186270000.0,5.06,4.0
2023-05-08,4138.12,0.042330881727761345,3641640000.0,5.06,4.0
2023-05-09,4119.17,-0.2459615054540336,3810140000.0,5.06,4.0
2023-05-10,4137.64,0.011435483407694846,4057160000.0,5.06,4.0
2023-05-11,4130.62,-0.22352185389027,3752900000.0,5.06,4.0
2023-05-12,4124.08,-0.22272097233993313,3533740000.0,5.06,4.0
2023-05-15,4136.28,-0.0016058927313202904,3562170000.0,5.06,4.0
2023-05-16,4109.9,0.0852326531894505,3654200000.0,5.06,4.0
2023-05-17,4158.77,0.111796194001248,4039080000.0,5.06,4.0
2023-05-18,4198.05,0.14878007388589057,3980500000.0,5.06,4.0
2023-05-19,4191.98,-0.02163317414339293,4041900000.0,5.06,4.0
2023-05-22,4192.63,-0.05594066620594071,3728520000.0,5.06,4.0
2023-05-23,4145.58,-0.38409282009610357,4155320000.0,5.06,4.0
2023-05-24,4115.24,-0.16790016047242615,0.0,5.06,4.0
2023-05-25,4151.28,-0.05059472459834069,4147760000.0,5.06,4.0
2023-05-26,4205.45,-0.06372890320113477,3715460000.0,5.06,4.0
2023-05-30,4205.52,0.13648123319189137,4228510000.0,5.06,4.0
2023-05-31,4179.83,-0.31528972855840737,5980670000.0,5.06,4.0
2023-06-01,4221.02,-0.1657292212996828,4391860000.0,5.08,3.0
2023-06-02,4282.37,0.05862790684181231,4454200000.0,5.08,3.0
2023-06-05,4273.79,-0.2763125023951656,3813290000.0,5.08,3.0
2023-06-06,4283.85,0.022427005269988018,3996560000.0,5.08,3.0
2023-06-07,4267.52,-0.3829761755007964,4537800000.0,5.08,3.0
2023-06-08,4293.93,0.0999102940550074,3826740000.0,5.08,3.0
2023-06-09,4298.86,0.019334798897890484,3786510000.0,5.08,3.0
2023-06-12,4338.93,0.06295356922782958,3945670000.0,5.08,3.0
2023-06-13,4369.01,0.13464121605890492,4275400000.0,5.08,3.0
2023-06-14,4372.59,-0.3119803171604872,4252110000.0,5.08,3.0
2023-06-15,4425.84,0.15318976213102756,4176690000.0,5.08,3.0
2023-06-16,4409.59,-0.0019497760461972041,6848600000.0,5.08,3.0
2023-06-20,4388.71,-0.2844433394972892,4055790000.0,5.08,3.0
2023-06-21,4365.69,-0.06668491013348103,3709330000.0,5.08,3.0
2023-06-22,4381.89,-0.002698879474057601,3511000000.0,5.08,3.0
2023-06-23,4348.33,-0.21184805958815242,6053620000.0,5.08,3.0
2023-06-26,4328.82,-0.29062124743888323,3415030000.0,5.08,3.0
2023-06-27,4378.41,0.15160832871847293,3573500000.0,5.08,3.0
2023-06-28,4376.86,-0.05001460343761289,3739330000.0,5.08,3.0
2023-06-29,4396.44,0.10115287625896079,3696660000.0,5.08,3.0
2023-06-30,4450.38,0.38045815327204763,3923450000.0,5.08,3.0
2023-07-03,4455.59,0.14584044892002235,2034280000.0,5.12,3.2
2023-07-05,4446.82,-0.1319210626399861,3482620000.0,5.12,3.2
2023-07-06,4411.59,-0.1427379474043846,3682020000.0,5.12,3.2
2023-07-07,4398.95,-0.16953752153431592,3630480000.0,5.12,3.2
2023-07-10,4409.53,0.05780418649973238,3429600000.0,5.12,3.2
2023-07-11,4439.26,-0.02038756770392259,3624220000.0,5.12,3.2
2023-07-12,4472.16,0.21808042842894793,3920290000.0,5.12,3.2
2023-07-13,4510.04,0.4573935655256112,3839530000.0,5.12,3.2
2023-07-14,4505.42,-0.23391580441966653,3647450000.0,5.12,3.2
2023-07-17,4522.79,0.21753023914726718,3538240000.0,5.12,3.2
2023-07-18,4554.98,0.21307427203282714,4090010000.0,5.12,3.2
2023-07-19,4565.72,-0.11990166279590792,4115670000.0,5.12,3.2
2023-07-20,4534.87,-0.15351768458882967,3761770000.0,5.12,3.2
2023-07-21,4536.34,-0.22560099395923316,3570190000.0,5.12,3.2
2023-07-24,4554.64,-0.023163184696049603,3856250000.0,5.12,3.2
2023-07-25,4567.46,-0.051251752521185315,3812470000.0,5.12,3.2
2023-07-26,4566.75,-0.0640241943211073,3990290000.0,5.12,3.2
2023-07-27,4537.41,-0.1192076673420767,4553210000.0,5.12,3.2
2023-07-28,4582.23,0.06330536344003948,3981010000.0,5.12,3.2
2023-07-31,4588.96,0.2945175380200932,4503600000.0,5.12,3.2
2023-08-01,4576.73,-0.045645224288679086,4042370000.0,5.33,3.7
2023-08-02,4513.39,-0.4878866722045297,4270710000.0,5.33,3.7
2023-08-03,4501.89,-0.49386423878604546,4149120000.0,5.33,3.7
2023-08-04,4478.03,-0.4334649863652885,4143310000.0,5.33,3.7
2023-08-07,4518.44,-0.07486021604388952,3493920000.0,5.33,3.7
2023-08-08,4499.38,-0.24620326321572064,3884910000.0,5.33,3.7
2023-08-09,4467.71,-0.30913567846512485,3803100000.0,5.33,3.7
2023-08-10,4468.83,-0.07536762277595699,4504370000.0,5.33,3.7
2023-08-11,4464.05,-0.34199502295814455,3753290000.0,5.33,3.7
2023-08-14,4489.72,0.293227424689879,3896410000.0,5.33,3.7
2023-08-15,4437.86,-0.2936119602895097,3832250000.0,5.33,3.7
2023-08-16,4404.33,-0.2250777506934745,3753910000.0,5.33,3.7
2023-08-17,4370.36,-0.23467106944216148,3943700000.0,5.33,3.7
2023-08-18,4369.71,-0.2654367931536399,3940400000.0,5.33,3.7
2023-08-21,4399.77,-0.07144646472962839,3726850000.0,5.33,3.7
2023-08-22,4387.55,-0.2687885828868107,3522760000.0,5.33,3.7
2023-08-23,4436.01,0.032438892577039566,3837270000.0,5.33,3.7
2023-08-24,4376.31,-0.2736880320410889,3723470000.0,5.33,3.7
2023-08-25,4405.71,0.04259726218879223,3296180000.0,5.33,3.7
2023-08-28,4433.31,0.15059311328721897,2957230000.0,5.33,3.7
2023-08-29,4497.63,0.027273991890251637,3354820000.0,5.33,3.7
2023-08-30,4514.87,-0.03648297768086195,3064110000.0,5.33,3.7
2023-08-31,4507.66,0.11170535337399035,3946360000.0,5.33,3.7
2023-09-01,4515.77,-0.18943822817876935,3246260000.0,5.33,3.7
2023-09-05,4496.83,-0.2182569796288455,3526250000.0,5.33,3.7
2023-09-06,4465.48,-0.15895270868002073,3418850000.0,5.33,3.7
2023-09-07,4451.14,-0.42068049632944166,3763760000.0,5.33,3.7
2023-09-08,4457.49,-0.40276467396567267,3259290000.0,5.33,3.7
2023-09-11,4487.46,-0.042241830844432116,3369920000.0,5.33,3.7
2023-09-12,4461.9,-0.20346621629979575,3435740000.0,5.33,3.7
2023-09-13,4467.44,0.002916215622628277,3529430000.0,5.33,3.7
2023-09-14,4505.1,0.007627909640885062,3648720000.0,5.33,3.7
2023-09-15,4450.32,-0.06727153012373795,6932230000.0,5.33,3.7
2023-09-18,4453.53,-0.2845316414189126,3161230000.0,5.33,3.7
2023-09-19,4443.95,-0.3320482679953178,3614880000.0,5.33,3.7
2023-09-20,4402.2,0.07213443970041615,3308450000.0,5.33,3.7
2023-09-21,4330.0,-0.6408923448135073,3662340000.0,5.33,3.7
2023-09-22,4320.06,-0.29378960237783547,3349570000.0,5.33,3.7
2023-09-25,4337.44,0.003391935924688975,3195650000.0,5.33,3.7
2023-09-26,4273.53,-0.6333381800912321,3472340000.0,5.33,3.7
2023-09-27,4274.51,-0.17282725318468042,3875880000.0,5.33,3.7
2023-09-28,4299.7,-0.25818961299955845,3846230000.0,5.33,3.7
2023-09-29,4288.05,-0.17637336170000414,3865960000.0,5.33,3.7
2023-10-02,4288.39,0.048983409690360226,3938660000.0,5.33,3.2
2023-10-03,4229.45,-0.35737449406036015,3953830000.0,5.33,3.2
2023-10-04,4263.75,-0.08452880827503072,3777600000.0,5.33,3.2
2023-10-05,4258.19,-0.4091860410602142,3581470000.0,5.33,3.2
2023-10-06,4308.5,-0.08468298108450004,3902030000.0,5.33,3.2
2023-10-09,4335.66,-0.18476129544987566,3174630000.0,5.33,3.2
2023-10-10,4358.24,-0.0990447657648474,3520240000.0,5.33,3.2
2023-10-11,4376.95,-0.04807866473371784,3601660000.0,5.33,3.2
2023-10-12,4349.61,-0.21567220023522773,3713140000.0,5.33,3.2
2023-10-13,4327.78,-0.03761018448593942,3566560000.0,5.33,3.2
2023-10-16,4373.63,0.08091622672862175,3409960000.0,5.33,3.2
2023-10-17,4373.2,-0.27286938085619894,3794850000.0,5.33,3.2
2023-10-18,4314.6,-0.2383195906067672,3686030000.0,5.33,3.2
2023-10-19,4278.0,-0.13851159705739954,3969730000.0,5.33,3.2
2023-10-20,4224.16,-0.7183741788446371,4004030000.0,5.33,3.2
2023-10-23,4217.04,-0.3541804078138537,3776100000.0,5.33,3.2
2023-10-24,4247.68,-0.22955022501992062,3821820000.0,5.33,3.2
2023-10-25,4186.77,-0.3055266168500696,3869370000.0,5.33,3.2
2023-10-26,4137.23,-0.5889400683441445,4277640000.0,5.33,3.2
2023-10-27,4117.37,-0.5312997687253214,4019500000.0,5.33,3.2
2023-10-30,4166.82,-0.06928377113688518,3911140000.0,5.33,3.2
2023-10-31,4193.8,-0.25631143387761857,4249470000.0,5.33,3.2
2023-11-01,4237.86,-0.1819784767659647,4224900000.0,5.33,3.1
2023-11-02,4317.78,-0.03745185737224186,4669780000.0,5.33,3.1
2023-11-03,4358.34,0.05986681093390171,4570960000.0,5.33,3.1
2023-11-06,4365.98,-0.05347643796354532,3656340000.0,5.33,3.1
2023-11-07,4378.38,0.08361316185134153,3791230000.0,5.33,3.1
2023-11-08,4382.78,0.07253752229735255,3729510000.0,5.33,3.1
2023-11-09,4347.35,-0.1688006330085428,3900780000.0,5.33,3.1
2023-11-10,4415.24,0.17575683686882257,3665080000.0,5.33,3.1
2023-11-13,4411.55,-0.11614424378975578,3326240000.0,5.33,3.1
2023-11-14,4495.7,0.039900786420773895,4700350000.0,5.33,3.1
2023-11-15,4502.88,0.22596478648483753,4347170000.0,5.33,3.1
2023-11-16,4508.24,-0.07435151664540171,3964520000.0,5.33,3.1
2023-11-17,4514.02,-0.04045160026067779,3777240000.0,5.33,3.1
2023-11-20,4547.38,0.14534973385385597,3644790000.0,5.33,3.1
2023-11-21,4538.19,-0.08382568215192468,3511080000.0,5.33,3.1
2023-11-22,4556.62,0.2111856705803228,3042810000.0,5.33,3.1
2023-11-24,4559.34,-0.23295519809471443,1639500000.0,5.33,3.1
2023-11-27,4550.43,0.028667849467389962,3403990000.0,5.33,3.1
2023-11-28,4554.89,-0.2903140495265169,3586240000.0,5.33,3.1
2023-11-29,4550.58,-0.21179791831721861,4418760000.0,5.33,3.1
2023-11-30,4567.8,0.09682784862816333,5399300000.0,5.33,3.1
2023-12-01,4594.63,0.04047667137347162,4397120000.0,5.33,3.4
2023-12-04,4569.78,-0.08046840044359366,4369910000.0,5.33,3.4
2023-12-05,4567.18,-0.3160094554639525,3909950000.0,5.33,3.4
2023-12-06,4549.34,-0.05972135568865471,4245680000.0,5.33,3.4
2023-12-07,4585.59,-0.01846432115882635,3818880000.0,5.33,3.4
2023-12-08,4604.37,0.16964984349906445,3707010000.0,5.33,3.4
2023-12-11,4622.44,0.21012368712287682,3823210000.0,5.33,3.4
2023-12-12,4643.7,0.27215305989717736,3808380000.0,5.33,3.4
2023-12-13,4707.09,0.21202047395965326,5063650000.0,5.33,3.4
2023-12-14,4719.55,0.1135269698376457,6314040000.0,5.33,3.4
2023-12-15,4719.19,0.056883346475660804,8218980000.0,5.33,3.4
2023-12-18,4740.56,0.21061319126082317,4060340000.0,5.33,3.4
2023-12-19,4768.37,0.15620484412647784,4026970000.0,5.33,3.4
2023-12-20,4698.35,-0.5716390397865325,4201320000.0,5.33,3.4
2023-12-21,4746.75,-0.09302520689864953,3431180000.0,5.33,3.4
2023-12-22,4754.63,-0.12866292876424268,3046770000.0,5.33,3.4
2023-12-26,4774.75,0.2455178148423632,2513910000.0,5.33,3.4
2023-12-27,4781.58,0.2569349023979157,2748450000.0,5.33,3.4
2023-12-28,4783.35,0.2913606905124404,2698860000.0,5.33,3.4
2023-12-29,4769.83,-0.1334448267146945,3126060000.0,5.33,3.4
2024-01-02,4742.83,-0.05663711492282649,3743050000.0,5.33,3.1
2024-01-03,4704.81,-0.24505569878965616,3950760000.0,5.33,3.1
2024-01-04,4688.68,0.039421300093332924,3715480000.0,5.33,3.1
2024-01-05,4697.24,-0.2769191903062165,3844370000.0,5.33,3.1
2024-01-08,4763.54,0.2557263838992055,3742320000.0,5.33,3.1
2024-01-09,4756.5,-0.11661250580494341,3529960000.0,5.33,3.1
2024-01-10,4783.45,-0.005967255371312301,3498680000.0,5.33,3.1
2024-01-11,4780.24,-0.16941143232397735,3759890000.0,5.33,3.1
2024-01-12,4783.83,-0.37507480722578135,3486340000.0,5.33,3.1
2024-01-16,4765.98,-0.021786229762559135,4260550000.0,5.33,3.1
2024-01-17,4739.21,-0.1169166836887598,3928600000.0,5.33,3.1
2024-01-18,4780.94,-0.11838109488599002,4019000000.0,5.33,3.1
2024-01-19,4839.81,0.2564701956639789,4287200000.0,5.33,3.1
2024-01-22,4850.43,0.33701364236185327,4297610000.0,5.33,3.1
2024-01-23,4864.6,0.03579364056614312,3912800000.0,5.33,3.1
2024-01-24,4868.55,0.1453559805949529,4330030000.0,5.33,3.1
2024-01-25,4894.16,0.09685206918844155,4020430000.0,5.33,3.1
2024-01-26,4890.97,-0.23015625829644062,3353400000.0,5.33,3.1
2024-01-29,4927.93,-0.20259708331690895,3525160000.0,5.33,3.1
2024-01-30,4924.97,-0.11169385405567785,3836130000.0,5.33,3.1
2024-01-31,4845.65,-0.24274944886565208,4696120000.0,5.33,3.1
2024-02-01,4906.19,0.19623145613480697,4386090000.0,5.33,3.2
2024-02-02,4958.61,0.18482886892385209,3974350000.0,5.33,3.2
2024-02-05,4942.81,0.08080954011529684,4023640000.0,5.33,3.2
2024-02-06,4954.23,-0.02345523936673999,4440880000.0,5.33,3.2
2024-02-07,4995.06,-0.003941673578487502,4895590000.0,5.33,3.2
2024-02-08,4997.91,-0.07522867202620816,4341860000.0,5.33,3.2
2024-02-09,5026.61,0.25078690041075735,3912990000.0,5.33,3.2
2024-02-12,5021.84,0.05215113206456105,3805740000.0,5.33,3.2
2024-02-13,4953.17,-0.25959516372531655,4302190000.0,5.33,3.2
2024-02-14,5000.62,0.1354099932941608,3845600000.0,5.33,3.2
2024-02-15,5029.73,-0.05932715139351785,4137970000.0,5.33,3.2
2024-02-16,5005.57,-0.11356841952636323,3833270000.0,5.33,3.2
2024-02-20,4975.51,0.06257333494722843,4034880000.0,5.33,3.2
2024-02-21,4981.8,0.05437042073092677,3788390000.0,5.33,3.2
2024-02-22,5087.03,0.41001891301801574,4051710000.0,5.33,3.2
2024-02-23,5088.8,0.4494654033333063,3672790000.0,5.33,3.2
2024-02-26,5069.53,0.06322550253175638,3683930000.0,5.33,3.2
2024-02-27,5078.18,-0.05912815881449552,3925950000.0,5.33,3.2
2024-02-28,5069.76,-0.0951965089005075,3789370000.0,5.33,3.2
2024-02-29,5096.27,0.06280651307580146,5219740000.0,5.33,3.2
2024-03-01,5137.08,0.32250552899354407,4748110000.0,5.33,3.5
2024-03-04,5130.95,-0.1573278636281048,,5.33,3.5
