Date,CP,Headline_Count,Volume,Interest_Rate,Inflation_Rate,GDP,Gold_Price,Unemployment_Rate,Sentiment
2008-01-02,1447.16,3,3000000,3.94,4.3,14706.538,923.75,5.0,0.0
2008-01-03,1447.16,1,1000000,3.94,4.3,14706.538,923.75,5.0,0.0
2008-01-07,1416.18,1,1000000,3.94,4.3,14706.538,923.75,5.0,0.0
2008-01-09,1409.13,2,2000000,3.94,4.3,14706.538,923.75,5.0,0.0
2008-01-10,1420.33,1,1000000,3.94,4.3,14706.538,923.75,5.0,0.0
2008-01-22,1310.5,4,4000000,3.94,4.3,14706.538,923.75,5.0,0.0
2008-01-29,1362.3,1,1000000,3.94,4.3,14706.538,923.75,5.0,0.0
2008-01-30,1355.81,1,1000000,3.94,4.3,14706.538,923.75,5.0,0.0
2008-02-01,1395.42,1,1000000,2.98,4.0,14706.538,969.0,4.9,0.0
2008-02-05,1336.64,3,3000000,2.98,4.0,14706.538,969.0,4.9,0.0
2008-02-11,1339.13,2,2000000,2.98,4.0,14706.538,969.0,4.9,0.0
2008-02-21,1342.53,1,1000000,2.98,4.0,14706.538,969.0,4.9,0.0
2008-02-22,1353.11,2,2000000,2.98,4.0,14706.538,969.0,4.9,0.0
2008-02-28,1367.68,1,1000000,2.98,4.0,14706.538,969.0,4.9,0.0
2008-02-29,1330.63,1,1000000,2.98,4.0,14706.538,969.0,4.9,0.0
2008-03-05,1333.7,1,1000000,2.61,4.0,14706.538,937.25,5.1,0.0
2008-03-07,1293.37,2,2000000,2.61,4.0,14706.538,937.25,5.1,0.0
2008-03-10,1273.37,1,1000000,2.61,4.0,14706.538,937.25,5.1,0.0
2008-03-11,1320.65,1,1000000,2.61,4.0,14706.538,937.25,5.1,0.0
2008-03-18,1330.74,1,1000000,2.61,4.0,14706.538,937.25,5.1,0.0
2008-03-27,1325.76,1,1000000,2.61,4.0,14706.538,937.25,5.1,0.0
2008-04-02,1367.53,1,1000000,2.28,3.9,14865.701,867.75,5.0,0.0
2008-04-07,1372.54,1,1000000,2.28,3.9,14865.701,867.75,5.0,0.0
2008-04-16,1364.71,2,2000000,2.28,3.9,14865.701,867.75,5.0,0.0
2008-04-22,1375.94,1,1000000,2.28,3.9,14865.701,867.75,5.0,0.0
2008-04-23,1379.93,1,1000000,2.28,3.9,14865.701,867.75,5.0,0.0
2008-04-24,1388.82,1,1000000,2.28,3.9,14865.701,867.75,5.0,0.0
2008-04-25,1397.84,1,1000000,2.28,3.9,14865.701,867.75,5.0,0.0
2008-05-05,1407.49,1,1000000,1.98,4.2,14865.701,879.5,5.4,0.0
2008-05-06,1418.26,1,1000000,1.98,4.2,14865.701,879.5,5.4,0.0
2008-05-07,1392.57,1,1000000,1.98,4.2,14865.701,879.5,5.4,0.0
2008-05-08,1397.68,1,1000000,1.98,4.2,14865.701,879.5,5.4,0.0
2008-05-12,1403.58,3,3000000,1.98,4.2,14865.701,879.5,5.4,0.0
2008-05-16,1425.35,1,1000000,1.98,4.2,14865.701,879.5,5.4,0.0
2008-05-21,1390.71,1,1000000,1.98,4.2,14865.701,879.5,5.4,0.0
2008-05-23,1375.93,1,1000000,1.98,4.2,14865.701,879.5,5.4,0.0
2008-05-27,1385.35,1,1000000,1.98,4.2,14865.701,879.5,5.4,0.0
2008-05-29,1398.26,1,1000000,1.98,4.2,14865.701,879.5,5.4,0.0
2008-06-02,1385.67,1,1000000,2.0,5.0,14865.701,932.75,5.6,0.0
2008-06-04,1377.2,2,2000000,2.0,5.0,14865.701,932.75,5.6,0.0
2008-06-05,1404.05,1,1000000,2.0,5.0,14865.701,932.75,5.6,0.0
2008-06-09,1361.76,2,2000000,2.0,5.0,14865.701,932.75,5.6,0.0
2008-06-13,1360.03,1,1000000,2.0,5.0,14865.701,932.75,5.6,0.0
2008-06-20,1317.93,1,1000000,2.0,5.0,14865.701,932.75,5.6,0.0
2008-06-24,1314.29,2,2000000,2.0,5.0,14865.701,932.75,5.6,0.0
2008-07-01,1284.91,1,1000000,2.01,5.6,14898.999,912.0,5.8,0.0
2008-07-02,1261.52,2,2000000,2.01,5.6,14898.999,912.0,5.8,0.0
2008-07-07,1252.31,1,1000000,2.01,5.6,14898.999,912.0,5.8,0.0
2008-07-09,1244.69,1,1000000,2.01,5.6,14898.999,912.0,5.8,0.0
2008-07-14,1228.3,1,1000000,2.01,5.6,14898.999,912.0,5.8,0.0
2008-07-23,1282.19,1,1000000,2.01,5.6,14898.999,912.0,5.8,0.0
2008-07-29,1263.2,1,1000000,2.01,5.6,14898.999,912.0,5.8,0.0
2008-07-31,1267.38,1,1000000,2.01,5.6,14898.999,912.0,5.8,0.0
2008-08-01,1260.31,1,1000000,2.0,5.4,14898.999,836.5,6.1,0.0
2008-08-04,1249.01,1,1000000,2.0,5.4,14898.999,836.5,6.1,0.0
2008-08-08,1296.32,1,1000000,2.0,5.4,14898.999,836.5,6.1,0.0
2008-08-13,1285.83,1,1000000,2.0,5.4,14898.999,836.5,6.1,0.0
2008-08-14,1292.93,1,1000000,2.0,5.4,14898.999,836.5,6.1,0.0
2008-08-19,1266.69,2,2000000,2.0,5.4,14898.999,836.5,6.1,0.0
2008-08-26,1271.51,2,2000000,2.0,5.4,14898.999,836.5,6.1,0.0
2008-08-27,1281.66,2,2000000,2.0,5.4,14898.999,836.5,6.1,0.0
2008-08-28,1300.68,1,1000000,2.0,5.4,14898.999,836.5,6.1,0.0
2008-09-03,1274.98,1,1000000,1.81,4.9,14898.999,897.0,6.1,0.0
2008-09-09,1224.51,1,1000000,1.81,4.9,14898.999,897.0,6.1,0.0
2008-09-10,1232.04,1,1000000,1.81,4.9,14898.999,897.0,6.1,0.0
2008-09-11,1249.05,1,1000000,1.81,4.9,14898.999,897.0,6.1,0.0
2008-09-15,1192.7,1,1000000,1.81,4.9,14898.999,897.0,6.1,0.0
2008-09-16,1213.6,2,2000000,1.81,4.9,14898.999,897.0,6.1,0.0
2008-09-17,1156.39,1,1000000,1.81,4.9,14898.999,897.0,6.1,0.0
2008-09-19,1255.08,1,1000000,1.81,4.9,14898.999,897.0,6.1,0.0
2008-09-24,1185.87,1,1000000,1.81,4.9,14898.999,897.0,6.1,0.0
2008-09-26,1213.27,1,1000000,1.81,4.9,14898.999,897.0,6.1,0.0
2008-09-29,1106.42,3,3000000,1.81,4.9,14898.999,897.0,6.1,0.0
2008-10-01,1161.06,1,1000000,0.97,3.7,14608.209,728.5,6.5,0.0
2008-10-06,1056.89,1,1000000,0.97,3.7,14608.209,728.5,6.5,0.0
2008-10-07,996.23,1,1000000,0.97,3.7,14608.209,728.5,6.5,0.0
2008-10-13,1003.35,1,1000000,0.97,3.7,14608.209,728.5,6.5,0.0
2008-10-15,907.84,2,2000000,0.97,3.7,14608.209,728.5,6.5,0.0
2008-10-17,940.55,2,2000000,0.97,3.7,14608.209,728.5,6.5,0.0
2008-10-20,985.4,1,1000000,0.97,3.7,14608.209,728.5,6.5,0.0
2008-10-21,955.05,1,1000000,0.97,3.7,14608.209,728.5,6.5,0.0
2008-10-23,908.11,2,2000000,0.97,3.7,14608.209,728.5,6.5,0.0
2008-10-24,876.77,2,2000000,0.97,3.7,14608.209,728.5,6.5,0.0
2008-10-29,930.09,1,1000000,0.97,3.7,14608.209,728.5,6.5,0.0
2008-10-30,954.09,2,2000000,0.97,3.7,14608.209,728.5,6.5,0.0
2008-11-03,966.3,3,3000000,0.39,1.1,14608.209,813.5,6.8,0.0
2008-11-04,1005.75,1,1000000,0.39,1.1,14608.209,813.5,6.8,0.0
2008-11-05,952.77,1,1000000,0.39,1.1,14608.209,813.5,6.8,0.0
2008-11-07,930.99,1,1000000,0.39,1.1,14608.209,813.5,6.8,0.0
2008-11-10,919.21,1,1000000,0.39,1.1,14608.209,813.5,6.8,0.0
2008-11-11,898.95,2,2000000,0.39,1.1,14608.209,813.5,6.8,0.0
2008-11-17,850.75,2,2000000,0.39,1.1,14608.209,813.5,6.8,0.0
2008-11-21,800.03,1,1000000,0.39,1.1,14608.209,813.5,6.8,0.0
2008-11-24,851.81,1,1000000,0.39,1.1,14608.209,813.5,6.8,0.0
2008-11-26,887.68,1,1000000,0.39,1.1,14608.209,813.5,6.8,0.0
2008-12-01,816.21,1,1000000,0.16,0.1,14608.209,865.0,7.3,0.0
2008-12-02,848.81,1,1000000,0.16,0.1,14608.209,865.0,7.3,0.0
2008-12-03,870.74,1,1000000,0.16,0.1,14608.209,865.0,7.3,0.0
2008-12-04,845.22,1,1000000,0.16,0.1,14608.209,865.0,7.3,0.0
2008-12-09,888.67,1,1000000,0.16,0.1,14608.209,865.0,7.3,0.0
2008-12-11,873.59,2,2000000,0.16,0.1,14608.209,865.0,7.3,0.0
2008-12-17,904.42,1,1000000,0.16,0.1,14608.209,865.0,7.3,0.0
2008-12-18,885.28,1,1000000,0.16,0.1,14608.209,865.0,7.3,0.0
2008-12-24,868.15,1,1000000,0.16,0.1,14608.209,865.0,7.3,0.0
2008-12-30,890.64,2,2000000,0.16,0.1,14608.209,865.0,7.3,0.0
2008-12-31,903.25,1,1000000,0.16,0.1,14608.209,865.0,7.3,0.0
2009-01-07,906.65,1,1000000,0.15,0.0,14430.902,918.5,7.8,0.0
2009-01-08,909.73,1,1000000,0.15,0.0,14430.902,918.5,7.8,0.0
2009-01-12,870.26,1,1000000,0.15,0.0,14430.902,918.5,7.8,0.0
2009-01-20,805.22,1,1000000,0.15,0.0,14430.902,918.5,7.8,0.0
2009-01-21,840.24,2,2000000,0.15,0.0,14430.902,918.5,7.8,0.0
2009-01-23,831.95,1,1000000,0.15,0.0,14430.902,918.5,7.8,0.0
2009-01-28,874.09,2,2000000,0.15,0.0,14430.902,918.5,7.8,0.0
2009-01-30,825.88,1,1000000,0.15,0.0,14430.902,918.5,7.8,0.0
2009-02-02,825.44,1,1000000,0.22,0.2,14430.902,943.75,8.3,0.0
2009-02-09,869.89,1,1000000,0.22,0.2,14430.902,943.75,8.3,0.0
2009-02-17,789.17,1,1000000,0.22,0.2,14430.902,943.75,8.3,0.0
2009-02-18,788.42,2,2000000,0.22,0.2,14430.902,943.75,8.3,0.0
2009-02-23,743.33,1,1000000,0.22,0.2,14430.902,943.75,8.3,0.0
2009-02-25,764.9,1,1000000,0.22,0.2,14430.902,943.75,8.3,0.0
2009-03-02,700.82,1,1000000,0.18,-0.4,14430.902,918.5,8.7,0.0
2009-03-03,696.33,1,1000000,0.18,-0.4,14430.902,918.5,8.7,0.0
2009-03-04,712.87,1,1000000,0.18,-0.4,14430.902,918.5,8.7,0.0
2009-03-05,682.55,1,1000000,0.18,-0.4,14430.902,918.5,8.7,0.0
2009-03-09,676.53,1,1000000,0.18,-0.4,14430.902,918.5,8.7,0.0
2009-03-13,756.55,1,1000000,0.18,-0.4,14430.902,918.5,8.7,0.0
2009-03-18,794.35,1,1000000,0.18,-0.4,14430.902,918.5,8.7,0.0
2009-03-26,832.86,1,1000000,0.18,-0.4,14430.902,918.5,8.7,0.0
2009-04-06,835.48,2,2000000,0.15,-0.7,14381.236,889.0,9.0,0.0
2009-04-13,858.73,1,1000000,0.15,-0.7,14381.236,889.0,9.0,0.0
2009-04-17,869.6,1,1000000,0.15,-0.7,14381.236,889.0,9.0,0.0
2009-04-28,855.16,1,1000000,0.15,-0.7,14381.236,889.0,9.0,0.0
2009-04-30,872.81,2,2000000,0.15,-0.7,14381.236,889.0,9.0,0.0
2009-05-07,907.39,1,1000000,0.18,-1.3,14381.236,972.0,9.4,0.0
2009-05-11,909.24,2,2000000,0.18,-1.3,14381.236,972.0,9.4,0.0
2009-05-29,919.14,1,1000000,0.18,-1.3,14381.236,972.0,9.4,0.0
2009-06-01,942.87,2,2000000,0.21,-1.4,14381.236,941.0,9.5,0.0
2009-06-05,940.09,1,1000000,0.21,-1.4,14381.236,941.0,9.5,0.0
2009-06-11,944.89,2,2000000,0.21,-1.4,14381.236,941.0,9.5,0.0
2009-06-17,910.71,3,3000000,0.21,-1.4,14381.236,941.0,9.5,0.0
2009-06-19,921.23,1,1000000,0.21,-1.4,14381.236,941.0,9.5,0.0
2009-06-24,900.94,1,1000000,0.21,-1.4,14381.236,941.0,9.5,0.0
2009-07-01,923.33,2,2000000,0.16,-2.1,14448.882,936.5,9.5,0.0
2009-07-02,896.42,1,1000000,0.16,-2.1,14448.882,936.5,9.5,0.0
2009-07-08,879.56,1,1000000,0.16,-2.1,14448.882,936.5,9.5,0.0
2009-07-09,882.68,1,1000000,0.16,-2.1,14448.882,936.5,9.5,0.0
2009-07-13,901.05,1,1000000,0.16,-2.1,14448.882,936.5,9.5,0.0
2009-07-31,987.48,1,1000000,0.16,-2.1,14448.882,936.5,9.5,0.0
2009-08-05,1002.72,1,1000000,0.16,-1.5,14448.882,950.75,9.6,0.0
2009-08-07,1010.48,1,1000000,0.16,-1.5,14448.882,950.75,9.6,0.0
2009-08-11,994.35,1,1000000,0.16,-1.5,14448.882,950.75,9.6,0.0
2009-08-13,1012.73,1,1000000,0.16,-1.5,14448.882,950.75,9.6,0.0
2009-08-14,1004.09,1,1000000,0.16,-1.5,14448.882,950.75,9.6,0.0
2009-08-19,996.46,1,1000000,0.16,-1.5,14448.882,950.75,9.6,0.0
2009-08-31,1020.62,1,1000000,0.16,-1.5,14448.882,950.75,9.6,0.0
2009-09-01,998.04,1,1000000,0.15,-1.3,14448.882,1001.25,9.8,0.0
2009-09-02,994.75,1,1000000,0.15,-1.3,14448.882,1001.25,9.8,0.0
2009-09-08,1025.39,1,1000000,0.15,-1.3,14448.882,1001.25,9.8,0.0
2009-09-09,1033.37,1,1000000,0.15,-1.3,14448.882,1001.25,9.8,0.0
2009-09-10,1044.14,1,1000000,0.15,-1.3,14448.882,1001.25,9.8,0.0
2009-09-11,1042.73,2,2000000,0.15,-1.3,14448.882,1001.25,9.8,0.0
2009-09-14,1049.34,1,1000000,0.15,-1.3,14448.882,1001.25,9.8,0.0
2009-09-16,1068.76,1,1000000,0.15,-1.3,14448.882,1001.25,9.8,0.0
2009-09-18,1068.3,1,1000000,0.15,-1.3,14448.882,1001.25,9.8,0.0
2009-09-22,1071.66,2,2000000,0.15,-1.3,14448.882,1001.25,9.8,0.0
2009-09-23,1060.87,1,1000000,0.15,-1.3,14448.882,1001.25,9.8,0.0
2009-09-25,1044.38,1,1000000,0.15,-1.3,14448.882,1001.25,9.8,0.0
2009-09-28,1062.98,2,2000000,0.15,-1.3,14448.882,1001.25,9.8,0.0
2009-09-30,1057.08,1,1000000,0.15,-1.3,14448.882,1001.25,9.8,0.0
2009-10-01,1029.85,1,1000000,0.12,-0.2,14651.249,1044.5,10.0,0.0
2009-10-06,1054.72,2,2000000,0.12,-0.2,14651.249,1044.5,10.0,0.0
2009-10-07,1057.58,1,1000000,0.12,-0.2,14651.249,1044.5,10.0,0.0
2009-10-08,1065.48,1,1000000,0.12,-0.2,14651.249,1044.5,10.0,0.0
2009-10-09,1071.49,1,1000000,0.12,-0.2,14651.249,1044.5,10.0,0.0
2009-10-12,1076.19,1,1000000,0.12,-0.2,14651.249,1044.5,10.0,0.0
2009-10-19,1097.91,1,1000000,0.12,-0.2,14651.249,1044.5,10.0,0.0
2009-10-27,1063.41,1,1000000,0.12,-0.2,14651.249,1044.5,10.0,0.0
2009-10-28,1042.63,1,1000000,0.12,-0.2,14651.249,1044.5,10.0,0.0
2009-10-30,1036.19,1,1000000,0.12,-0.2,14651.249,1044.5,10.0,0.0
2009-11-05,1066.63,2,2000000,0.12,1.8,14651.249,1172.0,9.9,0.0
2009-11-09,1093.08,1,1000000,0.12,1.8,14651.249,1172.0,9.9,0.0
2009-11-12,1087.24,1,1000000,0.12,1.8,14651.249,1172.0,9.9,0.0
2009-11-13,1093.48,3,3000000,0.12,1.8,14651.249,1172.0,9.9,0.0
2009-11-23,1106.24,1,1000000,0.12,1.8,14651.249,1172.0,9.9,0.0
2009-11-24,1105.65,1,1000000,0.12,1.8,14651.249,1172.0,9.9,0.0
2009-11-25,1110.63,2,2000000,0.12,1.8,14651.249,1172.0,9.9,0.0
2009-11-27,1091.49,1,1000000,0.12,1.8,14651.249,1172.0,9.9,0.0
2009-12-03,1099.92,1,1000000,0.12,2.7,14651.249,1104.0,9.9,0.0
2009-12-07,1103.25,1,1000000,0.12,2.7,14651.249,1104.0,9.9,0.0
2009-12-10,1102.35,1,1000000,0.12,2.7,14651.249,1104.0,9.9,0.0
2009-12-14,1114.11,1,1000000,0.12,2.7,14651.249,1104.0,9.9,0.0
2009-12-15,1107.93,2,2000000,0.12,2.7,14651.249,1104.0,9.9,0.0
2009-12-16,1109.18,3,3000000,0.12,2.7,14651.249,1104.0,9.9,0.0
2009-12-21,1114.05,1,1000000,0.12,2.7,14651.249,1104.0,9.9,0.0
2009-12-22,1118.02,1,1000000,0.12,2.7,14651.249,1104.0,9.9,0.0
2009-12-30,1126.42,2,2000000,0.12,2.7,14651.249,1104.0,9.9,0.0
2010-01-05,1136.52,3,3000000,0.11,2.6,14764.61,1082.75,9.8,0.0
2010-01-06,1137.14,1,1000000,0.11,2.6,14764.61,1082.75,9.8,0.0
2010-01-07,1141.69,1,1000000,0.11,2.6,14764.61,1082.75,9.8,0.0
2010-01-11,1146.98,1,1000000,0.11,2.6,14764.61,1082.75,9.8,0.0
2010-01-13,1145.68,2,2000000,0.11,2.6,14764.61,1082.75,9.8,0.0
2010-01-14,1148.46,1,1000000,0.11,2.6,14764.61,1082.75,9.8,0.0
2010-01-20,1138.04,1,1000000,0.11,2.6,14764.61,1082.75,9.8,0.0
2010-01-28,1084.53,2,2000000,0.11,2.6,14764.61,1082.75,9.8,0.0
2010-02-02,1103.32,1,1000000,0.13,2.1,14764.61,1112.5,9.8,0.0
2010-02-04,1063.11,1,1000000,0.13,2.1,14764.61,1112.5,9.8,0.0
2010-02-05,1066.19,1,1000000,0.13,2.1,14764.61,1112.5,9.8,0.0
2010-02-08,1056.74,2,2000000,0.13,2.1,14764.61,1112.5,9.8,0.0
2010-02-12,1075.51,1,1000000,0.13,2.1,14764.61,1112.5,9.8,0.0
2010-02-18,1106.75,1,1000000,0.13,2.1,14764.61,1112.5,9.8,0.0
2010-02-23,1094.6,1,1000000,0.13,2.1,14764.61,1112.5,9.8,0.0
2010-02-26,1104.49,2,2000000,0.13,2.1,14764.61,1112.5,9.8,0.0
2010-03-01,1115.71,1,1000000,0.16,2.3,14764.61,1109.5,9.9,0.0
2010-03-02,1118.31,1,1000000,0.16,2.3,14764.61,1109.5,9.9,0.0
2010-03-05,1138.7,2,2000000,0.16,2.3,14764.61,1109.5,9.9,0.0
2010-03-08,1138.5,1,1000000,0.16,2.3,14764.61,1109.5,9.9,0.0
2010-03-09,1140.45,1,1000000,0.16,2.3,14764.61,1109.5,9.9,0.0
2010-03-10,1145.61,1,1000000,0.16,2.3,14764.61,1109.5,9.9,0.0
2010-03-12,1149.99,1,1000000,0.16,2.3,14764.61,1109.5,9.9,0.0
2010-03-15,1150.51,1,1000000,0.16,2.3,14764.61,1109.5,9.9,0.0
2010-03-22,1165.81,1,1000000,0.16,2.3,14764.61,1109.5,9.9,0.0
2010-03-24,1167.72,1,1000000,0.16,2.3,14764.61,1109.5,9.9,0.0
2010-04-01,1178.1,2,2000000,0.2,2.2,14980.193,1175.25,9.9,0.0
2010-04-05,1187.44,2,2000000,0.2,2.2,14980.193,1175.25,9.9,0.0
2010-04-12,1196.48,1,1000000,0.2,2.2,14980.193,1175.25,9.9,0.0
2010-04-14,1210.65,4,4000000,0.2,2.2,14980.193,1175.25,9.9,0.0
2010-04-15,1211.67,1,1000000,0.2,2.2,14980.193,1175.25,9.9,0.0
2010-04-19,1197.52,2,2000000,0.2,2.2,14980.193,1175.25,9.9,0.0
2010-04-22,1208.67,2,2000000,0.2,2.2,14980.193,1175.25,9.9,0.0
2010-04-23,1217.28,1,1000000,0.2,2.2,14980.193,1175.25,9.9,0.0
2010-04-28,1191.36,2,2000000,0.2,2.2,14980.193,1175.25,9.9,0.0
2010-04-30,1186.69,1,1000000,0.2,2.2,14980.193,1175.25,9.9,0.0
2010-05-04,1173.6,1,1000000,0.2,2.0,14980.193,1214.0,9.6,0.0
2010-05-05,1165.87,1,1000000,0.2,2.0,14980.193,1214.0,9.6,0.0
2010-05-06,1128.15,1,1000000,0.2,2.0,14980.193,1214.0,9.6,0.0
2010-05-07,1110.88,1,1000000,0.2,2.0,14980.193,1214.0,9.6,0.0
2010-05-11,1155.79,1,1000000,0.2,2.0,14980.193,1214.0,9.6,0.0
2010-05-12,1171.67,3,3000000,0.2,2.0,14980.193,1214.0,9.6,0.0
2010-05-17,1136.94,1,1000000,0.2,2.0,14980.193,1214.0,9.6,0.0
2010-05-18,1120.8,1,1000000,0.2,2.0,14980.193,1214.0,9.6,0.0
2010-05-20,1071.59,1,1000000,0.2,2.0,14980.193,1214.0,9.6,0.0
2010-05-25,1074.03,1,1000000,0.2,2.0,14980.193,1214.0,9.6,0.0
2010-05-26,1067.95,1,1000000,0.2,2.0,14980.193,1214.0,9.6,0.0
2010-06-01,1070.71,3,3000000,0.18,1.1,14980.193,1240.5,9.4,0.0
2010-06-07,1050.47,2,2000000,0.18,1.1,14980.193,1240.5,9.4,0.0
2010-06-08,1062.0,1,1000000,0.18,1.1,14980.193,1240.5,9.4,0.0
2010-06-11,1091.6,2,2000000,0.18,1.1,14980.193,1240.5,9.4,0.0
2010-06-14,1089.63,1,1000000,0.18,1.1,14980.193,1240.5,9.4,0.0
2010-06-15,1115.23,2,2000000,0.18,1.1,14980.193,1240.5,9.4,0.0
2010-06-21,1113.2,3,3000000,0.18,1.1,14980.193,1240.5,9.4,0.0
2010-06-22,1095.31,1,1000000,0.18,1.1,14980.193,1240.5,9.4,0.0
2010-06-23,1092.04,1,1000000,0.18,1.1,14980.193,1240.5,9.4,0.0
2010-06-28,1074.57,2,2000000,0.18,1.1,14980.193,1240.5,9.4,0.0
2010-06-29,1041.24,1,1000000,0.18,1.1,14980.193,1240.5,9.4,0.0
2010-06-30,1030.71,3,3000000,0.18,1.1,14980.193,1240.5,9.4,0.0
2010-07-06,1028.06,2,2000000,0.18,1.2,15141.607,1168.0,9.4,0.0
2010-07-07,1060.27,1,1000000,0.18,1.2,15141.607,1168.0,9.4,0.0
2010-07-13,1095.34,4,4000000,0.18,1.2,15141.607,1168.0,9.4,0.0
2010-07-14,1095.17,2,2000000,0.18,1.2,15141.607,1168.0,9.4,0.0
2010-07-20,1083.48,1,1000000,0.18,1.2,15141.607,1168.0,9.4,0.0
2010-07-21,1069.59,1,1000000,0.18,1.2,15141.607,1168.0,9.4,0.0
2010-07-26,1115.01,1,1000000,0.18,1.2,15141.607,1168.0,9.4,0.0
2010-07-30,1101.6,2,2000000,0.18,1.2,15141.607,1168.0,9.4,0.0
2010-08-02,1125.86,2,2000000,0.19,1.1,15141.607,1233.5,9.5,0.0
2010-08-04,1127.24,3,3000000,0.19,1.1,15141.607,1233.5,9.5,0.0
2010-08-06,1121.64,1,1000000,0.19,1.1,15141.607,1233.5,9.5,0.0
2010-08-09,1127.79,1,1000000,0.19,1.1,15141.607,1233.5,9.5,0.0
2010-08-10,1121.06,1,1000000,0.19,1.1,15141.607,1233.5,9.5,0.0
2010-08-11,1089.47,1,1000000,0.19,1.1,15141.607,1233.5,9.5,0.0
2010-08-17,1092.54,1,1000000,0.19,1.1,15141.607,1233.5,9.5,0.0
2010-08-24,1051.87,1,1000000,0.19,1.1,15141.607,1233.5,9.5,0.0
2010-08-27,1064.59,2,2000000,0.19,1.1,15141.607,1233.5,9.5,0.0
2010-08-30,1048.92,2,2000000,0.19,1.1,15141.607,1233.5,9.5,0.0
2010-09-03,1104.51,3,3000000,0.19,1.1,15141.607,1311.0,9.5,0.0
2010-09-07,1091.84,2,2000000,0.19,1.1,15141.607,1311.0,9.5,0.0
2010-09-09,1104.18,1,1000000,0.19,1.1,15141.607,1311.0,9.5,0.0
2010-09-10,1109.55,1,1000000,0.19,1.1,15141.607,1311.0,9.5,0.0
2010-09-13,1121.9,2,2000000,0.19,1.1,15141.607,1311.0,9.5,0.0
2010-09-14,1121.1,1,1000000,0.19,1.1,15141.607,1311.0,9.5,0.0
2010-09-15,1125.07,3,3000000,0.19,1.1,15141.607,1311.0,9.5,0.0
2010-09-17,1125.59,2,2000000,0.19,1.1,15141.607,1311.0,9.5,0.0
2010-09-20,1142.71,1,1000000,0.19,1.1,15141.607,1311.0,9.5,0.0
2010-09-21,1139.78,1,1000000,0.19,1.1,15141.607,1311.0,9.5,0.0
2010-09-22,1134.28,2,2000000,0.19,1.1,15141.607,1311.0,9.5,0.0
2010-09-24,1148.67,4,4000000,0.19,1.1,15141.607,1311.0,9.5,0.0
2010-09-27,1142.16,1,1000000,0.19,1.1,15141.607,1311.0,9.5,0.0
2010-09-28,1147.7,1,1000000,0.19,1.1,15141.607,1311.0,9.5,0.0
2010-09-29,1144.73,1,1000000,0.19,1.1,15141.607,1311.0,9.5,0.0
2010-09-30,1141.2,7,7000000,0.19,1.1,15141.607,1311.0,9.5,0.0
2010-10-01,1146.24,1,1000000,0.19,1.2,15309.474,1336.75,9.4,0.0
2010-10-04,1137.03,1,1000000,0.19,1.2,15309.474,1336.75,9.4,0.0
2010-10-08,1165.15,1,1000000,0.19,1.2,15309.474,1336.75,9.4,0.0
2010-10-12,1169.77,2,2000000,0.19,1.2,15309.474,1336.75,9.4,0.0
2010-10-13,1178.1,2,2000000,0.19,1.2,15309.474,1336.75,9.4,0.0
2010-10-14,1173.81,2,2000000,0.19,1.2,15309.474,1336.75,9.4,0.0
2010-10-19,1165.9,4,4000000,0.19,1.2,15309.474,1336.75,9.4,0.0
2010-10-20,1178.17,1,1000000,0.19,1.2,15309.474,1336.75,9.4,0.0
2010-10-22,1183.08,1,1000000,0.19,1.2,15309.474,1336.75,9.4,0.0
2010-10-26,1185.64,1,1000000,0.19,1.2,15309.474,1336.75,9.4,0.0
2010-10-29,1183.26,1,1000000,0.19,1.2,15309.474,1336.75,9.4,0.0
2010-11-02,1193.57,1,1000000,0.19,1.1,15309.474,1375.0,9.8,0.0
2010-11-04,1221.06,1,1000000,0.19,1.1,15309.474,1375.0,9.8,0.0
2010-11-05,1225.85,1,1000000,0.19,1.1,15309.474,1375.0,9.8,0.0
2010-11-08,1223.25,2,2000000,0.19,1.1,15309.474,1375.0,9.8,0.0
2010-11-10,1218.71,2,2000000,0.19,1.1,15309.474,1375.0,9.8,0.0
2010-11-11,1213.54,1,1000000,0.19,1.1,15309.474,1375.0,9.8,0.0
2010-11-12,1199.21,1,1000000,0.19,1.1,15309.474,1375.0,9.8,0.0
2010-11-15,1197.75,3,3000000,0.19,1.1,15309.474,1375.0,9.8,0.0
2010-11-18,1196.69,2,2000000,0.19,1.1,15309.474,1375.0,9.8,0.0
2010-11-22,1197.84,2,2000000,0.19,1.1,15309.474,1375.0,9.8,0.0
2010-11-23,1180.73,1,1000000,0.19,1.1,15309.474,1375.0,9.8,0.0
2010-11-24,1198.35,1,1000000,0.19,1.1,15309.474,1375.0,9.8,0.0
2010-11-26,1189.4,1,1000000,0.19,1.1,15309.474,1375.0,9.8,0.0
2010-11-29,1187.76,2,2000000,0.19,1.1,15309.474,1375.0,9.8,0.0
2010-11-30,1180.55,1,1000000,0.19,1.1,15309.474,1375.0,9.8,0.0
2010-12-02,1221.53,1,1000000,0.18,1.5,15309.474,1410.25,9.3,0.0
2010-12-03,1224.71,1,1000000,0.18,1.5,15309.474,1410.25,9.3,0.0
2010-12-09,1233.0,1,1000000,0.18,1.5,15309.474,1410.25,9.3,0.0
2010-12-10,1240.4,4,4000000,0.18,1.5,15309.474,1410.25,9.3,0.0
2010-12-13,1240.46,2,2000000,0.18,1.5,15309.474,1410.25,9.3,0.0
2010-12-14,1241.59,1,1000000,0.18,1.5,15309.474,1410.25,9.3,0.0
2010-12-16,1242.87,1,1000000,0.18,1.5,15309.474,1410.25,9.3,0.0
2010-12-17,1243.91,1,1000000,0.18,1.5,15309.474,1410.25,9.3,0.0
2010-12-20,1247.08,1,1000000,0.18,1.5,15309.474,1410.25,9.3,0.0
2010-12-22,1258.84,2,2000000,0.18,1.5,15309.474,1410.25,9.3,0.0
2010-12-23,1256.77,1,1000000,0.18,1.5,15309.474,1410.25,9.3,0.0
2010-12-30,1257.88,1,1000000,0.18,1.5,15309.474,1410.25,9.3,0.0
2010-12-31,1257.64,5,5000000,0.18,1.5,15309.474,1410.25,9.3,0.0
2011-01-03,1271.87,2,2000000,0.17,1.6,15351.448,1333.5,9.1,0.0
2011-01-04,1270.2,3,3000000,0.17,1.6,15351.448,1333.5,9.1,0.0
2011-01-05,1276.56,1,1000000,0.17,1.6,15351.448,1333.5,9.1,0.0
2011-01-06,1273.85,2,2000000,0.17,1.6,15351.448,1333.5,9.1,0.0
2011-01-11,1274.48,1,1000000,0.17,1.6,15351.448,1333.5,9.1,0.0
2011-01-12,1285.96,2,2000000,0.17,1.6,15351.448,1333.5,9.1,0.0
2011-01-13,1283.76,2,2000000,0.17,1.6,15351.448,1333.5,9.1,0.0
2011-01-14,1293.24,1,1000000,0.17,1.6,15351.448,1333.5,9.1,0.0
2011-01-18,1295.02,1,1000000,0.17,1.6,15351.448,1333.5,9.1,0.0
2011-01-19,1281.92,1,1000000,0.17,1.6,15351.448,1333.5,9.1,0.0
2011-01-20,1280.26,2,2000000,0.17,1.6,15351.448,1333.5,9.1,0.0
2011-01-21,1283.35,2,2000000,0.17,1.6,15351.448,1333.5,9.1,0.0
2011-01-24,1290.84,1,1000000,0.17,1.6,15351.448,1333.5,9.1,0.0
2011-01-26,1296.63,1,1000000,0.17,1.6,15351.448,1333.5,9.1,0.0
2011-01-28,1276.34,3,3000000,0.17,1.6,15351.448,1333.5,9.1,0.0
2011-01-31,1286.12,1,1000000,0.17,1.6,15351.448,1333.5,9.1,0.0
2011-02-01,1307.59,4,4000000,0.16,2.1,15351.448,1409.75,9.0,0.0
2011-02-02,1304.03,1,1000000,0.16,2.1,15351.448,1409.75,9.0,0.0
2011-02-03,1307.1,2,2000000,0.16,2.1,15351.448,1409.75,9.0,0.0
2011-02-04,1310.87,2,2000000,0.16,2.1,15351.448,1409.75,9.0,0.0
2011-02-09,1320.88,1,1000000,0.16,2.1,15351.448,1409.75,9.0,0.0
2011-02-14,1332.32,3,3000000,0.16,2.1,15351.448,1409.75,9.0,0.0
2011-02-15,1328.01,3,3000000,0.16,2.1,15351.448,1409.75,9.0,0.0
2011-02-16,1336.32,1,1000000,0.16,2.1,15351.448,1409.75,9.0,0.0
2011-02-18,1343.01,2,2000000,0.16,2.1,15351.448,1409.75,9.0,0.0
2011-02-23,1307.4,1,1000000,0.16,2.1,15351.448,1409.75,9.0,0.0
2011-02-24,1306.1,1,1000000,0.16,2.1,15351.448,1409.75,9.0,0.0
2011-02-28,1327.22,3,3000000,0.16,2.1,15351.448,1409.75,9.0,0.0
2011-03-01,1306.33,2,2000000,0.14,2.7,15351.448,1431.0,9.0,0.0
2011-03-04,1321.15,2,2000000,0.14,2.7,15351.448,1431.0,9.0,0.0
2011-03-08,1321.82,2,2000000,0.14,2.7,15351.448,1431.0,9.0,0.0
2011-03-09,1320.02,2,2000000,0.14,2.7,15351.448,1431.0,9.0,0.0
2011-03-10,1295.11,2,2000000,0.14,2.7,15351.448,1431.0,9.0,0.0
2011-03-11,1304.28,2,2000000,0.14,2.7,15351.448,1431.0,9.0,0.0
2011-03-14,1296.39,1,1000000,0.14,2.7,15351.448,1431.0,9.0,0.0
2011-03-15,1281.87,1,1000000,0.14,2.7,15351.448,1431.0,9.0,0.0
2011-03-16,1256.88,2,2000000,0.14,2.7,15351.448,1431.0,9.0,0.0
2011-03-17,1273.72,2,2000000,0.14,2.7,15351.448,1431.0,9.0,0.0
2011-03-23,1297.54,1,1000000,0.14,2.7,15351.448,1431.0,9.0,0.0
2011-03-29,1319.44,1,1000000,0.14,2.7,15351.448,1431.0,9.0,0.0
2011-03-30,1328.26,1,1000000,0.14,2.7,15351.448,1431.0,9.0,0.0
2011-03-31,1325.83,2,2000000,0.14,2.7,15351.448,1431.0,9.0,0.0
2011-04-01,1332.41,1,1000000,0.1,3.2,15557.539,1531.0,9.1,0.0
2011-04-04,1332.87,3,3000000,0.1,3.2,15557.539,1531.0,9.1,0.0
2011-04-05,1332.63,2,2000000,0.1,3.2,15557.539,1531.0,9.1,0.0
2011-04-06,1335.54,1,1000000,0.1,3.2,15557.539,1531.0,9.1,0.0
2011-04-12,1314.16,1,1000000,0.1,3.2,15557.539,1531.0,9.1,0.0
2011-04-13,1314.41,2,2000000,0.1,3.2,15557.539,1531.0,9.1,0.0
2011-04-14,1314.52,2,2000000,0.1,3.2,15557.539,1531.0,9.1,0.0
2011-04-15,1319.68,2,2000000,0.1,3.2,15557.539,1531.0,9.1,0.0
2011-04-18,1305.14,2,2000000,0.1,3.2,15557.539,1531.0,9.1,0.0
2011-04-19,1312.62,1,1000000,0.1,3.2,15557.539,1531.0,9.1,0.0
2011-04-20,1330.36,2,2000000,0.1,3.2,15557.539,1531.0,9.1,0.0
2011-04-21,1337.38,6,6000000,0.1,3.2,15557.539,1531.0,9.1,0.0
2011-04-25,1335.25,1,1000000,0.1,3.2,15557.539,1531.0,9.1,0.0
2011-04-26,1347.24,2,2000000,0.1,3.2,15557.539,1531.0,9.1,0.0
2011-04-27,1355.66,1,1000000,0.1,3.2,15557.539,1531.0,9.1,0.0
2011-04-28,1360.48,1,1000000,0.1,3.2,15557.539,1531.0,9.1,0.0
2011-04-29,1363.61,4,4000000,0.1,3.2,15557.539,1531.0,9.1,0.0
2011-05-02,1361.22,4,4000000,0.09,3.6,15557.539,1537.0,9.0,0.0
2011-05-03,1356.62,3,3000000,0.09,3.6,15557.539,1537.0,9.0,0.0
2011-05-05,1335.1,1,1000000,0.09,3.6,15557.539,1537.0,9.0,0.0
2011-05-06,1340.2,3,3000000,0.09,3.6,15557.539,1537.0,9.0,0.0
2011-05-09,1346.29,1,1000000,0.09,3.6,15557.539,1537.0,9.0,0.0
2011-05-10,1357.16,3,3000000,0.09,3.6,15557.539,1537.0,9.0,0.0
2011-05-11,1342.08,2,2000000,0.09,3.6,15557.539,1537.0,9.0,0.0
2011-05-12,1348.65,1,1000000,0.09,3.6,15557.539,1537.0,9.0,0.0
2011-05-13,1337.77,4,4000000,0.09,3.6,15557.539,1537.0,9.0,0.0
2011-05-16,1329.47,1,1000000,0.09,3.6,15557.539,1537.0,9.0,0.0
2011-05-17,1328.98,1,1000000,0.09,3.6,15557.539,1537.0,9.0,0.0
2011-05-18,1340.68,2,2000000,0.09,3.6,15557.539,1537.0,9.0,0.0
2011-05-20,1333.27,4,4000000,0.09,3.6,15557.539,1537.0,9.0,0.0
2011-05-23,1317.37,4,4000000,0.09,3.6,15557.539,1537.0,9.0,0.0
2011-05-25,1320.47,1,1000000,0.09,3.6,15557.539,1537.0,9.0,0.0
2011-05-26,1325.69,1,1000000,0.09,3.6,15557.539,1537.0,9.0,0.0
2011-05-27,1331.1,6,6000000,0.09,3.6,15557.539,1537.0,9.0,0.0
2011-06-01,1314.55,4,4000000,0.09,3.6,15557.539,1508.0,9.1,0.0
2011-06-02,1312.94,4,4000000,0.09,3.6,15557.539,1508.0,9.1,0.0
2011-06-03,1300.16,3,3000000,0.09,3.6,15557.539,1508.0,9.1,0.0
2011-06-07,1284.94,3,3000000,0.09,3.6,15557.539,1508.0,9.1,0.0
2011-06-08,1279.56,2,2000000,0.09,3.6,15557.539,1508.0,9.1,0.0
2011-06-09,1289.0,1,1000000,0.09,3.6,15557.539,1508.0,9.1,0.0
2011-06-10,1270.98,2,2000000,0.09,3.6,15557.539,1508.0,9.1,0.0
2011-06-13,1271.83,2,2000000,0.09,3.6,15557.539,1508.0,9.1,0.0
2011-06-14,1287.87,1,1000000,0.09,3.6,15557.539,1508.0,9.1,0.0
2011-06-15,1265.42,3,3000000,0.09,3.6,15557.539,1508.0,9.1,0.0
2011-06-16,1267.64,4,4000000,0.09,3.6,15557.539,1508.0,9.1,0.0
2011-06-20,1278.36,2,2000000,0.09,3.6,15557.539,1508.0,9.1,0.0
2011-06-21,1295.52,2,2000000,0.09,3.6,15557.539,1508.0,9.1,0.0
2011-06-22,1287.14,2,2000000,0.09,3.6,15557.539,1508.0,9.1,0.0
2011-06-23,1283.5,2,2000000,0.09,3.6,15557.539,1508.0,9.1,0.0
2011-06-24,1268.45,5,5000000,0.09,3.6,15557.539,1508.0,9.1,0.0
2011-06-27,1280.1,2,2000000,0.09,3.6,15557.539,1508.0,9.1,0.0
2011-06-29,1307.41,5,5000000,0.09,3.6,15557.539,1508.0,9.1,0.0
2011-06-30,1320.64,4,4000000,0.09,3.6,15557.539,1508.0,9.1,0.0
2011-07-01,1339.67,4,4000000,0.07,3.6,15647.68,1613.75,9.0,0.0
2011-07-05,1337.88,2,2000000,0.07,3.6,15647.68,1613.75,9.0,0.0
2011-07-07,1353.22,1,1000000,0.07,3.6,15647.68,1613.75,9.0,0.0
2011-07-08,1343.8,3,3000000,0.07,3.6,15647.68,1613.75,9.0,0.0
2011-07-12,1313.64,3,3000000,0.07,3.6,15647.68,1613.75,9.0,0.0
2011-07-13,1317.72,1,1000000,0.07,3.6,15647.68,1613.75,9.0,0.0
2011-07-14,1308.87,2,2000000,0.07,3.6,15647.68,1613.75,9.0,0.0
2011-07-15,1316.14,3,3000000,0.07,3.6,15647.68,1613.75,9.0,0.0
2011-07-18,1305.44,2,2000000,0.07,3.6,15647.68,1613.75,9.0,0.0
2011-07-19,1326.73,3,3000000,0.07,3.6,15647.68,1613.75,9.0,0.0
2011-07-20,1325.84,3,3000000,0.07,3.6,15647.68,1613.75,9.0,0.0
2011-07-21,1343.8,4,4000000,0.07,3.6,15647.68,1613.75,9.0,0.0
2011-07-22,1345.02,2,2000000,0.07,3.6,15647.68,1613.75,9.0,0.0
2011-07-25,1337.43,2,2000000,0.07,3.6,15647.68,1613.75,9.0,0.0
2011-07-26,1331.94,1,1000000,0.07,3.6,15647.68,1613.75,9.0,0.0
2011-07-27,1304.89,2,2000000,0.07,3.6,15647.68,1613.75,9.0,0.0
2011-07-28,1300.67,1,1000000,0.07,3.6,15647.68,1613.75,9.0,0.0
2011-07-29,1292.28,4,4000000,0.07,3.6,15647.68,1613.75,9.0,0.0
2011-08-01,1286.94,2,2000000,0.1,3.8,15647.68,1826.0,9.0,0.0
2011-08-02,1254.05,3,3000000,0.1,3.8,15647.68,1826.0,9.0,0.0
2011-08-03,1260.34,1,1000000,0.1,3.8,15647.68,1826.0,9.0,0.0
2011-08-04,1200.07,3,3000000,0.1,3.8,15647.68,1826.0,9.0,0.0
2011-08-05,1199.38,2,2000000,0.1,3.8,15647.68,1826.0,9.0,0.0
2011-08-08,1119.46,6,6000000,0.1,3.8,15647.68,1826.0,9.0,0.0
2011-08-09,1172.53,4,4000000,0.1,3.8,15647.68,1826.0,9.0,0.0
2011-08-10,1120.76,3,3000000,0.1,3.8,15647.68,1826.0,9.0,0.0
2011-08-11,1172.64,4,4000000,0.1,3.8,15647.68,1826.0,9.0,0.0
2011-08-12,1178.81,2,2000000,0.1,3.8,15647.68,1826.0,9.0,0.0
2011-08-15,1204.49,1,1000000,0.1,3.8,15647.68,1826.0,9.0,0.0
2011-08-16,1192.76,1,1000000,0.1,3.8,15647.68,1826.0,9.0,0.0
2011-08-17,1193.89,2,2000000,0.1,3.8,15647.68,1826.0,9.0,0.0
2011-08-18,1140.65,3,3000000,0.1,3.8,15647.68,1826.0,9.0,0.0
2011-08-22,1123.82,3,3000000,0.1,3.8,15647.68,1826.0,9.0,0.0
2011-08-23,1162.35,4,4000000,0.1,3.8,15647.68,1826.0,9.0,0.0
2011-08-24,1177.6,1,1000000,0.1,3.8,15647.68,1826.0,9.0,0.0
2011-08-25,1159.27,3,3000000,0.1,3.8,15647.68,1826.0,9.0,0.0
2011-08-26,1176.8,4,4000000,0.1,3.8,15647.68,1826.0,9.0,0.0
2011-08-29,1210.08,1,1000000,0.1,3.8,15647.68,1826.0,9.0,0.0
2011-08-30,1212.92,3,3000000,0.1,3.8,15647.68,1826.0,9.0,0.0
2011-08-31,1218.89,2,2000000,0.1,3.8,15647.68,1826.0,9.0,0.0
2011-09-01,1204.42,2,2000000,0.08,3.9,15647.68,1629.0,9.0,0.0
2011-09-02,1173.97,2,2000000,0.08,3.9,15647.68,1629.0,9.0,0.0
2011-09-06,1165.24,2,2000000,0.08,3.9,15647.68,1629.0,9.0,0.0
2011-09-07,1198.62,3,3000000,0.08,3.9,15647.68,1629.0,9.0,0.0
2011-09-08,1185.9,2,2000000,0.08,3.9,15647.68,1629.0,9.0,0.0
2011-09-09,1154.23,2,2000000,0.08,3.9,15647.68,1629.0,9.0,0.0
2011-09-12,1162.27,4,4000000,0.08,3.9,15647.68,1629.0,9.0,0.0
2011-09-13,1172.87,3,3000000,0.08,3.9,15647.68,1629.0,9.0,0.0
2011-09-14,1188.68,4,4000000,0.08,3.9,15647.68,1629.0,9.0,0.0
2011-09-15,1209.11,3,3000000,0.08,3.9,15647.68,1629.0,9.0,0.0
2011-09-16,1216.01,3,3000000,0.08,3.9,15647.68,1629.0,9.0,0.0
2011-09-19,1204.09,3,3000000,0.08,3.9,15647.68,1629.0,9.0,0.0
2011-09-21,1166.76,2,2000000,0.08,3.9,15647.68,1629.0,9.0,0.0
2011-09-22,1129.56,5,5000000,0.08,3.9,15647.68,1629.0,9.0,0.0
2011-09-23,1136.43,4,4000000,0.08,3.9,15647.68,1629.0,9.0,0.0
2011-09-26,1162.95,3,3000000,0.08,3.9,15647.68,1629.0,9.0,0.0
2011-09-27,1175.38,3,3000000,0.08,3.9,15647.68,1629.0,9.0,0.0
2011-09-28,1151.06,3,3000000,0.08,3.9,15647.68,1629.0,9.0,0.0
2011-09-29,1160.4,3,3000000,0.08,3.9,15647.68,1629.0,9.0,0.0
2011-09-30,1131.42,5,5000000,0.08,3.9,15647.68,1629.0,9.0,0.0
2011-10-03,1099.23,5,5000000,0.07,3.5,15842.259,1718.0,8.8,0.0
2011-10-04,1123.95,4,4000000,0.07,3.5,15842.259,1718.0,8.8,0.0
2011-10-05,1144.03,4,4000000,0.07,3.5,15842.259,1718.0,8.8,0.0
2011-10-06,1164.97,1,1000000,0.07,3.5,15842.259,1718.0,8.8,0.0
2011-10-07,1155.46,2,2000000,0.07,3.5,15842.259,1718.0,8.8,0.0
2011-10-10,1194.89,4,4000000,0.07,3.5,15842.259,1718.0,8.8,0.0
2011-10-11,1195.54,5,5000000,0.07,3.5,15842.259,1718.0,8.8,0.0
2011-10-12,1207.25,2,2000000,0.07,3.5,15842.259,1718.0,8.8,0.0
2011-10-13,1203.66,3,3000000,0.07,3.5,15842.259,1718.0,8.8,0.0
2011-10-14,1224.58,5,5000000,0.07,3.5,15842.259,1718.0,8.8,0.0
2011-10-17,1200.86,1,1000000,0.07,3.5,15842.259,1718.0,8.8,0.0
2011-10-18,1225.38,3,3000000,0.07,3.5,15842.259,1718.0,8.8,0.0
2011-10-19,1209.88,3,3000000,0.07,3.5,15842.259,1718.0,8.8,0.0
2011-10-20,1215.39,3,3000000,0.07,3.5,15842.259,1718.0,8.8,0.0
2011-10-21,1238.25,3,3000000,0.07,3.5,15842.259,1718.0,8.8,0.0
2011-10-24,1254.19,3,3000000,0.07,3.5,15842.259,1718.0,8.8,0.0
2011-10-25,1229.05,1,1000000,0.07,3.5,15842.259,1718.0,8.8,0.0
2011-10-26,1242.0,4,4000000,0.07,3.5,15842.259,1718.0,8.8,0.0
2011-10-27,1284.59,2,2000000,0.07,3.5,15842.259,1718.0,8.8,0.0
2011-10-28,1285.09,3,3000000,0.07,3.5,15842.259,1718.0,8.8,0.0
2011-10-31,1253.3,2,2000000,0.07,3.5,15842.259,1718.0,8.8,0.0
2011-11-01,1218.28,2,2000000,0.08,3.4,15842.259,1704.0,8.6,0.0
2011-11-02,1237.9,2,2000000,0.08,3.4,15842.259,1704.0,8.6,0.0
2011-11-03,1261.15,3,3000000,0.08,3.4,15842.259,1704.0,8.6,0.0
2011-11-04,1253.23,2,2000000,0.08,3.4,15842.259,1704.0,8.6,0.0
2011-11-07,1261.12,2,2000000,0.08,3.4,15842.259,1704.0,8.6,0.0
2011-11-08,1275.92,3,3000000,0.08,3.4,15842.259,1704.0,8.6,0.0
2011-11-09,1229.1,5,5000000,0.08,3.4,15842.259,1704.0,8.6,0.0
2011-11-10,1239.7,1,1000000,0.08,3.4,15842.259,1704.0,8.6,0.0
2011-11-11,1263.85,2,2000000,0.08,3.4,15842.259,1704.0,8.6,0.0
2011-11-14,1251.78,2,2000000,0.08,3.4,15842.259,1704.0,8.6,0.0
2011-11-15,1257.81,2,2000000,0.08,3.4,15842.259,1704.0,8.6,0.0
2011-11-17,1216.13,4,4000000,0.08,3.4,15842.259,1704.0,8.6,0.0
2011-11-18,1215.65,5,5000000,0.08,3.4,15842.259,1704.0,8.6,0.0
2011-11-21,1192.98,2,2000000,0.08,3.4,15842.259,1704.0,8.6,0.0
2011-11-22,1188.04,2,2000000,0.08,3.4,15842.259,1704.0,8.6,0.0
2011-11-23,1161.79,4,4000000,0.08,3.4,15842.259,1704.0,8.6,0.0
2011-11-25,1158.67,2,2000000,0.08,3.4,15842.259,1704.0,8.6,0.0
2011-11-28,1192.55,3,3000000,0.08,3.4,15842.259,1704.0,8.6,0.0
2011-11-29,1195.19,4,4000000,0.08,3.4,15842.259,1704.0,8.6,0.0
2011-11-30,1246.96,2,2000000,0.08,3.4,15842.259,1704.0,8.6,0.0
2011-12-01,1244.58,3,3000000,0.07,3.0,15842.259,1574.5,8.5,0.0
2011-12-02,1244.28,3,3000000,0.07,3.0,15842.259,1574.5,8.5,0.0
2011-12-05,1257.08,3,3000000,0.07,3.0,15842.259,1574.5,8.5,0.0
2011-12-06,1258.47,3,3000000,0.07,3.0,15842.259,1574.5,8.5,0.0
2011-12-07,1261.01,5,5000000,0.07,3.0,15842.259,1574.5,8.5,0.0
2011-12-08,1234.35,5,5000000,0.07,3.0,15842.259,1574.5,8.5,0.0
2011-12-09,1255.19,3,3000000,0.07,3.0,15842.259,1574.5,8.5,0.0
2011-12-12,1236.47,2,2000000,0.07,3.0,15842.259,1574.5,8.5,0.0
2011-12-13,1225.73,3,3000000,0.07,3.0,15842.259,1574.5,8.5,0.0
2011-12-14,1211.82,3,3000000,0.07,3.0,15842.259,1574.5,8.5,0.0
2011-12-15,1215.75,2,2000000,0.07,3.0,15842.259,1574.5,8.5,0.0
2011-12-16,1219.66,3,3000000,0.07,3.0,15842.259,1574.5,8.5,0.0
2011-12-19,1205.35,4,4000000,0.07,3.0,15842.259,1574.5,8.5,0.0
2011-12-20,1241.3,4,4000000,0.07,3.0,15842.259,1574.5,8.5,0.0
2011-12-21,1243.72,4,4000000,0.07,3.0,15842.259,1574.5,8.5,0.0
2011-12-22,1254.0,5,5000000,0.07,3.0,15842.259,1574.5,8.5,0.0
2011-12-23,1265.33,3,3000000,0.07,3.0,15842.259,1574.5,8.5,0.0
2011-12-27,1265.43,1,1000000,0.07,3.0,15842.259,1574.5,8.5,0.0
2011-12-28,1249.64,3,3000000,0.07,3.0,15842.259,1574.5,8.5,0.0
2011-12-30,1257.6,4,4000000,0.07,3.0,15842.259,1574.5,8.5,0.0
2012-01-03,1277.06,4,4000000,0.08,2.9,16068.805,1738.0,8.3,0.0
2012-01-04,1277.3,1,1000000,0.08,2.9,16068.805,1738.0,8.3,0.0
2012-01-05,1281.06,2,2000000,0.08,2.9,16068.805,1738.0,8.3,0.0
2012-01-06,1277.81,2,2000000,0.08,2.9,16068.805,1738.0,8.3,0.0
2012-01-09,1280.7,3,3000000,0.08,2.9,16068.805,1738.0,8.3,0.0
2012-01-10,1292.08,2,2000000,0.08,2.9,16068.805,1738.0,8.3,0.0
2012-01-11,1292.48,2,2000000,0.08,2.9,16068.805,1738.0,8.3,0.0
2012-01-12,1295.5,3,3000000,0.08,2.9,16068.805,1738.0,8.3,0.0
2012-01-13,1289.09,2,2000000,0.08,2.9,16068.805,1738.0,8.3,0.0
2012-01-17,1293.67,2,2000000,0.08,2.9,16068.805,1738.0,8.3,0.0
2012-01-18,1308.04,3,3000000,0.08,2.9,16068.805,1738.0,8.3,0.0
2012-01-19,1314.5,5,5000000,0.08,2.9,16068.805,1738.0,8.3,0.0
2012-01-20,1315.38,1,1000000,0.08,2.9,16068.805,1738.0,8.3,0.0
2012-01-23,1316.0,4,4000000,0.08,2.9,16068.805,1738.0,8.3,0.0
2012-01-24,1314.65,3,3000000,0.08,2.9,16068.805,1738.0,8.3,0.0
2012-01-25,1326.06,3,3000000,0.08,2.9,16068.805,1738.0,8.3,0.0
2012-01-26,1318.43,2,2000000,0.08,2.9,16068.805,1738.0,8.3,0.0
2012-01-27,1316.33,3,3000000,0.08,2.9,16068.805,1738.0,8.3,0.0
2012-01-30,1313.01,2,2000000,0.08,2.9,16068.805,1738.0,8.3,0.0
2012-01-31,1312.41,3,3000000,0.08,2.9,16068.805,1738.0,8.3,0.0
2012-02-01,1324.09,2,2000000,0.1,2.9,16068.805,1788.0,8.3,0.0
2012-02-02,1325.54,2,2000000,0.1,2.9,16068.805,1788.0,8.3,0.0
2012-02-03,1344.9,4,4000000,0.1,2.9,16068.805,1788.0,8.3,0.0
2012-02-06,1344.33,1,1000000,0.1,2.9,16068.805,1788.0,8.3,0.0
2012-02-07,1347.05,2,2000000,0.1,2.9,16068.805,1788.0,8.3,0.0
2012-02-08,1349.96,3,3000000,0.1,2.9,16068.805,1788.0,8.3,0.0
2012-02-09,1351.95,2,2000000,0.1,2.9,16068.805,1788.0,8.3,0.0
2012-02-10,1342.64,1,1000000,0.1,2.9,16068.805,1788.0,8.3,0.0
2012-02-13,1351.77,3,3000000,0.1,2.9,16068.805,1788.0,8.3,0.0
2012-02-14,1350.5,6,6000000,0.1,2.9,16068.805,1788.0,8.3,0.0
2012-02-15,1343.23,5,5000000,0.1,2.9,16068.805,1788.0,8.3,0.0
2012-02-16,1358.04,4,4000000,0.1,2.9,16068.805,1788.0,8.3,0.0
2012-02-17,1361.23,1,1000000,0.1,2.9,16068.805,1788.0,8.3,0.0
2012-02-21,1362.21,3,3000000,0.1,2.9,16068.805,1788.0,8.3,0.0
2012-02-22,1357.66,2,2000000,0.1,2.9,16068.805,1788.0,8.3,0.0
2012-02-23,1363.46,1,1000000,0.1,2.9,16068.805,1788.0,8.3,0.0
2012-02-24,1365.74,3,3000000,0.1,2.9,16068.805,1788.0,8.3,0.0
2012-02-27,1367.59,2,2000000,0.1,2.9,16068.805,1788.0,8.3,0.0
2012-02-28,1372.18,5,5000000,0.1,2.9,16068.805,1788.0,8.3,0.0
2012-02-29,1365.68,3,3000000,0.1,2.9,16068.805,1788.0,8.3,0.0
2012-03-01,1374.09,3,3000000,0.13,2.7,16068.805,1660.75,8.2,0.0
2012-03-02,1369.63,4,4000000,0.13,2.7,16068.805,1660.75,8.2,0.0
2012-03-05,1364.33,3,3000000,0.13,2.7,16068.805,1660.75,8.2,0.0
2012-03-06,1343.36,2,2000000,0.13,2.7,16068.805,1660.75,8.2,0.0
2012-03-07,1352.63,5,5000000,0.13,2.7,16068.805,1660.75,8.2,0.0
2012-03-08,1365.91,1,1000000,0.13,2.7,16068.805,1660.75,8.2,0.0
2012-03-09,1370.87,4,4000000,0.13,2.7,16068.805,1660.75,8.2,0.0
2012-03-13,1395.95,4,4000000,0.13,2.7,16068.805,1660.75,8.2,0.0
2012-03-14,1394.28,3,3000000,0.13,2.7,16068.805,1660.75,8.2,0.0
2012-03-15,1402.6,2,2000000,0.13,2.7,16068.805,1660.75,8.2,0.0
2012-03-16,1404.17,3,3000000,0.13,2.7,16068.805,1660.75,8.2,0.0
2012-03-19,1409.75,3,3000000,0.13,2.7,16068.805,1660.75,8.2,0.0
2012-03-20,1405.52,1,1000000,0.13,2.7,16068.805,1660.75,8.2,0.0
2012-03-21,1402.89,2,2000000,0.13,2.7,16068.805,1660.75,8.2,0.0
2012-03-22,1392.78,1,1000000,0.13,2.7,16068.805,1660.75,8.2,0.0
2012-03-23,1397.11,3,3000000,0.13,2.7,16068.805,1660.75,8.2,0.0
2012-03-26,1416.51,2,2000000,0.13,2.7,16068.805,1660.75,8.2,0.0
2012-03-27,1412.52,1,1000000,0.13,2.7,16068.805,1660.75,8.2,0.0
2012-03-28,1405.54,5,5000000,0.13,2.7,16068.805,1660.75,8.2,0.0
2012-03-29,1403.28,2,2000000,0.13,2.7,16068.805,1660.75,8.2,0.0
2012-03-30,1408.47,6,6000000,0.13,2.7,16068.805,1660.75,8.2,0.0
2012-04-02,1419.04,2,2000000,0.14,2.3,16207.115,1662.5,8.2,0.0
2012-04-03,1413.38,2,2000000,0.14,2.3,16207.115,1662.5,8.2,0.0
2012-04-04,1398.96,4,4000000,0.14,2.3,16207.115,1662.5,8.2,0.0
2012-04-05,1398.08,2,2000000,0.14,2.3,16207.115,1662.5,8.2,0.0
2012-04-09,1382.2,2,2000000,0.14,2.3,16207.115,1662.5,8.2,0.0
2012-04-10,1358.59,1,1000000,0.14,2.3,16207.115,1662.5,8.2,0.0
2012-04-11,1368.71,2,2000000,0.14,2.3,16207.115,1662.5,8.2,0.0
2012-04-12,1387.57,4,4000000,0.14,2.3,16207.115,1662.5,8.2,0.0
2012-04-13,1370.26,5,5000000,0.14,2.3,16207.115,1662.5,8.2,0.0
2012-04-16,1369.57,2,2000000,0.14,2.3,16207.115,1662.5,8.2,0.0
2012-04-17,1390.78,2,2000000,0.14,2.3,16207.115,1662.5,8.2,0.0
2012-04-18,1385.14,2,2000000,0.14,2.3,16207.115,1662.5,8.2,0.0
2012-04-19,1376.92,4,4000000,0.14,2.3,16207.115,1662.5,8.2,0.0
2012-04-20,1378.53,4,4000000,0.14,2.3,16207.115,1662.5,8.2,0.0
2012-04-23,1366.94,3,3000000,0.14,2.3,16207.115,1662.5,8.2,0.0
2012-04-24,1371.97,5,5000000,0.14,2.3,16207.115,1662.5,8.2,0.0
2012-04-25,1390.69,2,2000000,0.14,2.3,16207.115,1662.5,8.2,0.0
2012-04-27,1403.36,5,5000000,0.14,2.3,16207.115,1662.5,8.2,0.0
2012-04-30,1397.91,1,1000000,0.14,2.3,16207.115,1662.5,8.2,0.0
2012-05-01,1405.82,2,2000000,0.16,1.7,16207.115,1567.5,8.2,0.0
2012-05-02,1402.31,4,4000000,0.16,1.7,16207.115,1567.5,8.2,0.0
2012-05-03,1391.57,3,3000000,0.16,1.7,16207.115,1567.5,8.2,0.0
2012-05-04,1369.1,3,3000000,0.16,1.7,16207.115,1567.5,8.2,0.0
2012-05-07,1369.58,3,3000000,0.16,1.7,16207.115,1567.5,8.2,0.0
2012-05-08,1363.72,2,2000000,0.16,1.7,16207.115,1567.5,8.2,0.0
2012-05-09,1354.58,4,4000000,0.16,1.7,16207.115,1567.5,8.2,0.0
2012-05-10,1357.99,4,4000000,0.16,1.7,16207.115,1567.5,8.2,0.0
2012-05-11,1353.39,1,1000000,0.16,1.7,16207.115,1567.5,8.2,0.0
2012-05-14,1338.35,5,5000000,0.16,1.7,16207.115,1567.5,8.2,0.0
2012-05-15,1330.66,9,9000000,0.16,1.7,16207.115,1567.5,8.2,0.0
2012-05-16,1324.8,3,3000000,0.16,1.7,16207.115,1567.5,8.2,0.0
2012-05-18,1295.22,1,1000000,0.16,1.7,16207.115,1567.5,8.2,0.0
2012-05-21,1315.99,4,4000000,0.16,1.7,16207.115,1567.5,8.2,0.0
2012-05-22,1316.63,5,5000000,0.16,1.7,16207.115,1567.5,8.2,0.0
2012-05-23,1318.86,2,2000000,0.16,1.7,16207.115,1567.5,8.2,0.0
2012-05-24,1320.68,1,1000000,0.16,1.7,16207.115,1567.5,8.2,0.0
2012-05-25,1317.82,3,3000000,0.16,1.7,16207.115,1567.5,8.2,0.0
2012-05-29,1332.42,3,3000000,0.16,1.7,16207.115,1567.5,8.2,0.0
2012-05-31,1310.33,7,7000000,0.16,1.7,16207.115,1567.5,8.2,0.0
2012-06-01,1278.04,3,3000000,0.16,1.7,16207.115,1569.5,8.2,0.0
2012-06-04,1278.18,3,3000000,0.16,1.7,16207.115,1569.5,8.2,0.0
2012-06-05,1285.5,3,3000000,0.16,1.7,16207.115,1569.5,8.2,0.0
2012-06-06,1315.13,2,2000000,0.16,1.7,16207.115,1569.5,8.2,0.0
2012-06-07,1314.99,2,2000000,0.16,1.7,16207.115,1569.5,8.2,0.0
2012-06-08,1325.66,3,3000000,0.16,1.7,16207.115,1569.5,8.2,0.0
2012-06-11,1308.93,2,2000000,0.16,1.7,16207.115,1569.5,8.2,0.0
2012-06-12,1324.18,2,2000000,0.16,1.7,16207.115,1569.5,8.2,0.0
2012-06-13,1314.88,3,3000000,0.16,1.7,16207.115,1569.5,8.2,0.0
2012-06-14,1329.1,2,2000000,0.16,1.7,16207.115,1569.5,8.2,0.0
2012-06-15,1342.84,5,5000000,0.16,1.7,16207.115,1569.5,8.2,0.0
2012-06-18,1344.78,4,4000000,0.16,1.7,16207.115,1569.5,8.2,0.0
2012-06-19,1357.98,2,2000000,0.16,1.7,16207.115,1569.5,8.2,0.0
2012-06-20,1355.69,3,3000000,0.16,1.7,16207.115,1569.5,8.2,0.0
2012-06-21,1325.51,3,3000000,0.16,1.7,16207.115,1569.5,8.2,0.0
2012-06-22,1335.02,4,4000000,0.16,1.7,16207.115,1569.5,8.2,0.0
2012-06-25,1313.72,1,1000000,0.16,1.7,16207.115,1569.5,8.2,0.0
2012-06-26,1319.99,6,6000000,0.16,1.7,16207.115,1569.5,8.2,0.0
2012-06-27,1331.85,2,2000000,0.16,1.7,16207.115,1569.5,8.2,0.0
2012-06-28,1329.04,4,4000000,0.16,1.7,16207.115,1569.5,8.2,0.0
2012-06-29,1362.16,1,1000000,0.16,1.7,16207.115,1569.5,8.2,0.0
2012-07-02,1365.51,4,4000000,0.16,1.4,16319.541,1622.75,8.2,0.0
2012-07-03,1374.02,6,6000000,0.16,1.4,16319.541,1622.75,8.2,0.0
2012-07-05,1367.58,4,4000000,0.16,1.4,16319.541,1622.75,8.2,0.0
2012-07-06,1354.68,3,3000000,0.16,1.4,16319.541,1622.75,8.2,0.0
2012-07-09,1352.46,2,2000000,0.16,1.4,16319.541,1622.75,8.2,0.0
2012-07-10,1341.47,2,2000000,0.16,1.4,16319.541,1622.75,8.2,0.0
2012-07-12,1334.76,1,1000000,0.16,1.4,16319.541,1622.75,8.2,0.0
2012-07-13,1356.78,4,4000000,0.16,1.4,16319.541,1622.75,8.2,0.0
2012-07-16,1353.64,1,1000000,0.16,1.4,16319.541,1622.75,8.2,0.0
2012-07-17,1363.67,8,8000000,0.16,1.4,16319.541,1622.75,8.2,0.0
2012-07-18,1372.78,1,1000000,0.16,1.4,16319.541,1622.75,8.2,0.0
2012-07-19,1376.51,4,4000000,0.16,1.4,16319.541,1622.75,8.2,0.0
2012-07-20,1362.66,3,3000000,0.16,1.4,16319.541,1622.75,8.2,0.0
2012-07-23,1350.52,1,1000000,0.16,1.4,16319.541,1622.75,8.2,0.0
2012-07-24,1338.31,7,7000000,0.16,1.4,16319.541,1622.75,8.2,0.0
2012-07-25,1337.89,3,3000000,0.16,1.4,16319.541,1622.75,8.2,0.0
2012-07-27,1385.97,3,3000000,0.16,1.4,16319.541,1622.75,8.2,0.0
2012-07-31,1379.32,1,1000000,0.16,1.4,16319.541,1622.75,8.2,0.0
2012-08-01,1375.32,3,3000000,0.13,1.7,16319.541,1657.75,8.1,0.0
2012-08-02,1365.0,8,8000000,0.13,1.7,16319.541,1657.75,8.1,0.0
2012-08-03,1390.99,5,5000000,0.13,1.7,16319.541,1657.75,8.1,0.0
2012-08-06,1394.23,3,3000000,0.13,1.7,16319.541,1657.75,8.1,0.0
2012-08-07,1401.35,3,3000000,0.13,1.7,16319.541,1657.75,8.1,0.0
2012-08-08,1402.22,3,3000000,0.13,1.7,16319.541,1657.75,8.1,0.0
2012-08-09,1402.8,2,2000000,0.13,1.7,16319.541,1657.75,8.1,0.0
2012-08-10,1405.87,2,2000000,0.13,1.7,16319.541,1657.75,8.1,0.0
2012-08-13,1404.11,1,1000000,0.13,1.7,16319.541,1657.75,8.1,0.0
2012-08-14,1403.93,5,5000000,0.13,1.7,16319.541,1657.75,8.1,0.0
2012-08-15,1405.53,3,3000000,0.13,1.7,16319.541,1657.75,8.1,0.0
2012-08-16,1415.51,4,4000000,0.13,1.7,16319.541,1657.75,8.1,0.0
2012-08-17,1418.16,1,1000000,0.13,1.7,16319.541,1657.75,8.1,0.0
2012-08-20,1418.13,4,4000000,0.13,1.7,16319.541,1657.75,8.1,0.0
2012-08-21,1413.17,3,3000000,0.13,1.7,16319.541,1657.75,8.1,0.0
2012-08-22,1413.49,3,3000000,0.13,1.7,16319.541,1657.75,8.1,0.0
2012-08-23,1402.08,2,2000000,0.13,1.7,16319.541,1657.75,8.1,0.0
2012-08-24,1411.13,2,2000000,0.13,1.7,16319.541,1657.75,8.1,0.0
2012-08-27,1410.44,7,7000000,0.13,1.7,16319.541,1657.75,8.1,0.0
2012-08-28,1409.3,2,2000000,0.13,1.7,16319.541,1657.75,8.1,0.0
2012-08-29,1410.49,1,1000000,0.13,1.7,16319.541,1657.75,8.1,0.0
2012-08-30,1399.48,1,1000000,0.13,1.7,16319.541,1657.75,8.1,0.0
2012-08-31,1406.58,3,3000000,0.13,1.7,16319.541,1657.75,8.1,0.0
2012-09-04,1404.94,5,5000000,0.14,2.0,16319.541,1781.0,7.8,0.0
2012-09-05,1403.44,1,1000000,0.14,2.0,16319.541,1781.0,7.8,0.0
2012-09-07,1437.92,3,3000000,0.14,2.0,16319.541,1781.0,7.8,0.0
2012-09-10,1429.08,3,3000000,0.14,2.0,16319.541,1781.0,7.8,0.0
2012-09-11,1433.56,3,3000000,0.14,2.0,16319.541,1781.0,7.8,0.0
2012-09-12,1436.56,4,4000000,0.14,2.0,16319.541,1781.0,7.8,0.0
2012-09-13,1459.99,3,3000000,0.14,2.0,16319.541,1781.0,7.8,0.0
2012-09-14,1465.77,4,4000000,0.14,2.0,16319.541,1781.0,7.8,0.0
2012-09-17,1461.19,1,1000000,0.14,2.0,16319.541,1781.0,7.8,0.0
2012-09-18,1459.32,3,3000000,0.14,2.0,16319.541,1781.0,7.8,0.0
2012-09-19,1461.05,2,2000000,0.14,2.0,16319.541,1781.0,7.8,0.0
2012-09-20,1460.26,3,3000000,0.14,2.0,16319.541,1781.0,7.8,0.0
2012-09-21,1460.15,4,4000000,0.14,2.0,16319.541,1781.0,7.8,0.0
2012-09-24,1456.89,3,3000000,0.14,2.0,16319.541,1781.0,7.8,0.0
2012-09-25,1441.59,4,4000000,0.14,2.0,16319.541,1781.0,7.8,0.0
2012-09-26,1433.32,3,3000000,0.14,2.0,16319.541,1781.0,7.8,0.0
2012-09-27,1447.15,4,4000000,0.14,2.0,16319.541,1781.0,7.8,0.0
2012-09-28,1440.67,7,7000000,0.14,2.0,16319.541,1781.0,7.8,0.0
2012-10-01,1444.49,3,3000000,0.16,2.2,16420.419,1718.0,7.8,0.0
2012-10-02,1445.75,2,2000000,0.16,2.2,16420.419,1718.0,7.8,0.0
2012-10-03,1450.99,2,2000000,0.16,2.2,16420.419,1718.0,7.8,0.0
2012-10-04,1461.4,5,5000000,0.16,2.2,16420.419,1718.0,7.8,0.0
2012-10-05,1460.93,3,3000000,0.16,2.2,16420.419,1718.0,7.8,0.0
2012-10-08,1455.88,1,1000000,0.16,2.2,16420.419,1718.0,7.8,0.0
2012-10-09,1441.48,7,7000000,0.16,2.2,16420.419,1718.0,7.8,0.0
2012-10-10,1432.56,3,3000000,0.16,2.2,16420.419,1718.0,7.8,0.0
2012-10-11,1432.84,3,3000000,0.16,2.2,16420.419,1718.0,7.8,0.0
2012-10-12,1428.59,2,2000000,0.16,2.2,16420.419,1718.0,7.8,0.0
2012-10-15,1440.13,3,3000000,0.16,2.2,16420.419,1718.0,7.8,0.0
2012-10-16,1454.92,1,1000000,0.16,2.2,16420.419,1718.0,7.8,0.0
2012-10-17,1460.91,6,6000000,0.16,2.2,16420.419,1718.0,7.8,0.0
2012-10-18,1457.34,3,3000000,0.16,2.2,16420.419,1718.0,7.8,0.0
2012-10-19,1433.19,2,2000000,0.16,2.2,16420.419,1718.0,7.8,0.0
2012-10-22,1433.82,5,5000000,0.16,2.2,16420.419,1718.0,7.8,0.0
2012-10-23,1413.11,3,3000000,0.16,2.2,16420.419,1718.0,7.8,0.0
2012-10-24,1408.75,5,5000000,0.16,2.2,16420.419,1718.0,7.8,0.0
2012-10-25,1412.97,2,2000000,0.16,2.2,16420.419,1718.0,7.8,0.0
2012-10-26,1411.94,1,1000000,0.16,2.2,16420.419,1718.0,7.8,0.0
2012-10-31,1412.16,1,1000000,0.16,2.2,16420.419,1718.0,7.8,0.0
2012-11-01,1427.59,3,3000000,0.16,1.8,16420.419,1728.25,7.7,0.0
2012-11-02,1414.2,2,2000000,0.16,1.8,16420.419,1728.25,7.7,0.0
2012-11-05,1417.26,3,3000000,0.16,1.8,16420.419,1728.25,7.7,0.0
2012-11-06,1428.39,1,1000000,0.16,1.8,16420.419,1728.25,7.7,0.0
2012-11-07,1394.53,6,6000000,0.16,1.8,16420.419,1728.25,7.7,0.0
2012-11-08,1377.51,4,4000000,0.16,1.8,16420.419,1728.25,7.7,0.0
2012-11-09,1379.85,2,2000000,0.16,1.8,16420.419,1728.25,7.7,0.0
2012-11-12,1380.03,5,5000000,0.16,1.8,16420.419,1728.25,7.7,0.0
2012-11-13,1374.53,2,2000000,0.16,1.8,16420.419,1728.25,7.7,0.0
2012-11-14,1355.49,4,4000000,0.16,1.8,16420.419,1728.25,7.7,0.0
2012-11-15,1353.33,1,1000000,0.16,1.8,16420.419,1728.25,7.7,0.0
2012-11-16,1359.88,3,3000000,0.16,1.8,16420.419,1728.25,7.7,0.0
2012-11-19,1386.89,2,2000000,0.16,1.8,16420.419,1728.25,7.7,0.0
2012-11-20,1387.81,3,3000000,0.16,1.8,16420.419,1728.25,7.7,0.0
2012-11-21,1391.03,3,3000000,0.16,1.8,16420.419,1728.25,7.7,0.0
2012-11-23,1409.15,3,3000000,0.16,1.8,16420.419,1728.25,7.7,0.0
2012-11-26,1406.29,1,1000000,0.16,1.8,16420.419,1728.25,7.7,0.0
2012-11-27,1398.94,5,5000000,0.16,1.8,16420.419,1728.25,7.7,0.0
2012-11-28,1409.93,1,1000000,0.16,1.8,16420.419,1728.25,7.7,0.0
2012-11-29,1415.95,4,4000000,0.16,1.8,16420.419,1728.25,7.7,0.0
2012-11-30,1416.18,5,5000000,0.16,1.8,16420.419,1728.25,7.7,0.0
2012-12-03,1409.46,2,2000000,0.16,1.7,16420.419,1664.0,7.9,0.0
2012-12-04,1407.05,5,5000000,0.16,1.7,16420.419,1664.0,7.9,0.0
2012-12-05,1409.28,5,5000000,0.16,1.7,16420.419,1664.0,7.9,0.0
2012-12-06,1413.94,5,5000000,0.16,1.7,16420.419,1664.0,7.9,0.0
2012-12-07,1418.07,4,4000000,0.16,1.7,16420.419,1664.0,7.9,0.0
2012-12-10,1418.55,1,1000000,0.16,1.7,16420.419,1664.0,7.9,0.0
2012-12-11,1427.84,5,5000000,0.16,1.7,16420.419,1664.0,7.9,0.0
2012-12-12,1428.48,4,4000000,0.16,1.7,16420.419,1664.0,7.9,0.0
2012-12-13,1419.45,1,1000000,0.16,1.7,16420.419,1664.0,7.9,0.0
2012-12-14,1413.58,2,2000000,0.16,1.7,16420.419,1664.0,7.9,0.0
2012-12-17,1430.36,1,1000000,0.16,1.7,16420.419,1664.0,7.9,0.0
2012-12-18,1446.79,6,6000000,0.16,1.7,16420.419,1664.0,7.9,0.0
2012-12-19,1435.81,2,2000000,0.16,1.7,16420.419,1664.0,7.9,0.0
2012-12-20,1443.69,4,4000000,0.16,1.7,16420.419,1664.0,7.9,0.0
2012-12-21,1430.15,4,4000000,0.16,1.7,16420.419,1664.0,7.9,0.0
2012-12-24,1426.66,1,1000000,0.16,1.7,16420.419,1664.0,7.9,0.0
2012-12-26,1419.83,1,1000000,0.16,1.7,16420.419,1664.0,7.9,0.0
2012-12-27,1418.1,3,3000000,0.16,1.7,16420.419,1664.0,7.9,0.0
2012-12-28,1402.43,3,3000000,0.16,1.7,16420.419,1664.0,7.9,0.0
2013-01-02,1462.42,4,4000000,0.14,1.6,16648.189,1674.5,8.0,0.0
2013-01-03,1459.37,2,2000000,0.14,1.6,16648.189,1674.5,8.0,0.0
2013-01-04,1466.47,1,1000000,0.14,1.6,16648.189,1674.5,8.0,0.0
2013-01-07,1461.89,2,2000000,0.14,1.6,16648.189,1674.5,8.0,0.0
2013-01-08,1457.15,3,3000000,0.14,1.6,16648.189,1674.5,8.0,0.0
2013-01-09,1461.02,3,3000000,0.14,1.6,16648.189,1674.5,8.0,0.0
2013-01-10,1472.12,3,3000000,0.14,1.6,16648.189,1674.5,8.0,0.0
2013-01-11,1472.05,2,2000000,0.14,1.6,16648.189,1674.5,8.0,0.0
2013-01-14,1470.68,1,1000000,0.14,1.6,16648.189,1674.5,8.0,0.0
2013-01-15,1472.34,4,4000000,0.14,1.6,16648.189,1674.5,8.0,0.0
2013-01-16,1472.63,4,4000000,0.14,1.6,16648.189,1674.5,8.0,0.0
2013-01-17,1480.94,5,5000000,0.14,1.6,16648.189,1674.5,8.0,0.0
2013-01-18,1485.98,2,2000000,0.14,1.6,16648.189,1674.5,8.0,0.0
2013-01-22,1492.56,4,4000000,0.14,1.6,16648.189,1674.5,8.0,0.0
2013-01-23,1494.81,4,4000000,0.14,1.6,16648.189,1674.5,8.0,0.0
2013-01-24,1494.82,1,1000000,0.14,1.6,16648.189,1674.5,8.0,0.0
2013-01-25,1502.96,6,6000000,0.14,1.6,16648.189,1674.5,8.0,0.0
2013-01-28,1500.18,2,2000000,0.14,1.6,16648.189,1674.5,8.0,0.0
2013-01-29,1507.84,4,4000000,0.14,1.6,16648.189,1674.5,8.0,0.0
2013-01-30,1501.96,1,1000000,0.14,1.6,16648.189,1674.5,8.0,0.0
2013-01-31,1498.11,3,3000000,0.14,1.6,16648.189,1674.5,8.0,0.0
2013-02-01,1513.17,4,4000000,0.15,2.0,16648.189,1591.0,7.7,0.0
2013-02-04,1495.71,3,3000000,0.15,2.0,16648.189,1591.0,7.7,0.0
2013-02-05,1511.29,2,2000000,0.15,2.0,16648.189,1591.0,7.7,0.0
2013-02-06,1512.12,2,2000000,0.15,2.0,16648.189,1591.0,7.7,0.0
2013-02-07,1509.39,5,5000000,0.15,2.0,16648.189,1591.0,7.7,0.0
2013-02-08,1517.93,3,3000000,0.15,2.0,16648.189,1591.0,7.7,0.0
2013-02-11,1517.01,1,1000000,0.15,2.0,16648.189,1591.0,7.7,0.0
2013-02-12,1519.43,4,4000000,0.15,2.0,16648.189,1591.0,7.7,0.0
2013-02-13,1520.33,2,2000000,0.15,2.0,16648.189,1591.0,7.7,0.0
2013-02-14,1521.38,2,2000000,0.15,2.0,16648.189,1591.0,7.7,0.0
2013-02-15,1519.79,5,5000000,0.15,2.0,16648.189,1591.0,7.7,0.0
2013-02-19,1530.94,2,2000000,0.15,2.0,16648.189,1591.0,7.7,0.0
2013-02-20,1511.95,3,3000000,0.15,2.0,16648.189,1591.0,7.7,0.0
2013-02-21,1502.42,3,3000000,0.15,2.0,16648.189,1591.0,7.7,0.0
2013-02-22,1515.6,2,2000000,0.15,2.0,16648.189,1591.0,7.7,0.0
2013-02-25,1487.85,1,1000000,0.15,2.0,16648.189,1591.0,7.7,0.0
2013-02-26,1496.94,3,3000000,0.15,2.0,16648.189,1591.0,7.7,0.0
2013-02-27,1515.99,2,2000000,0.15,2.0,16648.189,1591.0,7.7,0.0
2013-02-28,1514.68,4,4000000,0.15,2.0,16648.189,1591.0,7.7,0.0
2013-03-01,1518.2,7,7000000,0.14,1.5,16648.189,1602.5,7.5,0.0
2013-03-04,1525.2,3,3000000,0.14,1.5,16648.189,1602.5,7.5,0.0
2013-03-05,1539.79,2,2000000,0.14,1.5,16648.189,1602.5,7.5,0.0
2013-03-06,1541.46,3,3000000,0.14,1.5,16648.189,1602.5,7.5,0.0
2013-03-07,1544.26,3,3000000,0.14,1.5,16648.189,1602.5,7.5,0.0
2013-03-08,1551.18,2,2000000,0.14,1.5,16648.189,1602.5,7.5,0.0
2013-03-11,1556.22,1,1000000,0.14,1.5,16648.189,1602.5,7.5,0.0
2013-03-12,1552.48,4,4000000,0.14,1.5,16648.189,1602.5,7.5,0.0
2013-03-13,1554.52,3,3000000,0.14,1.5,16648.189,1602.5,7.5,0.0
2013-03-14,1563.23,3,3000000,0.14,1.5,16648.189,1602.5,7.5,0.0
2013-03-15,1560.7,1,1000000,0.14,1.5,16648.189,1602.5,7.5,0.0
2013-03-18,1552.1,3,3000000,0.14,1.5,16648.189,1602.5,7.5,0.0
2013-03-19,1548.34,3,3000000,0.14,1.5,16648.189,1602.5,7.5,0.0
2013-03-20,1558.71,2,2000000,0.14,1.5,16648.189,1602.5,7.5,0.0
2013-03-21,1545.8,4,4000000,0.14,1.5,16648.189,1602.5,7.5,0.0
2013-03-22,1556.89,7,7000000,0.14,1.5,16648.189,1602.5,7.5,0.0
2013-03-25,1551.69,2,2000000,0.14,1.5,16648.189,1602.5,7.5,0.0
2013-03-26,1563.77,1,1000000,0.14,1.5,16648.189,1602.5,7.5,0.0
2013-03-28,1569.19,4,4000000,0.14,1.5,16648.189,1602.5,7.5,0.0
2013-04-01,1562.17,4,4000000,0.15,1.1,16728.687,1472.75,7.6,0.0
2013-04-02,1570.25,2,2000000,0.15,1.1,16728.687,1472.75,7.6,0.0
2013-04-03,1553.69,3,3000000,0.15,1.1,16728.687,1472.75,7.6,0.0
2013-04-04,1559.98,4,4000000,0.15,1.1,16728.687,1472.75,7.6,0.0
2013-04-05,1553.28,1,1000000,0.15,1.1,16728.687,1472.75,7.6,0.0
2013-04-08,1563.07,4,4000000,0.15,1.1,16728.687,1472.75,7.6,0.0
2013-04-09,1568.61,2,2000000,0.15,1.1,16728.687,1472.75,7.6,0.0
2013-04-10,1587.73,4,4000000,0.15,1.1,16728.687,1472.75,7.6,0.0
2013-04-11,1593.37,2,2000000,0.15,1.1,16728.687,1472.75,7.6,0.0
2013-04-12,1588.85,5,5000000,0.15,1.1,16728.687,1472.75,7.6,0.0
2013-04-15,1552.36,4,4000000,0.15,1.1,16728.687,1472.75,7.6,0.0
2013-04-16,1574.57,3,3000000,0.15,1.1,16728.687,1472.75,7.6,0.0
2013-04-17,1552.01,3,3000000,0.15,1.1,16728.687,1472.75,7.6,0.0
2013-04-18,1541.61,2,2000000,0.15,1.1,16728.687,1472.75,7.6,0.0
2013-04-19,1555.25,5,5000000,0.15,1.1,16728.687,1472.75,7.6,0.0
2013-04-22,1562.5,1,1000000,0.15,1.1,16728.687,1472.75,7.6,0.0
2013-04-23,1578.78,6,6000000,0.15,1.1,16728.687,1472.75,7.6,0.0
2013-04-24,1578.79,3,3000000,0.15,1.1,16728.687,1472.75,7.6,0.0
2013-04-25,1585.16,5,5000000,0.15,1.1,16728.687,1472.75,7.6,0.0
2013-04-26,1582.24,4,4000000,0.15,1.1,16728.687,1472.75,7.6,0.0
2013-04-29,1593.61,4,4000000,0.15,1.1,16728.687,1472.75,7.6,0.0
2013-04-30,1597.57,2,2000000,0.15,1.1,16728.687,1472.75,7.6,0.0
2013-05-01,1582.7,4,4000000,0.11,1.4,16728.687,1410.25,7.5,0.0
2013-05-02,1597.59,2,2000000,0.11,1.4,16728.687,1410.25,7.5,0.0
2013-05-03,1614.42,3,3000000,0.11,1.4,16728.687,1410.25,7.5,0.0
2013-05-07,1625.96,2,2000000,0.11,1.4,16728.687,1410.25,7.5,0.0
2013-05-08,1632.69,2,2000000,0.11,1.4,16728.687,1410.25,7.5,0.0
2013-05-09,1626.67,3,3000000,0.11,1.4,16728.687,1410.25,7.5,0.0
2013-05-10,1633.7,2,2000000,0.11,1.4,16728.687,1410.25,7.5,0.0
2013-05-13,1633.77,3,3000000,0.11,1.4,16728.687,1410.25,7.5,0.0
2013-05-14,1650.34,6,6000000,0.11,1.4,16728.687,1410.25,7.5,0.0
2013-05-15,1658.78,1,1000000,0.11,1.4,16728.687,1410.25,7.5,0.0
2013-05-16,1650.47,3,3000000,0.11,1.4,16728.687,1410.25,7.5,0.0
2013-05-17,1667.47,3,3000000,0.11,1.4,16728.687,1410.25,7.5,0.0
2013-05-20,1666.29,4,4000000,0.11,1.4,16728.687,1410.25,7.5,0.0
2013-05-21,1669.16,2,2000000,0.11,1.4,16728.687,1410.25,7.5,0.0
2013-05-22,1655.35,4,4000000,0.11,1.4,16728.687,1410.25,7.5,0.0
2013-05-23,1650.51,2,2000000,0.11,1.4,16728.687,1410.25,7.5,0.0
2013-05-24,1649.6,4,4000000,0.11,1.4,16728.687,1410.25,7.5,0.0
2013-05-28,1660.06,4,4000000,0.11,1.4,16728.687,1410.25,7.5,0.0
2013-05-29,1648.36,3,3000000,0.11,1.4,16728.687,1410.25,7.5,0.0
2013-05-30,1654.41,5,5000000,0.11,1.4,16728.687,1410.25,7.5,0.0
2013-05-31,1630.74,2,2000000,0.11,1.4,16728.687,1410.25,7.5,0.0
2013-06-04,1631.38,6,6000000,0.09,1.8,16728.687,1203.25,7.5,0.0
2013-06-05,1608.9,4,4000000,0.09,1.8,16728.687,1203.25,7.5,0.0
2013-06-06,1622.56,6,6000000,0.09,1.8,16728.687,1203.25,7.5,0.0
2013-06-07,1643.38,1,1000000,0.09,1.8,16728.687,1203.25,7.5,0.0
2013-06-10,1642.81,1,1000000,0.09,1.8,16728.687,1203.25,7.5,0.0
2013-06-11,1626.13,3,3000000,0.09,1.8,16728.687,1203.25,7.5,0.0
2013-06-12,1612.52,3,3000000,0.09,1.8,16728.687,1203.25,7.5,0.0
2013-06-13,1636.36,3,3000000,0.09,1.8,16728.687,1203.25,7.5,0.0
2013-06-14,1626.73,4,4000000,0.09,1.8,16728.687,1203.25,7.5,0.0
2013-06-17,1639.04,1,1000000,0.09,1.8,16728.687,1203.25,7.5,0.0
2013-06-18,1651.81,3,3000000,0.09,1.8,16728.687,1203.25,7.5,0.0
2013-06-19,1628.93,3,3000000,0.09,1.8,16728.687,1203.25,7.5,0.0
2013-06-20,1588.19,4,4000000,0.09,1.8,16728.687,1203.25,7.5,0.0
2013-06-21,1592.43,2,2000000,0.09,1.8,16728.687,1203.25,7.5,0.0
2013-06-24,1573.09,3,3000000,0.09,1.8,16728.687,1203.25,7.5,0.0
2013-06-25,1588.03,4,4000000,0.09,1.8,16728.687,1203.25,7.5,0.0
2013-06-26,1603.26,4,4000000,0.09,1.8,16728.687,1203.25,7.5,0.0
2013-06-27,1613.2,2,2000000,0.09,1.8,16728.687,1203.25,7.5,0.0
2013-06-28,1606.28,3,3000000,0.09,1.8,16728.687,1203.25,7.5,0.0
2013-07-01,1614.96,1,1000000,0.09,2.0,16953.838,1331.5,7.3,0.0
2013-07-02,1614.08,1,1000000,0.09,2.0,16953.838,1331.5,7.3,0.0
2013-07-03,1615.41,5,5000000,0.09,2.0,16953.838,1331.5,7.3,0.0
2013-07-05,1631.89,2,2000000,0.09,2.0,16953.838,1331.5,7.3,0.0
2013-07-08,1640.46,2,2000000,0.09,2.0,16953.838,1331.5,7.3,0.0
2013-07-09,1652.32,3,3000000,0.09,2.0,16953.838,1331.5,7.3,0.0
2013-07-10,1652.62,4,4000000,0.09,2.0,16953.838,1331.5,7.3,0.0
2013-07-12,1680.19,2,2000000,0.09,2.0,16953.838,1331.5,7.3,0.0
2013-07-15,1682.5,2,2000000,0.09,2.0,16953.838,1331.5,7.3,0.0
2013-07-16,1676.26,6,6000000,0.09,2.0,16953.838,1331.5,7.3,0.0
2013-07-17,1680.91,5,5000000,0.09,2.0,16953.838,1331.5,7.3,0.0
2013-07-18,1689.37,2,2000000,0.09,2.0,16953.838,1331.5,7.3,0.0
2013-07-19,1692.09,2,2000000,0.09,2.0,16953.838,1331.5,7.3,0.0
2013-07-22,1695.53,2,2000000,0.09,2.0,16953.838,1331.5,7.3,0.0
2013-07-23,1692.39,2,2000000,0.09,2.0,16953.838,1331.5,7.3,0.0
2013-07-24,1685.94,4,4000000,0.09,2.0,16953.838,1331.5,7.3,0.0
2013-07-26,1691.65,4,4000000,0.09,2.0,16953.838,1331.5,7.3,0.0
2013-07-29,1685.33,3,3000000,0.09,2.0,16953.838,1331.5,7.3,0.0
2013-07-30,1685.96,1,1000000,0.09,2.0,16953.838,1331.5,7.3,0.0
2013-07-31,1685.73,2,2000000,0.09,2.0,16953.838,1331.5,7.3,0.0
2013-08-01,1706.87,3,3000000,0.08,1.5,16953.838,1392.75,7.2,0.0
2013-08-05,1707.14,2,2000000,0.08,1.5,16953.838,1392.75,7.2,0.0
2013-08-06,1697.37,3,3000000,0.08,1.5,16953.838,1392.75,7.2,0.0
2013-08-07,1690.91,4,4000000,0.08,1.5,16953.838,1392.75,7.2,0.0
2013-08-08,1697.48,7,7000000,0.08,1.5,16953.838,1392.75,7.2,0.0
2013-08-09,1691.42,4,4000000,0.08,1.5,16953.838,1392.75,7.2,0.0
2013-08-12,1689.47,5,5000000,0.08,1.5,16953.838,1392.75,7.2,0.0
2013-08-13,1694.16,2,2000000,0.08,1.5,16953.838,1392.75,7.2,0.0
2013-08-14,1685.39,1,1000000,0.08,1.5,16953.838,1392.75,7.2,0.0
2013-08-15,1661.32,3,3000000,0.08,1.5,16953.838,1392.75,7.2,0.0
2013-08-16,1655.83,7,7000000,0.08,1.5,16953.838,1392.75,7.2,0.0
2013-08-19,1646.06,3,3000000,0.08,1.5,16953.838,1392.75,7.2,0.0
2013-08-20,1652.35,2,2000000,0.08,1.5,16953.838,1392.75,7.2,0.0
2013-08-21,1642.8,3,3000000,0.08,1.5,16953.838,1392.75,7.2,0.0
2013-08-22,1656.96,3,3000000,0.08,1.5,16953.838,1392.75,7.2,0.0
2013-08-23,1663.5,4,4000000,0.08,1.5,16953.838,1392.75,7.2,0.0
2013-08-26,1656.78,2,2000000,0.08,1.5,16953.838,1392.75,7.2,0.0
2013-08-27,1630.48,2,2000000,0.08,1.5,16953.838,1392.75,7.2,0.0
2013-08-28,1634.96,4,4000000,0.08,1.5,16953.838,1392.75,7.2,0.0
2013-08-29,1638.17,4,4000000,0.08,1.5,16953.838,1392.75,7.2,0.0
2013-08-30,1632.97,4,4000000,0.08,1.5,16953.838,1392.75,7.2,0.0
2013-09-03,1639.77,4,4000000,0.08,1.2,16953.838,1335.75,7.2,0.0
2013-09-04,1653.08,4,4000000,0.08,1.2,16953.838,1335.75,7.2,0.0
2013-09-05,1655.08,2,2000000,0.08,1.2,16953.838,1335.75,7.2,0.0
2013-09-06,1655.17,5,5000000,0.08,1.2,16953.838,1335.75,7.2,0.0
2013-09-10,1683.99,2,2000000,0.08,1.2,16953.838,1335.75,7.2,0.0
2013-09-11,1689.13,4,4000000,0.08,1.2,16953.838,1335.75,7.2,0.0
2013-09-12,1683.42,2,2000000,0.08,1.2,16953.838,1335.75,7.2,0.0
2013-09-13,1687.99,2,2000000,0.08,1.2,16953.838,1335.75,7.2,0.0
2013-09-16,1697.6,2,2000000,0.08,1.2,16953.838,1335.75,7.2,0.0
2013-09-17,1704.76,6,6000000,0.08,1.2,16953.838,1335.75,7.2,0.0
2013-09-18,1725.52,4,4000000,0.08,1.2,16953.838,1335.75,7.2,0.0
2013-09-19,1722.34,5,5000000,0.08,1.2,16953.838,1335.75,7.2,0.0
2013-09-20,1709.91,4,4000000,0.08,1.2,16953.838,1335.75,7.2,0.0
2013-09-23,1701.84,6,6000000,0.08,1.2,16953.838,1335.75,7.2,0.0
2013-09-24,1697.42,4,4000000,0.08,1.2,16953.838,1335.75,7.2,0.0
2013-09-25,1692.77,2,2000000,0.08,1.2,16953.838,1335.75,7.2,0.0
2013-09-26,1698.67,1,1000000,0.08,1.2,16953.838,1335.75,7.2,0.0
2013-09-27,1691.75,4,4000000,0.08,1.2,16953.838,1335.75,7.2,0.0
2013-09-30,1681.55,5,5000000,0.08,1.2,16953.838,1335.75,7.2,0.0
2013-10-01,1695.0,2,2000000,0.09,1.0,17192.019,1333.75,7.2,0.0
2013-10-02,1693.87,2,2000000,0.09,1.0,17192.019,1333.75,7.2,0.0
2013-10-03,1678.66,1,1000000,0.09,1.0,17192.019,1333.75,7.2,0.0
2013-10-04,1690.5,7,7000000,0.09,1.0,17192.019,1333.75,7.2,0.0
2013-10-07,1676.12,3,3000000,0.09,1.0,17192.019,1333.75,7.2,0.0
2013-10-08,1655.45,1,1000000,0.09,1.0,17192.019,1333.75,7.2,0.0
2013-10-09,1656.4,3,3000000,0.09,1.0,17192.019,1333.75,7.2,0.0
2013-10-10,1692.56,5,5000000,0.09,1.0,17192.019,1333.75,7.2,0.0
2013-10-11,1703.2,6,6000000,0.09,1.0,17192.019,1333.75,7.2,0.0
2013-10-14,1710.14,1,1000000,0.09,1.0,17192.019,1333.75,7.2,0.0
2013-10-15,1698.06,5,5000000,0.09,1.0,17192.019,1333.75,7.2,0.0
2013-10-16,1721.54,3,3000000,0.09,1.0,17192.019,1333.75,7.2,0.0
2013-10-17,1733.15,6,6000000,0.09,1.0,17192.019,1333.75,7.2,0.0
2013-10-18,1744.5,3,3000000,0.09,1.0,17192.019,1333.75,7.2,0.0
2013-10-22,1754.67,3,3000000,0.09,1.0,17192.019,1333.75,7.2,0.0
2013-10-23,1746.38,3,3000000,0.09,1.0,17192.019,1333.75,7.2,0.0
2013-10-24,1752.07,2,2000000,0.09,1.0,17192.019,1333.75,7.2,0.0
2013-10-25,1759.77,5,5000000,0.09,1.0,17192.019,1333.75,7.2,0.0
2013-10-28,1762.11,6,6000000,0.09,1.0,17192.019,1333.75,7.2,0.0
2013-10-29,1771.95,4,4000000,0.09,1.0,17192.019,1333.75,7.2,0.0
2013-10-30,1763.31,4,4000000,0.09,1.0,17192.019,1333.75,7.2,0.0
2013-10-31,1756.54,2,2000000,0.09,1.0,17192.019,1333.75,7.2,0.0
2013-11-01,1761.64,2,2000000,0.08,1.2,17192.019,1245.25,6.9,0.0
2013-11-04,1767.93,2,2000000,0.08,1.2,17192.019,1245.25,6.9,0.0
2013-11-05,1762.97,4,4000000,0.08,1.2,17192.019,1245.25,6.9,0.0
2013-11-06,1770.49,4,4000000,0.08,1.2,17192.019,1245.25,6.9,0.0
2013-11-07,1747.15,6,6000000,0.08,1.2,17192.019,1245.25,6.9,0.0
2013-11-08,1770.61,5,5000000,0.08,1.2,17192.019,1245.25,6.9,0.0
2013-11-11,1771.89,3,3000000,0.08,1.2,17192.019,1245.25,6.9,0.0
2013-11-12,1767.69,4,4000000,0.08,1.2,17192.019,1245.25,6.9,0.0
2013-11-13,1782.0,5,5000000,0.08,1.2,17192.019,1245.25,6.9,0.0
2013-11-14,1790.62,4,4000000,0.08,1.2,17192.019,1245.25,6.9,0.0
2013-11-15,1798.18,2,2000000,0.08,1.2,17192.019,1245.25,6.9,0.0
2013-11-18,1791.53,4,4000000,0.08,1.2,17192.019,1245.25,6.9,0.0
2013-11-19,1787.87,4,4000000,0.08,1.2,17192.019,1245.25,6.9,0.0
2013-11-20,1781.37,5,5000000,0.08,1.2,17192.019,1245.25,6.9,0.0
2013-11-21,1795.85,3,3000000,0.08,1.2,17192.019,1245.25,6.9,0.0
2013-11-22,1804.76,6,6000000,0.08,1.2,17192.019,1245.25,6.9,0.0
2013-11-25,1802.48,3,3000000,0.08,1.2,17192.019,1245.25,6.9,0.0
2013-11-26,1802.75,5,5000000,0.08,1.2,17192.019,1245.25,6.9,0.0
2013-11-27,1807.23,4,4000000,0.08,1.2,17192.019,1245.25,6.9,0.0
2013-12-02,1800.9,2,2000000,0.09,1.5,17192.019,1201.5,6.7,0.0
2013-12-03,1795.15,1,1000000,0.09,1.5,17192.019,1201.5,6.7,0.0
2013-12-04,1792.81,2,2000000,0.09,1.5,17192.019,1201.5,6.7,0.0
2013-12-05,1785.03,1,1000000,0.09,1.5,17192.019,1201.5,6.7,0.0
2013-12-06,1805.09,2,2000000,0.09,1.5,17192.019,1201.5,6.7,0.0
2013-12-09,1808.37,3,3000000,0.09,1.5,17192.019,1201.5,6.7,0.0
2013-12-10,1802.62,3,3000000,0.09,1.5,17192.019,1201.5,6.7,0.0
2013-12-11,1782.22,4,4000000,0.09,1.5,17192.019,1201.5,6.7,0.0
2013-12-12,1775.5,6,6000000,0.09,1.5,17192.019,1201.5,6.7,0.0
2013-12-13,1775.32,6,6000000,0.09,1.5,17192.019,1201.5,6.7,0.0
2013-12-16,1786.54,2,2000000,0.09,1.5,17192.019,1201.5,6.7,0.0
2013-12-17,1781.0,4,4000000,0.09,1.5,17192.019,1201.5,6.7,0.0
2013-12-18,1810.65,3,3000000,0.09,1.5,17192.019,1201.5,6.7,0.0
2013-12-19,1809.6,3,3000000,0.09,1.5,17192.019,1201.5,6.7,0.0
2013-12-20,1818.32,2,2000000,0.09,1.5,17192.019,1201.5,6.7,0.0
2013-12-23,1827.99,5,5000000,0.09,1.5,17192.019,1201.5,6.7,0.0
2013-12-24,1833.32,3,3000000,0.09,1.5,17192.019,1201.5,6.7,0.0
2013-12-30,1841.07,2,2000000,0.09,1.5,17192.019,1201.5,6.7,0.0
2013-12-31,1848.36,6,6000000,0.09,1.5,17192.019,1201.5,6.7,0.0
2014-01-02,1831.98,5,5000000,0.07,1.6,17197.738,1246.5,6.6,0.0
2014-01-03,1831.37,1,1000000,0.07,1.6,17197.738,1246.5,6.6,0.0
2014-01-06,1826.77,5,5000000,0.07,1.6,17197.738,1246.5,6.6,0.0
2014-01-07,1837.88,6,6000000,0.07,1.6,17197.738,1246.5,6.6,0.0
2014-01-08,1837.49,2,2000000,0.07,1.6,17197.738,1246.5,6.6,0.0
2014-01-09,1838.13,3,3000000,0.07,1.6,17197.738,1246.5,6.6,0.0
2014-01-10,1842.37,5,5000000,0.07,1.6,17197.738,1246.5,6.6,0.0
2014-01-13,1819.2,3,3000000,0.07,1.6,17197.738,1246.5,6.6,0.0
2014-01-15,1848.38,3,3000000,0.07,1.6,17197.738,1246.5,6.6,0.0
2014-01-16,1845.89,2,2000000,0.07,1.6,17197.738,1246.5,6.6,0.0
2014-01-17,1838.7,6,6000000,0.07,1.6,17197.738,1246.5,6.6,0.0
2014-01-22,1844.86,5,5000000,0.07,1.6,17197.738,1246.5,6.6,0.0
2014-01-23,1828.46,4,4000000,0.07,1.6,17197.738,1246.5,6.6,0.0
2014-01-24,1790.29,6,6000000,0.07,1.6,17197.738,1246.5,6.6,0.0
2014-01-27,1781.56,1,1000000,0.07,1.6,17197.738,1246.5,6.6,0.0
2014-01-28,1792.5,3,3000000,0.07,1.6,17197.738,1246.5,6.6,0.0
2014-01-30,1794.19,4,4000000,0.07,1.6,17197.738,1246.5,6.6,0.0
2014-01-31,1782.59,5,5000000,0.07,1.6,17197.738,1246.5,6.6,0.0
2014-02-03,1741.89,5,5000000,0.07,1.1,17197.738,1327.75,6.7,0.0
2014-02-04,1755.2,2,2000000,0.07,1.1,17197.738,1327.75,6.7,0.0
2014-02-05,1751.64,3,3000000,0.07,1.1,17197.738,1327.75,6.7,0.0
2014-02-06,1773.43,6,6000000,0.07,1.1,17197.738,1327.75,6.7,0.0
2014-02-07,1797.02,2,2000000,0.07,1.1,17197.738,1327.75,6.7,0.0
2014-02-11,1819.75,6,6000000,0.07,1.1,17197.738,1327.75,6.7,0.0
2014-02-12,1819.26,5,5000000,0.07,1.1,17197.738,1327.75,6.7,0.0
2014-02-13,1829.83,4,4000000,0.07,1.1,17197.738,1327.75,6.7,0.0
2014-02-14,1838.63,2,2000000,0.07,1.1,17197.738,1327.75,6.7,0.0
2014-02-18,1840.76,2,2000000,0.07,1.1,17197.738,1327.75,6.7,0.0
2014-02-19,1828.75,2,2000000,0.07,1.1,17197.738,1327.75,6.7,0.0
2014-02-20,1839.78,3,3000000,0.07,1.1,17197.738,1327.75,6.7,0.0
2014-02-21,1836.25,2,2000000,0.07,1.1,17197.738,1327.75,6.7,0.0
2014-02-24,1847.61,3,3000000,0.07,1.1,17197.738,1327.75,6.7,0.0
2014-02-25,1845.12,3,3000000,0.07,1.1,17197.738,1327.75,6.7,0.0
2014-02-26,1845.16,1,1000000,0.07,1.1,17197.738,1327.75,6.7,0.0
2014-02-27,1854.29,2,2000000,0.07,1.1,17197.738,1327.75,6.7,0.0
2014-02-28,1859.45,7,7000000,0.07,1.1,17197.738,1327.75,6.7,0.0
2014-03-03,1845.73,3,3000000,0.08,1.5,17197.738,1294.0,6.7,0.0
2014-03-04,1873.91,4,4000000,0.08,1.5,17197.738,1294.0,6.7,0.0
2014-03-05,1873.81,1,1000000,0.08,1.5,17197.738,1294.0,6.7,0.0
2014-03-06,1877.03,5,5000000,0.08,1.5,17197.738,1294.0,6.7,0.0
2014-03-07,1878.04,5,5000000,0.08,1.5,17197.738,1294.0,6.7,0.0
2014-03-10,1877.17,5,5000000,0.08,1.5,17197.738,1294.0,6.7,0.0
2014-03-11,1867.63,1,1000000,0.08,1.5,17197.738,1294.0,6.7,0.0
2014-03-12,1868.2,2,2000000,0.08,1.5,17197.738,1294.0,6.7,0.0
2014-03-13,1846.34,4,4000000,0.08,1.5,17197.738,1294.0,6.7,0.0
2014-03-14,1841.13,5,5000000,0.08,1.5,17197.738,1294.0,6.7,0.0
2014-03-17,1858.83,3,3000000,0.08,1.5,17197.738,1294.0,6.7,0.0
2014-03-18,1872.25,5,5000000,0.08,1.5,17197.738,1294.0,6.7,0.0
2014-03-19,1860.77,3,3000000,0.08,1.5,17197.738,1294.0,6.7,0.0
2014-03-21,1866.52,3,3000000,0.08,1.5,17197.738,1294.0,6.7,0.0
2014-03-24,1857.44,2,2000000,0.08,1.5,17197.738,1294.0,6.7,0.0
2014-03-25,1865.62,3,3000000,0.08,1.5,17197.738,1294.0,6.7,0.0
2014-03-26,1852.56,7,7000000,0.08,1.5,17197.738,1294.0,6.7,0.0
2014-03-27,1849.04,1,1000000,0.08,1.5,17197.738,1294.0,6.7,0.0
2014-03-28,1857.62,3,3000000,0.08,1.5,17197.738,1294.0,6.7,0.0
2014-03-31,1872.34,6,6000000,0.08,1.5,17197.738,1294.0,6.7,0.0
2014-04-01,1885.52,7,7000000,0.09,2.0,17518.508,1292.0,6.2,0.0
2014-04-02,1890.9,4,4000000,0.09,2.0,17518.508,1292.0,6.2,0.0
2014-04-03,1888.77,3,3000000,0.09,2.0,17518.508,1292.0,6.2,0.0
2014-04-04,1865.09,3,3000000,0.09,2.0,17518.508,1292.0,6.2,0.0
2014-04-07,1845.04,2,2000000,0.09,2.0,17518.508,1292.0,6.2,0.0
2014-04-08,1851.96,1,1000000,0.09,2.0,17518.508,1292.0,6.2,0.0
2014-04-09,1872.18,3,3000000,0.09,2.0,17518.508,1292.0,6.2,0.0
2014-04-10,1833.08,1,1000000,0.09,2.0,17518.508,1292.0,6.2,0.0
2014-04-11,1815.69,2,2000000,0.09,2.0,17518.508,1292.0,6.2,0.0
2014-04-14,1830.61,5,5000000,0.09,2.0,17518.508,1292.0,6.2,0.0
2014-04-15,1842.98,5,5000000,0.09,2.0,17518.508,1292.0,6.2,0.0
2014-04-16,1862.31,1,1000000,0.09,2.0,17518.508,1292.0,6.2,0.0
2014-04-17,1864.85,6,6000000,0.09,2.0,17518.508,1292.0,6.2,0.0
2014-04-21,1871.89,4,4000000,0.09,2.0,17518.508,1292.0,6.2,0.0
2014-04-22,1879.55,1,1000000,0.09,2.0,17518.508,1292.0,6.2,0.0
2014-04-23,1875.39,3,3000000,0.09,2.0,17518.508,1292.0,6.2,0.0
2014-04-24,1878.61,3,3000000,0.09,2.0,17518.508,1292.0,6.2,0.0
2014-04-25,1863.4,5,5000000,0.09,2.0,17518.508,1292.0,6.2,0.0
2014-04-28,1869.43,6,6000000,0.09,2.0,17518.508,1292.0,6.2,0.0
2014-04-29,1878.33,1,1000000,0.09,2.0,17518.508,1292.0,6.2,0.0
2014-04-30,1883.95,3,3000000,0.09,2.0,17518.508,1292.0,6.2,0.0
2014-05-01,1883.68,1,1000000,0.09,2.1,17518.508,1254.0,6.3,0.0
2014-05-02,1881.14,5,5000000,0.09,2.1,17518.508,1254.0,6.3,0.0
2014-05-05,1884.66,4,4000000,0.09,2.1,17518.508,1254.0,6.3,0.0
2014-05-06,1867.72,1,1000000,0.09,2.1,17518.508,1254.0,6.3,0.0
2014-05-07,1878.21,6,6000000,0.09,2.1,17518.508,1254.0,6.3,0.0
2014-05-08,1875.63,5,5000000,0.09,2.1,17518.508,1254.0,6.3,0.0
2014-05-09,1878.48,3,3000000,0.09,2.1,17518.508,1254.0,6.3,0.0
2014-05-12,1896.65,3,3000000,0.09,2.1,17518.508,1254.0,6.3,0.0
2014-05-13,1897.45,4,4000000,0.09,2.1,17518.508,1254.0,6.3,0.0
2014-05-14,1888.53,4,4000000,0.09,2.1,17518.508,1254.0,6.3,0.0
2014-05-15,1870.85,5,5000000,0.09,2.1,17518.508,1254.0,6.3,0.0
2014-05-19,1885.08,5,5000000,0.09,2.1,17518.508,1254.0,6.3,0.0
2014-05-20,1872.83,2,2000000,0.09,2.1,17518.508,1254.0,6.3,0.0
2014-05-21,1888.03,1,1000000,0.09,2.1,17518.508,1254.0,6.3,0.0
2014-05-22,1892.49,3,3000000,0.09,2.1,17518.508,1254.0,6.3,0.0
2014-05-23,1900.53,7,7000000,0.09,2.1,17518.508,1254.0,6.3,0.0
2014-05-27,1911.91,4,4000000,0.09,2.1,17518.508,1254.0,6.3,0.0
2014-05-28,1909.78,3,3000000,0.09,2.1,17518.508,1254.0,6.3,0.0
2014-05-29,1920.03,6,6000000,0.09,2.1,17518.508,1254.0,6.3,0.0
2014-05-30,1923.57,3,3000000,0.09,2.1,17518.508,1254.0,6.3,0.0
2014-06-02,1924.97,6,6000000,0.1,2.1,17518.508,1313.0,6.1,0.0
2014-06-03,1924.24,3,3000000,0.1,2.1,17518.508,1313.0,6.1,0.0
2014-06-04,1927.88,1,1000000,0.1,2.1,17518.508,1313.0,6.1,0.0
2014-06-05,1940.46,4,4000000,0.1,2.1,17518.508,1313.0,6.1,0.0
2014-06-06,1949.44,7,7000000,0.1,2.1,17518.508,1313.0,6.1,0.0
2014-06-09,1951.27,3,3000000,0.1,2.1,17518.508,1313.0,6.1,0.0
2014-06-10,1950.79,4,4000000,0.1,2.1,17518.508,1313.0,6.1,0.0
2014-06-11,1943.89,3,3000000,0.1,2.1,17518.508,1313.0,6.1,0.0
2014-06-12,1930.11,4,4000000,0.1,2.1,17518.508,1313.0,6.1,0.0
2014-06-13,1936.16,3,3000000,0.1,2.1,17518.508,1313.0,6.1,0.0
2014-06-16,1937.78,4,4000000,0.1,2.1,17518.508,1313.0,6.1,0.0
2014-06-17,1941.99,2,2000000,0.1,2.1,17518.508,1313.0,6.1,0.0
2014-06-18,1956.98,5,5000000,0.1,2.1,17518.508,1313.0,6.1,0.0
2014-06-19,1959.48,5,5000000,0.1,2.1,17518.508,1313.0,6.1,0.0
2014-06-20,1962.87,6,6000000,0.1,2.1,17518.508,1313.0,6.1,0.0
2014-06-23,1962.61,2,2000000,0.1,2.1,17518.508,1313.0,6.1,0.0
2014-06-24,1949.98,4,4000000,0.1,2.1,17518.508,1313.0,6.1,0.0
2014-06-25,1959.53,3,3000000,0.1,2.1,17518.508,1313.0,6.1,0.0
2014-06-26,1957.22,2,2000000,0.1,2.1,17518.508,1313.0,6.1,0.0
2014-06-27,1960.96,2,2000000,0.1,2.1,17518.508,1313.0,6.1,0.0
2014-06-30,1960.23,1,1000000,0.1,2.1,17518.508,1313.0,6.1,0.0
2014-07-01,1973.32,4,4000000,0.09,2.0,17804.228,1295.0,6.2,0.0
2014-07-02,1974.62,5,5000000,0.09,2.0,17804.228,1295.0,6.2,0.0
2014-07-03,1985.44,5,5000000,0.09,2.0,17804.228,1295.0,6.2,0.0
2014-07-07,1977.65,1,1000000,0.09,2.0,17804.228,1295.0,6.2,0.0
2014-07-08,1963.71,5,5000000,0.09,2.0,17804.228,1295.0,6.2,0.0
2014-07-09,1972.83,2,2000000,0.09,2.0,17804.228,1295.0,6.2,0.0
2014-07-10,1964.68,3,3000000,0.09,2.0,17804.228,1295.0,6.2,0.0
2014-07-11,1967.57,2,2000000,0.09,2.0,17804.228,1295.0,6.2,0.0
2014-07-14,1977.1,5,5000000,0.09,2.0,17804.228,1295.0,6.2,0.0
2014-07-15,1973.28,8,8000000,0.09,2.0,17804.228,1295.0,6.2,0.0
2014-07-16,1981.57,4,4000000,0.09,2.0,17804.228,1295.0,6.2,0.0
2014-07-17,1958.12,5,5000000,0.09,2.0,17804.228,1295.0,6.2,0.0
2014-07-18,1978.22,1,1000000,0.09,2.0,17804.228,1295.0,6.2,0.0
2014-07-21,1973.63,5,5000000,0.09,2.0,17804.228,1295.0,6.2,0.0
2014-07-22,1983.53,5,5000000,0.09,2.0,17804.228,1295.0,6.2,0.0
2014-07-23,1987.01,1,1000000,0.09,2.0,17804.228,1295.0,6.2,0.0
2014-07-24,1987.98,1,1000000,0.09,2.0,17804.228,1295.0,6.2,0.0
2014-07-25,1978.34,2,2000000,0.09,2.0,17804.228,1295.0,6.2,0.0
2014-07-28,1978.91,1,1000000,0.09,2.0,17804.228,1295.0,6.2,0.0
2014-07-29,1969.95,3,3000000,0.09,2.0,17804.228,1295.0,6.2,0.0
2014-07-30,1970.07,2,2000000,0.09,2.0,17804.228,1295.0,6.2,0.0
2014-07-31,1930.67,4,4000000,0.09,2.0,17804.228,1295.0,6.2,0.0
2014-08-01,1925.15,5,5000000,0.09,1.7,17804.228,1285.75,6.1,0.0
2014-08-04,1938.99,1,1000000,0.09,1.7,17804.228,1285.75,6.1,0.0
2014-08-05,1920.21,6,6000000,0.09,1.7,17804.228,1285.75,6.1,0.0
2014-08-06,1920.24,1,1000000,0.09,1.7,17804.228,1285.75,6.1,0.0
2014-08-07,1909.57,5,5000000,0.09,1.7,17804.228,1285.75,6.1,0.0
2014-08-08,1931.59,4,4000000,0.09,1.7,17804.228,1285.75,6.1,0.0
2014-08-11,1936.92,2,2000000,0.09,1.7,17804.228,1285.75,6.1,0.0
2014-08-12,1933.75,2,2000000,0.09,1.7,17804.228,1285.75,6.1,0.0
2014-08-13,1946.72,5,5000000,0.09,1.7,17804.228,1285.75,6.1,0.0
2014-08-14,1955.18,6,6000000,0.09,1.7,17804.228,1285.75,6.1,0.0
2014-08-15,1955.06,3,3000000,0.09,1.7,17804.228,1285.75,6.1,0.0
2014-08-18,1971.74,4,4000000,0.09,1.7,17804.228,1285.75,6.1,0.0
2014-08-19,1981.6,6,6000000,0.09,1.7,17804.228,1285.75,6.1,0.0
2014-08-20,1986.51,3,3000000,0.09,1.7,17804.228,1285.75,6.1,0.0
2014-08-21,1992.37,2,2000000,0.09,1.7,17804.228,1285.75,6.1,0.0
2014-08-22,1988.4,3,3000000,0.09,1.7,17804.228,1285.75,6.1,0.0
2014-08-25,1997.92,3,3000000,0.09,1.7,17804.228,1285.75,6.1,0.0
2014-08-26,2000.02,5,5000000,0.09,1.7,17804.228,1285.75,6.1,0.0
2014-08-28,1996.74,6,6000000,0.09,1.7,17804.228,1285.75,6.1,0.0
2014-08-29,2003.37,4,4000000,0.09,1.7,17804.228,1285.75,6.1,0.0
2014-09-02,2002.28,4,4000000,0.09,1.7,17804.228,1210.0,5.9,0.0
2014-09-03,2000.72,3,3000000,0.09,1.7,17804.228,1210.0,5.9,0.0
2014-09-04,1997.65,2,2000000,0.09,1.7,17804.228,1210.0,5.9,0.0
2014-09-05,2007.71,3,3000000,0.09,1.7,17804.228,1210.0,5.9,0.0
2014-09-08,2001.54,5,5000000,0.09,1.7,17804.228,1210.0,5.9,0.0
2014-09-09,1988.44,5,5000000,0.09,1.7,17804.228,1210.0,5.9,0.0
2014-09-10,1995.69,1,1000000,0.09,1.7,17804.228,1210.0,5.9,0.0
2014-09-11,1997.45,5,5000000,0.09,1.7,17804.228,1210.0,5.9,0.0
2014-09-12,1985.54,4,4000000,0.09,1.7,17804.228,1210.0,5.9,0.0
2014-09-15,1984.13,1,1000000,0.09,1.7,17804.228,1210.0,5.9,0.0
2014-09-16,1998.98,7,7000000,0.09,1.7,17804.228,1210.0,5.9,0.0
2014-09-17,2001.57,4,4000000,0.09,1.7,17804.228,1210.0,5.9,0.0
2014-09-18,2011.36,5,5000000,0.09,1.7,17804.228,1210.0,5.9,0.0
2014-09-19,2010.4,3,3000000,0.09,1.7,17804.228,1210.0,5.9,0.0
2014-09-23,1982.77,4,4000000,0.09,1.7,17804.228,1210.0,5.9,0.0
2014-09-24,1998.3,1,1000000,0.09,1.7,17804.228,1210.0,5.9,0.0
2014-09-25,1965.99,3,3000000,0.09,1.7,17804.228,1210.0,5.9,0.0
2014-09-26,1982.85,3,3000000,0.09,1.7,17804.228,1210.0,5.9,0.0
2014-09-29,1977.8,2,2000000,0.09,1.7,17804.228,1210.0,5.9,0.0
2014-09-30,1972.29,6,6000000,0.09,1.7,17804.228,1210.0,5.9,0.0
2014-10-01,1946.16,4,4000000,0.09,1.7,17912.079,1173.25,5.7,0.0
2014-10-02,1946.17,6,6000000,0.09,1.7,17912.079,1173.25,5.7,0.0
2014-10-03,1967.9,2,2000000,0.09,1.7,17912.079,1173.25,5.7,0.0
2014-10-06,1964.82,4,4000000,0.09,1.7,17912.079,1173.25,5.7,0.0
2014-10-07,1935.1,3,3000000,0.09,1.7,17912.079,1173.25,5.7,0.0
2014-10-08,1968.89,3,3000000,0.09,1.7,17912.079,1173.25,5.7,0.0
2014-10-09,1928.21,5,5000000,0.09,1.7,17912.079,1173.25,5.7,0.0
2014-10-10,1906.13,3,3000000,0.09,1.7,17912.079,1173.25,5.7,0.0
2014-10-13,1874.74,2,2000000,0.09,1.7,17912.079,1173.25,5.7,0.0
2014-10-14,1877.7,6,6000000,0.09,1.7,17912.079,1173.25,5.7,0.0
2014-10-15,1862.49,8,8000000,0.09,1.7,17912.079,1173.25,5.7,0.0
2014-10-17,1886.76,1,1000000,0.09,1.7,17912.079,1173.25,5.7,0.0
2014-10-20,1904.01,3,3000000,0.09,1.7,17912.079,1173.25,5.7,0.0
2014-10-21,1941.28,4,4000000,0.09,1.7,17912.079,1173.25,5.7,0.0
2014-10-22,1927.11,3,3000000,0.09,1.7,17912.079,1173.25,5.7,0.0
2014-10-23,1950.82,7,7000000,0.09,1.7,17912.079,1173.25,5.7,0.0
2014-10-24,1964.58,2,2000000,0.09,1.7,17912.079,1173.25,5.7,0.0
2014-10-27,1961.63,3,3000000,0.09,1.7,17912.079,1173.25,5.7,0.0
2014-10-28,1985.05,3,3000000,0.09,1.7,17912.079,1173.25,5.7,0.0
2014-10-29,1982.3,3,3000000,0.09,1.7,17912.079,1173.25,5.7,0.0
2014-10-30,1994.65,2,2000000,0.09,1.7,17912.079,1173.25,5.7,0.0
2014-10-31,2018.05,1,1000000,0.09,1.7,17912.079,1173.25,5.7,0.0
2014-11-03,2017.81,3,3000000,0.09,1.3,17912.079,1184.5,5.8,0.0
2014-11-04,2012.1,2,2000000,0.09,1.3,17912.079,1184.5,5.8,0.0
2014-11-05,2023.57,4,4000000,0.09,1.3,17912.079,1184.5,5.8,0.0
2014-11-06,2031.21,4,4000000,0.09,1.3,17912.079,1184.5,5.8,0.0
2014-11-07,2031.92,2,2000000,0.09,1.3,17912.079,1184.5,5.8,0.0
2014-11-10,2038.26,4,4000000,0.09,1.3,17912.079,1184.5,5.8,0.0
2014-11-11,2039.68,3,3000000,0.09,1.3,17912.079,1184.5,5.8,0.0
2014-11-12,2038.25,3,3000000,0.09,1.3,17912.079,1184.5,5.8,0.0
2014-11-13,2039.33,7,7000000,0.09,1.3,17912.079,1184.5,5.8,0.0
2014-11-14,2039.82,4,4000000,0.09,1.3,17912.079,1184.5,5.8,0.0
2014-11-17,2041.32,1,1000000,0.09,1.3,17912.079,1184.5,5.8,0.0
2014-11-18,2051.8,3,3000000,0.09,1.3,17912.079,1184.5,5.8,0.0
2014-11-19,2048.72,1,1000000,0.09,1.3,17912.079,1184.5,5.8,0.0
2014-11-20,2052.75,8,8000000,0.09,1.3,17912.079,1184.5,5.8,0.0
2014-11-21,2063.5,3,3000000,0.09,1.3,17912.079,1184.5,5.8,0.0
2014-11-24,2069.41,3,3000000,0.09,1.3,17912.079,1184.5,5.8,0.0
2014-11-25,2067.03,1,1000000,0.09,1.3,17912.079,1184.5,5.8,0.0
2014-11-26,2072.83,3,3000000,0.09,1.3,17912.079,1184.5,5.8,0.0
2014-11-28,2067.56,4,4000000,0.09,1.3,17912.079,1184.5,5.8,0.0
2014-12-01,2053.44,5,5000000,0.12,0.8,17912.079,1199.25,5.6,0.0
2014-12-02,2066.55,3,3000000,0.12,0.8,17912.079,1199.25,5.6,0.0
2014-12-03,2074.33,6,6000000,0.12,0.8,17912.079,1199.25,5.6,0.0
2014-12-04,2071.92,4,4000000,0.12,0.8,17912.079,1199.25,5.6,0.0
2014-12-05,2075.37,3,3000000,0.12,0.8,17912.079,1199.25,5.6,0.0
2014-12-08,2060.31,2,2000000,0.12,0.8,17912.079,1199.25,5.6,0.0
2014-12-09,2059.82,4,4000000,0.12,0.8,17912.079,1199.25,5.6,0.0
2014-12-10,2026.14,6,6000000,0.12,0.8,17912.079,1199.25,5.6,0.0
2014-12-11,2035.33,5,5000000,0.12,0.8,17912.079,1199.25,5.6,0.0
2014-12-12,2002.33,3,3000000,0.12,0.8,17912.079,1199.25,5.6,0.0
2014-12-15,1989.63,2,2000000,0.12,0.8,17912.079,1199.25,5.6,0.0
2014-12-16,1972.74,2,2000000,0.12,0.8,17912.079,1199.25,5.6,0.0
2014-12-17,2012.89,3,3000000,0.12,0.8,17912.079,1199.25,5.6,0.0
2014-12-18,2061.23,5,5000000,0.12,0.8,17912.079,1199.25,5.6,0.0
2014-12-19,2070.65,4,4000000,0.12,0.8,17912.079,1199.25,5.6,0.0
2014-12-22,2078.54,2,2000000,0.12,0.8,17912.079,1199.25,5.6,0.0
2014-12-23,2082.17,5,5000000,0.12,0.8,17912.079,1199.25,5.6,0.0
2014-12-26,2088.77,3,3000000,0.12,0.8,17912.079,1199.25,5.6,0.0
2014-12-29,2090.57,1,1000000,0.12,0.8,17912.079,1199.25,5.6,0.0
2014-12-30,2080.35,3,3000000,0.12,0.8,17912.079,1199.25,5.6,0.0
2014-12-31,2058.9,7,7000000,0.12,0.8,17912.079,1199.25,5.6,0.0
2015-01-02,2058.2,4,4000000,0.11,-0.1,18063.529,1263.5,5.7,0.0
2015-01-05,2020.58,2,2000000,0.11,-0.1,18063.529,1263.5,5.7,0.0
2015-01-06,2002.61,4,4000000,0.11,-0.1,18063.529,1263.5,5.7,0.0
2015-01-07,2025.9,3,3000000,0.11,-0.1,18063.529,1263.5,5.7,0.0
2015-01-08,2062.14,4,4000000,0.11,-0.1,18063.529,1263.5,5.7,0.0
2015-01-09,2044.81,3,3000000,0.11,-0.1,18063.529,1263.5,5.7,0.0
2015-01-12,2028.26,1,1000000,0.11,-0.1,18063.529,1263.5,5.7,0.0
2015-01-13,2023.03,9,9000000,0.11,-0.1,18063.529,1263.5,5.7,0.0
2015-01-14,2011.27,5,5000000,0.11,-0.1,18063.529,1263.5,5.7,0.0
2015-01-15,1992.67,6,6000000,0.11,-0.1,18063.529,1263.5,5.7,0.0
2015-01-16,2019.42,3,3000000,0.11,-0.1,18063.529,1263.5,5.7,0.0
2015-01-20,2022.55,5,5000000,0.11,-0.1,18063.529,1263.5,5.7,0.0
2015-01-21,2032.12,2,2000000,0.11,-0.1,18063.529,1263.5,5.7,0.0
2015-01-22,2063.15,2,2000000,0.11,-0.1,18063.529,1263.5,5.7,0.0
2015-01-23,2051.82,1,1000000,0.11,-0.1,18063.529,1263.5,5.7,0.0
2015-01-26,2057.09,1,1000000,0.11,-0.1,18063.529,1263.5,5.7,0.0
2015-01-27,2029.55,2,2000000,0.11,-0.1,18063.529,1263.5,5.7,0.0
2015-01-28,2002.16,2,2000000,0.11,-0.1,18063.529,1263.5,5.7,0.0
2015-01-29,2021.25,4,4000000,0.11,-0.1,18063.529,1263.5,5.7,0.0
2015-01-30,1994.99,4,4000000,0.11,-0.1,18063.529,1263.5,5.7,0.0
2015-02-02,2020.85,2,2000000,0.11,0.0,18063.529,1205.0,5.5,0.0
2015-02-03,2050.03,6,6000000,0.11,0.0,18063.529,1205.0,5.5,0.0
2015-02-04,2041.51,5,5000000,0.11,0.0,18063.529,1205.0,5.5,0.0
2015-02-05,2062.52,6,6000000,0.11,0.0,18063.529,1205.0,5.5,0.0
2015-02-06,2055.47,5,5000000,0.11,0.0,18063.529,1205.0,5.5,0.0
2015-02-09,2046.74,2,2000000,0.11,0.0,18063.529,1205.0,5.5,0.0
2015-02-10,2068.59,6,6000000,0.11,0.0,18063.529,1205.0,5.5,0.0
2015-02-11,2068.53,3,3000000,0.11,0.0,18063.529,1205.0,5.5,0.0
2015-02-12,2088.48,2,2000000,0.11,0.0,18063.529,1205.0,5.5,0.0
2015-02-13,2096.99,6,6000000,0.11,0.0,18063.529,1205.0,5.5,0.0
2015-02-17,2100.34,1,1000000,0.11,0.0,18063.529,1205.0,5.5,0.0
2015-02-18,2099.68,5,5000000,0.11,0.0,18063.529,1205.0,5.5,0.0
2015-02-19,2097.45,5,5000000,0.11,0.0,18063.529,1205.0,5.5,0.0
2015-02-20,2110.3,2,2000000,0.11,0.0,18063.529,1205.0,5.5,0.0
2015-02-24,2115.48,4,4000000,0.11,0.0,18063.529,1205.0,5.5,0.0
2015-02-25,2113.86,6,6000000,0.11,0.0,18063.529,1205.0,5.5,0.0
2015-02-26,2110.74,2,2000000,0.11,0.0,18063.529,1205.0,5.5,0.0
2015-03-02,2117.39,1,1000000,0.11,-0.1,18063.529,1179.25,5.4,0.0
2015-03-03,2107.78,1,1000000,0.11,-0.1,18063.529,1179.25,5.4,0.0
2015-03-04,2098.53,3,3000000,0.11,-0.1,18063.529,1179.25,5.4,0.0
2015-03-05,2101.04,1,1000000,0.11,-0.1,18063.529,1179.25,5.4,0.0
2015-03-06,2071.26,1,1000000,0.11,-0.1,18063.529,1179.25,5.4,0.0
2015-03-09,2079.43,2,2000000,0.11,-0.1,18063.529,1179.25,5.4,0.0
2015-03-10,2044.16,4,4000000,0.11,-0.1,18063.529,1179.25,5.4,0.0
2015-03-11,2040.24,3,3000000,0.11,-0.1,18063.529,1179.25,5.4,0.0
2015-03-12,2065.95,3,3000000,0.11,-0.1,18063.529,1179.25,5.4,0.0
2015-03-13,2053.4,3,3000000,0.11,-0.1,18063.529,1179.25,5.4,0.0
2015-03-16,2081.19,5,5000000,0.11,-0.1,18063.529,1179.25,5.4,0.0
2015-03-17,2074.28,5,5000000,0.11,-0.1,18063.529,1179.25,5.4,0.0
2015-03-18,2099.5,1,1000000,0.11,-0.1,18063.529,1179.25,5.4,0.0
2015-03-19,2089.27,6,6000000,0.11,-0.1,18063.529,1179.25,5.4,0.0
2015-03-23,2104.42,6,6000000,0.11,-0.1,18063.529,1179.25,5.4,0.0
2015-03-24,2091.5,4,4000000,0.11,-0.1,18063.529,1179.25,5.4,0.0
2015-03-25,2061.05,2,2000000,0.11,-0.1,18063.529,1179.25,5.4,0.0
2015-03-26,2056.15,2,2000000,0.11,-0.1,18063.529,1179.25,5.4,0.0
2015-03-27,2061.02,4,4000000,0.11,-0.1,18063.529,1179.25,5.4,0.0
2015-03-30,2086.24,3,3000000,0.11,-0.1,18063.529,1179.25,5.4,0.0
2015-04-01,2059.69,4,4000000,0.12,-0.2,18279.784,1204.3,5.4,0.0
2015-04-02,2066.96,4,4000000,0.12,-0.2,18279.784,1204.3,5.4,0.0
2015-04-06,2080.62,4,4000000,0.12,-0.2,18279.784,1204.3,5.4,0.0
2015-04-07,2076.33,1,1000000,0.12,-0.2,18279.784,1204.3,5.4,0.0
2015-04-08,2081.9,4,4000000,0.12,-0.2,18279.784,1204.3,5.4,0.0
2015-04-09,2091.18,5,5000000,0.12,-0.2,18279.784,1204.3,5.4,0.0
2015-04-13,2092.43,1,1000000,0.12,-0.2,18279.784,1204.3,5.4,0.0
2015-04-14,2095.84,3,3000000,0.12,-0.2,18279.784,1204.3,5.4,0.0
2015-04-15,2106.63,3,3000000,0.12,-0.2,18279.784,1204.3,5.4,0.0
2015-04-16,2104.99,4,4000000,0.12,-0.2,18279.784,1204.3,5.4,0.0
2015-04-17,2081.18,3,3000000,0.12,-0.2,18279.784,1204.3,5.4,0.0
2015-04-20,2100.4,2,2000000,0.12,-0.2,18279.784,1204.3,5.4,0.0
2015-04-21,2097.29,5,5000000,0.12,-0.2,18279.784,1204.3,5.4,0.0
2015-04-22,2107.96,1,1000000,0.12,-0.2,18279.784,1204.3,5.4,0.0
2015-04-23,2112.93,3,3000000,0.12,-0.2,18279.784,1204.3,5.4,0.0
2015-04-24,2117.69,8,8000000,0.12,-0.2,18279.784,1204.3,5.4,0.0
2015-04-27,2108.92,2,2000000,0.12,-0.2,18279.784,1204.3,5.4,0.0
2015-04-28,2114.76,4,4000000,0.12,-0.2,18279.784,1204.3,5.4,0.0
2015-04-29,2106.85,4,4000000,0.12,-0.2,18279.784,1204.3,5.4,0.0
2015-04-30,2085.51,5,5000000,0.12,-0.2,18279.784,1204.3,5.4,0.0
2015-05-01,2108.29,3,3000000,0.12,0.0,18279.784,1189.8,5.6,0.0
2015-05-04,2114.49,2,2000000,0.12,0.0,18279.784,1189.8,5.6,0.0
2015-05-05,2089.46,2,2000000,0.12,0.0,18279.784,1189.8,5.6,0.0
2015-05-06,2080.15,6,6000000,0.12,0.0,18279.784,1189.8,5.6,0.0
2015-05-07,2088.0,4,4000000,0.12,0.0,18279.784,1189.8,5.6,0.0
2015-05-08,2116.1,2,2000000,0.12,0.0,18279.784,1189.8,5.6,0.0
2015-05-11,2105.33,2,2000000,0.12,0.0,18279.784,1189.8,5.6,0.0
2015-05-12,2099.12,2,2000000,0.12,0.0,18279.784,1189.8,5.6,0.0
2015-05-13,2098.48,3,3000000,0.12,0.0,18279.784,1189.8,5.6,0.0
2015-05-14,2121.1,6,6000000,0.12,0.0,18279.784,1189.8,5.6,0.0
2015-05-15,2122.73,3,3000000,0.12,0.0,18279.784,1189.8,5.6,0.0
2015-05-18,2129.2,3,3000000,0.12,0.0,18279.784,1189.8,5.6,0.0
2015-05-19,2127.83,3,3000000,0.12,0.0,18279.784,1189.8,5.6,0.0
2015-05-20,2125.85,3,3000000,0.12,0.0,18279.784,1189.8,5.6,0.0
2015-05-21,2130.82,6,6000000,0.12,0.0,18279.784,1189.8,5.6,0.0
2015-05-22,2126.06,4,4000000,0.12,0.0,18279.784,1189.8,5.6,0.0
2015-05-26,2104.2,3,3000000,0.12,0.0,18279.784,1189.8,5.6,0.0
2015-05-27,2123.48,2,2000000,0.12,0.0,18279.784,1189.8,5.6,0.0
2015-05-28,2120.79,1,1000000,0.12,0.0,18279.784,1189.8,5.6,0.0
2015-05-29,2107.39,2,2000000,0.12,0.0,18279.784,1189.8,5.6,0.0
2015-06-01,2111.73,6,6000000,0.13,0.1,18279.784,1171.8,5.3,0.0
2015-06-02,2109.6,4,4000000,0.13,0.1,18279.784,1171.8,5.3,0.0
2015-06-03,2114.07,3,3000000,0.13,0.1,18279.784,1171.8,5.3,0.0
2015-06-04,2095.84,2,2000000,0.13,0.1,18279.784,1171.8,5.3,0.0
2015-06-05,2092.83,4,4000000,0.13,0.1,18279.784,1171.8,5.3,0.0
2015-06-08,2079.28,2,2000000,0.13,0.1,18279.784,1171.8,5.3,0.0
2015-06-09,2080.15,5,5000000,0.13,0.1,18279.784,1171.8,5.3,0.0
2015-06-10,2105.2,4,4000000,0.13,0.1,18279.784,1171.8,5.3,0.0
2015-06-11,2108.86,4,4000000,0.13,0.1,18279.784,1171.8,5.3,0.0
2015-06-12,2094.11,2,2000000,0.13,0.1,18279.784,1171.8,5.3,0.0
2015-06-15,2084.43,2,2000000,0.13,0.1,18279.784,1171.8,5.3,0.0
2015-06-16,2096.29,6,6000000,0.13,0.1,18279.784,1171.8,5.3,0.0
2015-06-17,2100.44,2,2000000,0.13,0.1,18279.784,1171.8,5.3,0.0
2015-06-18,2121.24,3,3000000,0.13,0.1,18279.784,1171.8,5.3,0.0
2015-06-19,2109.99,5,5000000,0.13,0.1,18279.784,1171.8,5.3,0.0
2015-06-22,2122.85,3,3000000,0.13,0.1,18279.784,1171.8,5.3,0.0
2015-06-23,2124.2,4,4000000,0.13,0.1,18279.784,1171.8,5.3,0.0
2015-06-24,2108.58,8,8000000,0.13,0.1,18279.784,1171.8,5.3,0.0
2015-06-25,2102.31,3,3000000,0.13,0.1,18279.784,1171.8,5.3,0.0
2015-06-26,2101.49,3,3000000,0.13,0.1,18279.784,1171.8,5.3,0.0
2015-06-29,2057.64,3,3000000,0.13,0.1,18279.784,1171.8,5.3,0.0
2015-06-30,2063.11,3,3000000,0.13,0.1,18279.784,1171.8,5.3,0.0
2015-07-01,2077.42,6,6000000,0.13,0.2,18401.626,1095.1,5.2,0.0
2015-07-02,2076.78,3,3000000,0.13,0.2,18401.626,1095.1,5.2,0.0
2015-07-06,2068.76,3,3000000,0.13,0.2,18401.626,1095.1,5.2,0.0
2015-07-07,2081.34,2,2000000,0.13,0.2,18401.626,1095.1,5.2,0.0
2015-07-08,2046.68,2,2000000,0.13,0.2,18401.626,1095.1,5.2,0.0
2015-07-09,2051.31,2,2000000,0.13,0.2,18401.626,1095.1,5.2,0.0
2015-07-10,2076.62,6,6000000,0.13,0.2,18401.626,1095.1,5.2,0.0
2015-07-13,2099.6,3,3000000,0.13,0.2,18401.626,1095.1,5.2,0.0
2015-07-14,2108.95,3,3000000,0.13,0.2,18401.626,1095.1,5.2,0.0
2015-07-15,2107.4,3,3000000,0.13,0.2,18401.626,1095.1,5.2,0.0
2015-07-16,2124.29,2,2000000,0.13,0.2,18401.626,1095.1,5.2,0.0
2015-07-17,2126.64,2,2000000,0.13,0.2,18401.626,1095.1,5.2,0.0
2015-07-20,2128.28,3,3000000,0.13,0.2,18401.626,1095.1,5.2,0.0
2015-07-21,2119.21,2,2000000,0.13,0.2,18401.626,1095.1,5.2,0.0
2015-07-22,2114.15,4,4000000,0.13,0.2,18401.626,1095.1,5.2,0.0
2015-07-23,2102.15,2,2000000,0.13,0.2,18401.626,1095.1,5.2,0.0
2015-07-24,2079.65,4,4000000,0.13,0.2,18401.626,1095.1,5.2,0.0
2015-07-27,2067.64,2,2000000,0.13,0.2,18401.626,1095.1,5.2,0.0
2015-07-28,2093.25,3,3000000,0.13,0.2,18401.626,1095.1,5.2,0.0
2015-07-29,2108.57,5,5000000,0.13,0.2,18401.626,1095.1,5.2,0.0
2015-07-30,2108.63,3,3000000,0.13,0.2,18401.626,1095.1,5.2,0.0
2015-07-31,2103.84,5,5000000,0.13,0.2,18401.626,1095.1,5.2,0.0
2015-08-03,2098.04,2,2000000,0.14,0.2,18401.626,1132.5,5.1,0.0
2015-08-04,2093.32,3,3000000,0.14,0.2,18401.626,1132.5,5.1,0.0
2015-08-05,2099.84,5,5000000,0.14,0.2,18401.626,1132.5,5.1,0.0
2015-08-06,2083.56,1,1000000,0.14,0.2,18401.626,1132.5,5.1,0.0
2015-08-07,2077.57,3,3000000,0.14,0.2,18401.626,1132.5,5.1,0.0
2015-08-10,2104.18,3,3000000,0.14,0.2,18401.626,1132.5,5.1,0.0
2015-08-11,2084.07,4,4000000,0.14,0.2,18401.626,1132.5,5.1,0.0
2015-08-12,2086.05,4,4000000,0.14,0.2,18401.626,1132.5,5.1,0.0
2015-08-13,2083.39,4,4000000,0.14,0.2,18401.626,1132.5,5.1,0.0
2015-08-14,2091.54,5,5000000,0.14,0.2,18401.626,1132.5,5.1,0.0
2015-08-17,2102.44,1,1000000,0.14,0.2,18401.626,1132.5,5.1,0.0
2015-08-19,2079.61,2,2000000,0.14,0.2,18401.626,1132.5,5.1,0.0
2015-08-20,2035.73,2,2000000,0.14,0.2,18401.626,1132.5,5.1,0.0
2015-08-21,1970.89,3,3000000,0.14,0.2,18401.626,1132.5,5.1,0.0
2015-08-24,1893.21,8,8000000,0.14,0.2,18401.626,1132.5,5.1,0.0
2015-08-25,1867.61,7,7000000,0.14,0.2,18401.626,1132.5,5.1,0.0
2015-08-26,1940.51,5,5000000,0.14,0.2,18401.626,1132.5,5.1,0.0
2015-08-28,1988.87,4,4000000,0.14,0.2,18401.626,1132.5,5.1,0.0
2015-08-31,1972.18,3,3000000,0.14,0.2,18401.626,1132.5,5.1,0.0
2015-09-01,1913.85,3,3000000,0.14,0.0,18401.626,1115.2,5.0,0.0
2015-09-02,1948.86,2,2000000,0.14,0.0,18401.626,1115.2,5.0,0.0
2015-09-03,1951.13,3,3000000,0.14,0.0,18401.626,1115.2,5.0,0.0
2015-09-04,1921.22,3,3000000,0.14,0.0,18401.626,1115.2,5.0,0.0
2015-09-08,1969.41,4,4000000,0.14,0.0,18401.626,1115.2,5.0,0.0
2015-09-09,1942.04,3,3000000,0.14,0.0,18401.626,1115.2,5.0,0.0
2015-09-10,1952.29,1,1000000,0.14,0.0,18401.626,1115.2,5.0,0.0
2015-09-11,1961.05,3,3000000,0.14,0.0,18401.626,1115.2,5.0,0.0
2015-09-14,1953.03,3,3000000,0.14,0.0,18401.626,1115.2,5.0,0.0
2015-09-15,1978.09,5,5000000,0.14,0.0,18401.626,1115.2,5.0,0.0
2015-09-16,1995.31,2,2000000,0.14,0.0,18401.626,1115.2,5.0,0.0
2015-09-17,1990.2,3,3000000,0.14,0.0,18401.626,1115.2,5.0,0.0
2015-09-18,1958.03,2,2000000,0.14,0.0,18401.626,1115.2,5.0,0.0
2015-09-21,1966.97,5,5000000,0.14,0.0,18401.626,1115.2,5.0,0.0
2015-09-22,1942.74,2,2000000,0.14,0.0,18401.626,1115.2,5.0,0.0
2015-09-23,1938.76,4,4000000,0.14,0.0,18401.626,1115.2,5.0,0.0
2015-09-24,1932.24,4,4000000,0.14,0.0,18401.626,1115.2,5.0,0.0
2015-09-25,1931.34,4,4000000,0.14,0.0,18401.626,1115.2,5.0,0.0
2015-09-29,1884.09,3,3000000,0.14,0.0,18401.626,1115.2,5.0,0.0
2015-09-30,1920.03,1,1000000,0.14,0.0,18401.626,1115.2,5.0,0.0
2015-10-01,1923.82,4,4000000,0.12,0.2,18435.137,1141.4,5.0,0.0
2015-10-02,1951.36,2,2000000,0.12,0.2,18435.137,1141.4,5.0,0.0
2015-10-05,1987.05,1,1000000,0.12,0.2,18435.137,1141.4,5.0,0.0
2015-10-06,1979.92,7,7000000,0.12,0.2,18435.137,1141.4,5.0,0.0
2015-10-07,1995.83,4,4000000,0.12,0.2,18435.137,1141.4,5.0,0.0
2015-10-08,2013.43,4,4000000,0.12,0.2,18435.137,1141.4,5.0,0.0
2015-10-09,2014.89,1,1000000,0.12,0.2,18435.137,1141.4,5.0,0.0
2015-10-12,2017.46,3,3000000,0.12,0.2,18435.137,1141.4,5.0,0.0
2015-10-13,2003.69,3,3000000,0.12,0.2,18435.137,1141.4,5.0,0.0
2015-10-14,1994.24,6,6000000,0.12,0.2,18435.137,1141.4,5.0,0.0
2015-10-15,2023.86,3,3000000,0.12,0.2,18435.137,1141.4,5.0,0.0
2015-10-16,2033.11,4,4000000,0.12,0.2,18435.137,1141.4,5.0,0.0
2015-10-19,2033.66,3,3000000,0.12,0.2,18435.137,1141.4,5.0,0.0
2015-10-20,2030.77,4,4000000,0.12,0.2,18435.137,1141.4,5.0,0.0
2015-10-21,2018.94,3,3000000,0.12,0.2,18435.137,1141.4,5.0,0.0
2015-10-22,2052.51,3,3000000,0.12,0.2,18435.137,1141.4,5.0,0.0
2015-10-23,2075.15,4,4000000,0.12,0.2,18435.137,1141.4,5.0,0.0
2015-10-26,2071.18,4,4000000,0.12,0.2,18435.137,1141.4,5.0,0.0
2015-10-27,2065.89,4,4000000,0.12,0.2,18435.137,1141.4,5.0,0.0
2015-10-28,2090.35,3,3000000,0.12,0.2,18435.137,1141.4,5.0,0.0
2015-10-29,2089.41,4,4000000,0.12,0.2,18435.137,1141.4,5.0,0.0
2015-10-30,2079.36,2,2000000,0.12,0.2,18435.137,1141.4,5.0,0.0
2015-11-02,2104.05,2,2000000,0.12,0.5,18435.137,1065.3,5.1,0.0
2015-11-03,2109.79,4,4000000,0.12,0.5,18435.137,1065.3,5.1,0.0
2015-11-04,2102.31,4,4000000,0.12,0.5,18435.137,1065.3,5.1,0.0
2015-11-05,2099.93,2,2000000,0.12,0.5,18435.137,1065.3,5.1,0.0
2015-11-06,2099.2,4,4000000,0.12,0.5,18435.137,1065.3,5.1,0.0
2015-11-09,2078.58,3,3000000,0.12,0.5,18435.137,1065.3,5.1,0.0
2015-11-10,2081.72,2,2000000,0.12,0.5,18435.137,1065.3,5.1,0.0
2015-11-11,2075.0,4,4000000,0.12,0.5,18435.137,1065.3,5.1,0.0
2015-11-12,2045.97,1,1000000,0.12,0.5,18435.137,1065.3,5.1,0.0
2015-11-13,2023.04,1,1000000,0.12,0.5,18435.137,1065.3,5.1,0.0
2015-11-16,2053.19,5,5000000,0.12,0.5,18435.137,1065.3,5.1,0.0
2015-11-17,2050.44,2,2000000,0.12,0.5,18435.137,1065.3,5.1,0.0
2015-11-18,2083.58,7,7000000,0.12,0.5,18435.137,1065.3,5.1,0.0
2015-11-19,2081.24,2,2000000,0.12,0.5,18435.137,1065.3,5.1,0.0
2015-11-20,2089.17,4,4000000,0.12,0.5,18435.137,1065.3,5.1,0.0
2015-11-23,2086.59,1,1000000,0.12,0.5,18435.137,1065.3,5.1,0.0
2015-11-24,2089.14,4,4000000,0.12,0.5,18435.137,1065.3,5.1,0.0
2015-11-25,2088.87,7,7000000,0.12,0.5,18435.137,1065.3,5.1,0.0
2015-11-27,2090.11,2,2000000,0.12,0.5,18435.137,1065.3,5.1,0.0
2015-11-30,2080.41,2,2000000,0.12,0.5,18435.137,1065.3,5.1,0.0
2015-12-01,2102.63,3,3000000,0.24,0.7,18435.137,1060.2,5.0,0.0
2015-12-02,2079.51,4,4000000,0.24,0.7,18435.137,1060.2,5.0,0.0
2015-12-03,2049.62,1,1000000,0.24,0.7,18435.137,1060.2,5.0,0.0
2015-12-04,2091.69,3,3000000,0.24,0.7,18435.137,1060.2,5.0,0.0
2015-12-07,2077.07,1,1000000,0.24,0.7,18435.137,1060.2,5.0,0.0
2015-12-08,2063.59,5,5000000,0.24,0.7,18435.137,1060.2,5.0,0.0
2015-12-09,2047.62,3,3000000,0.24,0.7,18435.137,1060.2,5.0,0.0
2015-12-10,2052.23,3,3000000,0.24,0.7,18435.137,1060.2,5.0,0.0
2015-12-11,2012.37,7,7000000,0.24,0.7,18435.137,1060.2,5.0,0.0
2015-12-14,2021.94,2,2000000,0.24,0.7,18435.137,1060.2,5.0,0.0
2015-12-15,2043.41,6,6000000,0.24,0.7,18435.137,1060.2,5.0,0.0
2015-12-16,2073.07,3,3000000,0.24,0.7,18435.137,1060.2,5.0,0.0
2015-12-17,2041.89,5,5000000,0.24,0.7,18435.137,1060.2,5.0,0.0
2015-12-18,2005.55,6,6000000,0.24,0.7,18435.137,1060.2,5.0,0.0
2015-12-21,2021.15,1,1000000,0.24,0.7,18435.137,1060.2,5.0,0.0
2015-12-22,2038.97,1,1000000,0.24,0.7,18435.137,1060.2,5.0,0.0
2015-12-23,2064.29,4,4000000,0.24,0.7,18435.137,1060.2,5.0,0.0
2015-12-24,2060.99,3,3000000,0.24,0.7,18435.137,1060.2,5.0,0.0
2015-12-28,2056.5,1,1000000,0.24,0.7,18435.137,1060.2,5.0,0.0
2015-12-30,2063.36,2,2000000,0.24,0.7,18435.137,1060.2,5.0,0.0
2015-12-31,2043.94,8,8000000,0.24,0.7,18435.137,1060.2,5.0,0.0
2016-01-04,2012.66,2,2000000,0.34,1.4,18525.933,1116.4,4.8,0.0
2016-01-05,2016.71,4,4000000,0.34,1.4,18525.933,1116.4,4.8,0.0
2016-01-06,1990.26,3,3000000,0.34,1.4,18525.933,1116.4,4.8,0.0
2016-01-07,1943.09,4,4000000,0.34,1.4,18525.933,1116.4,4.8,0.0
2016-01-08,1922.03,5,5000000,0.34,1.4,18525.933,1116.4,4.8,0.0
2016-01-11,1923.67,3,3000000,0.34,1.4,18525.933,1116.4,4.8,0.0
2016-01-12,1938.68,3,3000000,0.34,1.4,18525.933,1116.4,4.8,0.0
2016-01-13,1890.28,5,5000000,0.34,1.4,18525.933,1116.4,4.8,0.0
2016-01-14,1921.84,7,7000000,0.34,1.4,18525.933,1116.4,4.8,0.0
2016-01-15,1880.33,3,3000000,0.34,1.4,18525.933,1116.4,4.8,0.0
2016-01-19,1881.33,1,1000000,0.34,1.4,18525.933,1116.4,4.8,0.0
2016-01-20,1859.33,7,7000000,0.34,1.4,18525.933,1116.4,4.8,0.0
2016-01-21,1868.99,6,6000000,0.34,1.4,18525.933,1116.4,4.8,0.0
2016-01-22,1906.9,4,4000000,0.34,1.4,18525.933,1116.4,4.8,0.0
2016-01-25,1877.08,4,4000000,0.34,1.4,18525.933,1116.4,4.8,0.0
2016-01-26,1903.63,1,1000000,0.34,1.4,18525.933,1116.4,4.8,0.0
2016-01-27,1882.95,4,4000000,0.34,1.4,18525.933,1116.4,4.8,0.0
2016-01-28,1893.36,1,1000000,0.34,1.4,18525.933,1116.4,4.8,0.0
2016-01-29,1940.24,6,6000000,0.34,1.4,18525.933,1116.4,4.8,0.0
2016-02-01,1939.38,1,1000000,0.38,1.0,18525.933,1234.4,4.9,0.0
2016-02-02,1903.03,5,5000000,0.38,1.0,18525.933,1234.4,4.9,0.0
2016-02-03,1912.53,1,1000000,0.38,1.0,18525.933,1234.4,4.9,0.0
2016-02-04,1915.45,1,1000000,0.38,1.0,18525.933,1234.4,4.9,0.0
2016-02-05,1880.05,2,2000000,0.38,1.0,18525.933,1234.4,4.9,0.0
2016-02-08,1853.44,3,3000000,0.38,1.0,18525.933,1234.4,4.9,0.0
2016-02-09,1852.21,4,4000000,0.38,1.0,18525.933,1234.4,4.9,0.0
2016-02-10,1851.86,4,4000000,0.38,1.0,18525.933,1234.4,4.9,0.0
2016-02-11,1829.08,6,6000000,0.38,1.0,18525.933,1234.4,4.9,0.0
2016-02-12,1864.78,4,4000000,0.38,1.0,18525.933,1234.4,4.9,0.0
2016-02-16,1895.58,2,2000000,0.38,1.0,18525.933,1234.4,4.9,0.0
2016-02-17,1926.82,6,6000000,0.38,1.0,18525.933,1234.4,4.9,0.0
2016-02-19,1917.78,1,1000000,0.38,1.0,18525.933,1234.4,4.9,0.0
2016-02-22,1945.5,4,4000000,0.38,1.0,18525.933,1234.4,4.9,0.0
2016-02-23,1921.27,3,3000000,0.38,1.0,18525.933,1234.4,4.9,0.0
2016-02-24,1929.8,4,4000000,0.38,1.0,18525.933,1234.4,4.9,0.0
2016-02-25,1951.7,1,1000000,0.38,1.0,18525.933,1234.4,4.9,0.0
2016-02-26,1948.05,3,3000000,0.38,1.0,18525.933,1234.4,4.9,0.0
2016-02-29,1932.23,3,3000000,0.38,1.0,18525.933,1234.4,4.9,0.0
2016-03-01,1978.35,5,5000000,0.36,0.9,18525.933,1235.6,5.0,0.0
2016-03-02,1986.45,4,4000000,0.36,0.9,18525.933,1235.6,5.0,0.0
2016-03-03,1993.4,3,3000000,0.36,0.9,18525.933,1235.6,5.0,0.0
2016-03-04,1999.99,3,3000000,0.36,0.9,18525.933,1235.6,5.0,0.0
2016-03-07,2001.76,4,4000000,0.36,0.9,18525.933,1235.6,5.0,0.0
2016-03-08,1979.26,4,4000000,0.36,0.9,18525.933,1235.6,5.0,0.0
2016-03-09,1989.26,4,4000000,0.36,0.9,18525.933,1235.6,5.0,0.0
2016-03-10,1989.57,3,3000000,0.36,0.9,18525.933,1235.6,5.0,0.0
2016-03-11,2022.19,1,1000000,0.36,0.9,18525.933,1235.6,5.0,0.0
2016-03-14,2019.64,4,4000000,0.36,0.9,18525.933,1235.6,5.0,0.0
2016-03-15,2015.93,2,2000000,0.36,0.9,18525.933,1235.6,5.0,0.0
2016-03-16,2027.22,2,2000000,0.36,0.9,18525.933,1235.6,5.0,0.0
2016-03-17,2040.59,1,1000000,0.36,0.9,18525.933,1235.6,5.0,0.0
2016-03-18,2049.58,1,1000000,0.36,0.9,18525.933,1235.6,5.0,0.0
2016-03-22,2049.8,2,2000000,0.36,0.9,18525.933,1235.6,5.0,0.0
2016-03-23,2036.71,5,5000000,0.36,0.9,18525.933,1235.6,5.0,0.0
2016-03-24,2035.94,6,6000000,0.36,0.9,18525.933,1235.6,5.0,0.0
2016-03-28,2037.05,4,4000000,0.36,0.9,18525.933,1235.6,5.0,0.0
2016-03-29,2055.01,2,2000000,0.36,0.9,18525.933,1235.6,5.0,0.0
2016-03-30,2063.95,4,4000000,0.36,0.9,18525.933,1235.6,5.0,0.0
2016-03-31,2059.74,9,9000000,0.36,0.9,18525.933,1235.6,5.0,0.0
2016-04-01,2072.78,2,2000000,0.37,1.1,18711.702,1290.5,5.1,0.0
2016-04-04,2066.13,1,1000000,0.37,1.1,18711.702,1290.5,5.1,0.0
2016-04-05,2045.17,5,5000000,0.37,1.1,18711.702,1290.5,5.1,0.0
2016-04-06,2066.66,3,3000000,0.37,1.1,18711.702,1290.5,5.1,0.0
2016-04-07,2041.91,3,3000000,0.37,1.1,18711.702,1290.5,5.1,0.0
2016-04-08,2047.6,2,2000000,0.37,1.1,18711.702,1290.5,5.1,0.0
2016-04-11,2041.99,4,4000000,0.37,1.1,18711.702,1290.5,5.1,0.0
2016-04-12,2061.72,1,1000000,0.37,1.1,18711.702,1290.5,5.1,0.0
2016-04-13,2082.42,7,7000000,0.37,1.1,18711.702,1290.5,5.1,0.0
2016-04-14,2082.78,3,3000000,0.37,1.1,18711.702,1290.5,5.1,0.0
2016-04-15,2080.73,4,4000000,0.37,1.1,18711.702,1290.5,5.1,0.0
2016-04-18,2094.34,3,3000000,0.37,1.1,18711.702,1290.5,5.1,0.0
2016-04-19,2100.8,7,7000000,0.37,1.1,18711.702,1290.5,5.1,0.0
2016-04-20,2102.4,1,1000000,0.37,1.1,18711.702,1290.5,5.1,0.0
2016-04-21,2091.48,5,5000000,0.37,1.1,18711.702,1290.5,5.1,0.0
2016-04-22,2091.58,3,3000000,0.37,1.1,18711.702,1290.5,5.1,0.0
2016-04-25,2087.79,1,1000000,0.37,1.1,18711.702,1290.5,5.1,0.0
2016-04-26,2091.7,3,3000000,0.37,1.1,18711.702,1290.5,5.1,0.0
2016-04-27,2095.15,2,2000000,0.37,1.1,18711.702,1290.5,5.1,0.0
2016-04-29,2065.3,2,2000000,0.37,1.1,18711.702,1290.5,5.1,0.0
2016-05-02,2081.43,2,2000000,0.37,1.0,18711.702,1217.5,4.8,0.0
2016-05-03,2063.37,2,2000000,0.37,1.0,18711.702,1217.5,4.8,0.0
2016-05-04,2051.12,4,4000000,0.37,1.0,18711.702,1217.5,4.8,0.0
2016-05-05,2050.63,4,4000000,0.37,1.0,18711.702,1217.5,4.8,0.0
2016-05-06,2057.14,3,3000000,0.37,1.0,18711.702,1217.5,4.8,0.0
2016-05-09,2058.69,1,1000000,0.37,1.0,18711.702,1217.5,4.8,0.0
2016-05-10,2084.39,3,3000000,0.37,1.0,18711.702,1217.5,4.8,0.0
2016-05-11,2064.46,1,1000000,0.37,1.0,18711.702,1217.5,4.8,0.0
2016-05-12,2064.11,3,3000000,0.37,1.0,18711.702,1217.5,4.8,0.0
2016-05-13,2046.61,5,5000000,0.37,1.0,18711.702,1217.5,4.8,0.0
2016-05-16,2066.66,3,3000000,0.37,1.0,18711.702,1217.5,4.8,0.0
2016-05-17,2047.21,3,3000000,0.37,1.0,18711.702,1217.5,4.8,0.0
2016-05-18,2047.63,5,5000000,0.37,1.0,18711.702,1217.5,4.8,0.0
2016-05-19,2040.04,1,1000000,0.37,1.0,18711.702,1217.5,4.8,0.0
2016-05-20,2052.32,4,4000000,0.37,1.0,18711.702,1217.5,4.8,0.0
2016-05-23,2048.04,5,5000000,0.37,1.0,18711.702,1217.5,4.8,0.0
2016-05-24,2076.06,1,1000000,0.37,1.0,18711.702,1217.5,4.8,0.0
2016-05-25,2090.54,7,7000000,0.37,1.0,18711.702,1217.5,4.8,0.0
2016-05-26,2090.1,2,2000000,0.37,1.0,18711.702,1217.5,4.8,0.0
2016-05-27,2099.06,1,1000000,0.37,1.0,18711.702,1217.5,4.8,0.0
2016-05-31,2096.95,2,2000000,0.37,1.0,18711.702,1217.5,4.8,0.0
2016-06-01,2099.33,4,4000000,0.38,1.0,18711.702,1320.6,4.9,0.0
2016-06-02,2105.26,6,6000000,0.38,1.0,18711.702,1320.6,4.9,0.0
2016-06-03,2099.13,2,2000000,0.38,1.0,18711.702,1320.6,4.9,0.0
2016-06-07,2112.13,2,2000000,0.38,1.0,18711.702,1320.6,4.9,0.0
2016-06-08,2119.12,3,3000000,0.38,1.0,18711.702,1320.6,4.9,0.0
2016-06-09,2115.48,2,2000000,0.38,1.0,18711.702,1320.6,4.9,0.0
2016-06-10,2096.07,2,2000000,0.38,1.0,18711.702,1320.6,4.9,0.0
2016-06-13,2079.06,5,5000000,0.38,1.0,18711.702,1320.6,4.9,0.0
2016-06-14,2075.32,4,4000000,0.38,1.0,18711.702,1320.6,4.9,0.0
2016-06-15,2071.5,2,2000000,0.38,1.0,18711.702,1320.6,4.9,0.0
2016-06-16,2077.99,5,5000000,0.38,1.0,18711.702,1320.6,4.9,0.0
2016-06-17,2071.22,4,4000000,0.38,1.0,18711.702,1320.6,4.9,0.0
2016-06-20,2083.25,2,2000000,0.38,1.0,18711.702,1320.6,4.9,0.0
2016-06-21,2088.9,3,3000000,0.38,1.0,18711.702,1320.6,4.9,0.0
2016-06-22,2085.45,8,8000000,0.38,1.0,18711.702,1320.6,4.9,0.0
2016-06-23,2113.32,3,3000000,0.38,1.0,18711.702,1320.6,4.9,0.0
2016-06-24,2037.41,6,6000000,0.38,1.0,18711.702,1320.6,4.9,0.0
2016-06-27,2000.54,4,4000000,0.38,1.0,18711.702,1320.6,4.9,0.0
2016-06-28,2036.09,1,1000000,0.38,1.0,18711.702,1320.6,4.9,0.0
2016-06-29,2070.77,6,6000000,0.38,1.0,18711.702,1320.6,4.9,0.0
2016-06-30,2098.86,4,4000000,0.38,1.0,18711.702,1320.6,4.9,0.0
2016-07-01,2102.95,1,1000000,0.39,0.8,18892.639,1357.5,4.8,0.0
2016-07-05,2088.55,3,3000000,0.39,0.8,18892.639,1357.5,4.8,0.0
2016-07-06,2099.73,4,4000000,0.39,0.8,18892.639,1357.5,4.8,0.0
2016-07-07,2097.9,5,5000000,0.39,0.8,18892.639,1357.5,4.8,0.0
2016-07-08,2129.9,3,3000000,0.39,0.8,18892.639,1357.5,4.8,0.0
2016-07-11,2137.16,6,6000000,0.39,0.8,18892.639,1357.5,4.8,0.0
2016-07-12,2152.14,4,4000000,0.39,0.8,18892.639,1357.5,4.8,0.0
2016-07-13,2152.43,3,3000000,0.39,0.8,18892.639,1357.5,4.8,0.0
2016-07-14,2163.75,5,5000000,0.39,0.8,18892.639,1357.5,4.8,0.0
2016-07-15,2161.74,2,2000000,0.39,0.8,18892.639,1357.5,4.8,0.0
2016-07-18,2166.89,2,2000000,0.39,0.8,18892.639,1357.5,4.8,0.0
2016-07-19,2163.78,5,5000000,0.39,0.8,18892.639,1357.5,4.8,0.0
2016-07-20,2173.02,4,4000000,0.39,0.8,18892.639,1357.5,4.8,0.0
2016-07-21,2165.17,2,2000000,0.39,0.8,18892.639,1357.5,4.8,0.0
2016-07-22,2175.03,4,4000000,0.39,0.8,18892.639,1357.5,4.8,0.0
2016-07-25,2168.48,1,1000000,0.39,0.8,18892.639,1357.5,4.8,0.0
2016-07-26,2169.18,4,4000000,0.39,0.8,18892.639,1357.5,4.8,0.0
2016-07-27,2166.58,5,5000000,0.39,0.8,18892.639,1357.5,4.8,0.0
2016-07-28,2170.06,7,7000000,0.39,0.8,18892.639,1357.5,4.8,0.0
2016-07-29,2173.6,3,3000000,0.39,0.8,18892.639,1357.5,4.8,0.0
2016-08-01,2170.84,3,3000000,0.4,1.1,18892.639,1311.4,4.9,0.0
2016-08-02,2157.03,2,2000000,0.4,1.1,18892.639,1311.4,4.9,0.0
2016-08-03,2163.79,6,6000000,0.4,1.1,18892.639,1311.4,4.9,0.0
2016-08-04,2164.25,3,3000000,0.4,1.1,18892.639,1311.4,4.9,0.0
2016-08-05,2182.87,2,2000000,0.4,1.1,18892.639,1311.4,4.9,0.0
2016-08-08,2180.89,4,4000000,0.4,1.1,18892.639,1311.4,4.9,0.0
2016-08-09,2181.74,5,5000000,0.4,1.1,18892.639,1311.4,4.9,0.0
2016-08-11,2185.79,6,6000000,0.4,1.1,18892.639,1311.4,4.9,0.0
2016-08-12,2184.05,2,2000000,0.4,1.1,18892.639,1311.4,4.9,0.0
2016-08-15,2190.15,2,2000000,0.4,1.1,18892.639,1311.4,4.9,0.0
2016-08-16,2178.15,4,4000000,0.4,1.1,18892.639,1311.4,4.9,0.0
2016-08-17,2182.22,6,6000000,0.4,1.1,18892.639,1311.4,4.9,0.0
2016-08-19,2183.87,14,14000000,0.4,1.1,18892.639,1311.4,4.9,0.0
2016-08-22,2182.64,8,8000000,0.4,1.1,18892.639,1311.4,4.9,0.0
2016-08-29,2180.38,1,1000000,0.4,1.1,18892.639,1311.4,4.9,0.0
2016-08-30,2176.12,3,3000000,0.4,1.1,18892.639,1311.4,4.9,0.0
2016-08-31,2170.95,3,3000000,0.4,1.1,18892.639,1311.4,4.9,0.0
2016-09-01,2170.86,1,1000000,0.4,1.5,18892.639,1317.1,5.0,0.0
2016-09-02,2179.98,3,3000000,0.4,1.5,18892.639,1317.1,5.0,0.0
2016-09-06,2186.48,3,3000000,0.4,1.5,18892.639,1317.1,5.0,0.0
2016-09-07,2186.16,7,7000000,0.4,1.5,18892.639,1317.1,5.0,0.0
2016-09-08,2181.3,2,2000000,0.4,1.5,18892.639,1317.1,5.0,0.0
2016-09-09,2127.81,3,3000000,0.4,1.5,18892.639,1317.1,5.0,0.0
2016-09-12,2159.04,3,3000000,0.4,1.5,18892.639,1317.1,5.0,0.0
2016-09-13,2127.02,2,2000000,0.4,1.5,18892.639,1317.1,5.0,0.0
2016-09-14,2125.77,5,5000000,0.4,1.5,18892.639,1317.1,5.0,0.0
2016-09-15,2147.26,1,1000000,0.4,1.5,18892.639,1317.1,5.0,0.0
2016-09-16,2139.16,2,2000000,0.4,1.5,18892.639,1317.1,5.0,0.0
2016-09-19,2139.12,6,6000000,0.4,1.5,18892.639,1317.1,5.0,0.0
2016-09-20,2139.76,1,1000000,0.4,1.5,18892.639,1317.1,5.0,0.0
2016-09-21,2163.12,4,4000000,0.4,1.5,18892.639,1317.1,5.0,0.0
2016-09-22,2177.18,1,1000000,0.4,1.5,18892.639,1317.1,5.0,0.0
2016-09-23,2164.69,4,4000000,0.4,1.5,18892.639,1317.1,5.0,0.0
2016-09-26,2146.1,1,1000000,0.4,1.5,18892.639,1317.1,5.0,0.0
2016-09-28,2171.37,4,4000000,0.4,1.5,18892.639,1317.1,5.0,0.0
2016-09-29,2151.13,4,4000000,0.4,1.5,18892.639,1317.1,5.0,0.0
2016-09-30,2168.27,4,4000000,0.4,1.5,18892.639,1317.1,5.0,0.0
2016-10-03,2161.2,5,5000000,0.4,1.6,19089.379,1273.1,4.9,0.0
2016-10-04,2150.49,4,4000000,0.4,1.6,19089.379,1273.1,4.9,0.0
2016-10-06,2160.77,4,4000000,0.4,1.6,19089.379,1273.1,4.9,0.0
2016-10-07,2153.74,1,1000000,0.4,1.6,19089.379,1273.1,4.9,0.0
2016-10-10,2163.66,1,1000000,0.4,1.6,19089.379,1273.1,4.9,0.0
2016-10-11,2136.73,5,5000000,0.4,1.6,19089.379,1273.1,4.9,0.0
2016-10-12,2139.18,1,1000000,0.4,1.6,19089.379,1273.1,4.9,0.0
2016-10-13,2132.55,3,3000000,0.4,1.6,19089.379,1273.1,4.9,0.0
2016-10-14,2132.98,3,3000000,0.4,1.6,19089.379,1273.1,4.9,0.0
2016-10-17,2126.5,1,1000000,0.4,1.6,19089.379,1273.1,4.9,0.0
2016-10-18,2139.6,2,2000000,0.4,1.6,19089.379,1273.1,4.9,0.0
2016-10-19,2144.29,3,3000000,0.4,1.6,19089.379,1273.1,4.9,0.0
2016-10-20,2141.34,7,7000000,0.4,1.6,19089.379,1273.1,4.9,0.0
2016-10-21,2141.16,4,4000000,0.4,1.6,19089.379,1273.1,4.9,0.0
2016-10-24,2151.33,3,3000000,0.4,1.6,19089.379,1273.1,4.9,0.0
2016-10-25,2143.16,1,1000000,0.4,1.6,19089.379,1273.1,4.9,0.0
2016-10-26,2139.43,5,5000000,0.4,1.6,19089.379,1273.1,4.9,0.0
2016-10-27,2133.04,3,3000000,0.4,1.6,19089.379,1273.1,4.9,0.0
2016-10-28,2126.41,3,3000000,0.4,1.6,19089.379,1273.1,4.9,0.0
2016-10-31,2126.15,3,3000000,0.4,1.6,19089.379,1273.1,4.9,0.0
2016-11-01,2111.72,3,3000000,0.41,1.7,19089.379,1173.9,4.7,0.0
2016-11-02,2097.94,2,2000000,0.41,1.7,19089.379,1173.9,4.7,0.0
2016-11-03,2088.66,3,3000000,0.41,1.7,19089.379,1173.9,4.7,0.0
2016-11-04,2085.18,7,7000000,0.41,1.7,19089.379,1173.9,4.7,0.0
2016-11-07,2131.52,3,3000000,0.41,1.7,19089.379,1173.9,4.7,0.0
2016-11-08,2139.56,3,3000000,0.41,1.7,19089.379,1173.9,4.7,0.0
2016-11-09,2163.26,9,9000000,0.41,1.7,19089.379,1173.9,4.7,0.0
2016-11-10,2167.48,2,2000000,0.41,1.7,19089.379,1173.9,4.7,0.0
2016-11-11,2164.45,4,4000000,0.41,1.7,19089.379,1173.9,4.7,0.0
2016-11-14,2164.2,2,2000000,0.41,1.7,19089.379,1173.9,4.7,0.0
2016-11-15,2180.39,2,2000000,0.41,1.7,19089.379,1173.9,4.7,0.0
2016-11-16,2176.94,2,2000000,0.41,1.7,19089.379,1173.9,4.7,0.0
2016-11-17,2187.12,3,3000000,0.41,1.7,19089.379,1173.9,4.7,0.0
2016-11-18,2181.9,2,2000000,0.41,1.7,19089.379,1173.9,4.7,0.0
2016-11-21,2198.18,3,3000000,0.41,1.7,19089.379,1173.9,4.7,0.0
2016-11-22,2202.94,4,4000000,0.41,1.7,19089.379,1173.9,4.7,0.0
2016-11-23,2204.72,6,6000000,0.41,1.7,19089.379,1173.9,4.7,0.0
2016-11-25,2213.35,1,1000000,0.41,1.7,19089.379,1173.9,4.7,0.0
2016-11-28,2201.72,4,4000000,0.41,1.7,19089.379,1173.9,4.7,0.0
2016-11-29,2204.66,1,1000000,0.41,1.7,19089.379,1173.9,4.7,0.0
2016-11-30,2198.81,5,5000000,0.41,1.7,19089.379,1173.9,4.7,0.0
2016-12-01,2191.08,3,3000000,0.54,2.1,19089.379,1151.7,4.7,0.0
2016-12-02,2191.95,4,4000000,0.54,2.1,19089.379,1151.7,4.7,0.0
2016-12-05,2204.71,5,5000000,0.54,2.1,19089.379,1151.7,4.7,0.0
2016-12-06,2212.23,3,3000000,0.54,2.1,19089.379,1151.7,4.7,0.0
2016-12-07,2241.35,4,4000000,0.54,2.1,19089.379,1151.7,4.7,0.0
2016-12-08,2246.19,3,3000000,0.54,2.1,19089.379,1151.7,4.7,0.0
2016-12-09,2259.53,2,2000000,0.54,2.1,19089.379,1151.7,4.7,0.0
2016-12-12,2256.96,2,2000000,0.54,2.1,19089.379,1151.7,4.7,0.0
2016-12-13,2271.72,4,4000000,0.54,2.1,19089.379,1151.7,4.7,0.0
2016-12-14,2253.28,5,5000000,0.54,2.1,19089.379,1151.7,4.7,0.0
2016-12-15,2262.03,2,2000000,0.54,2.1,19089.379,1151.7,4.7,0.0
2016-12-16,2258.07,4,4000000,0.54,2.1,19089.379,1151.7,4.7,0.0
2016-12-19,2262.53,4,4000000,0.54,2.1,19089.379,1151.7,4.7,0.0
2016-12-20,2270.76,1,1000000,0.54,2.1,19089.379,1151.7,4.7,0.0
2016-12-21,2265.18,3,3000000,0.54,2.1,19089.379,1151.7,4.7,0.0
2016-12-22,2260.96,3,3000000,0.54,2.1,19089.379,1151.7,4.7,0.0
2016-12-23,2263.79,2,2000000,0.54,2.1,19089.379,1151.7,4.7,0.0
2016-12-27,2268.88,3,3000000,0.54,2.1,19089.379,1151.7,4.7,0.0
2016-12-28,2249.92,2,2000000,0.54,2.1,19089.379,1151.7,4.7,0.0
2016-12-29,2249.26,1,1000000,0.54,2.1,19089.379,1151.7,4.7,0.0
2016-12-30,2238.83,6,6000000,0.54,2.1,19089.379,1151.7,4.7,0.0
2017-01-03,2257.83,4,4000000,0.65,1.9,19280.084,1211.4,4.7,0.0
2017-01-04,2270.75,5,5000000,0.65,1.9,19280.084,1211.4,4.7,0.0
2017-01-05,2269.0,2,2000000,0.65,1.9,19280.084,1211.4,4.7,0.0
2017-01-06,2276.98,1,1000000,0.65,1.9,19280.084,1211.4,4.7,0.0
2017-01-10,2268.9,1,1000000,0.65,1.9,19280.084,1211.4,4.7,0.0
2017-01-11,2275.32,5,5000000,0.65,1.9,19280.084,1211.4,4.7,0.0
2017-01-12,2270.44,1,1000000,0.65,1.9,19280.084,1211.4,4.7,0.0
2017-01-13,2274.64,1,1000000,0.65,1.9,19280.084,1211.4,4.7,0.0
2017-01-17,2267.89,1,1000000,0.65,1.9,19280.084,1211.4,4.7,0.0
2017-01-18,2271.89,5,5000000,0.65,1.9,19280.084,1211.4,4.7,0.0
2017-01-19,2263.69,2,2000000,0.65,1.9,19280.084,1211.4,4.7,0.0
2017-01-20,2271.31,5,5000000,0.65,1.9,19280.084,1211.4,4.7,0.0
2017-01-23,2265.2,3,3000000,0.65,1.9,19280.084,1211.4,4.7,0.0
2017-01-24,2280.07,3,3000000,0.65,1.9,19280.084,1211.4,4.7,0.0
2017-01-25,2298.37,5,5000000,0.65,1.9,19280.084,1211.4,4.7,0.0
2017-01-26,2296.68,4,4000000,0.65,1.9,19280.084,1211.4,4.7,0.0
2017-01-27,2294.69,4,4000000,0.65,1.9,19280.084,1211.4,4.7,0.0
2017-01-31,2278.87,3,3000000,0.65,1.9,19280.084,1211.4,4.7,0.0
2017-02-01,2279.55,4,4000000,0.66,2.7,19280.084,1253.9,4.6,0.0
2017-02-02,2280.85,1,1000000,0.66,2.7,19280.084,1253.9,4.6,0.0
2017-02-03,2297.42,2,2000000,0.66,2.7,19280.084,1253.9,4.6,0.0
2017-02-06,2292.56,2,2000000,0.66,2.7,19280.084,1253.9,4.6,0.0
2017-02-07,2293.08,4,4000000,0.66,2.7,19280.084,1253.9,4.6,0.0
2017-02-08,2294.67,2,2000000,0.66,2.7,19280.084,1253.9,4.6,0.0
2017-02-09,2307.87,5,5000000,0.66,2.7,19280.084,1253.9,4.6,0.0
2017-02-10,2316.1,2,2000000,0.66,2.7,19280.084,1253.9,4.6,0.0
2017-02-13,2328.25,2,2000000,0.66,2.7,19280.084,1253.9,4.6,0.0
2017-02-14,2337.58,1,1000000,0.66,2.7,19280.084,1253.9,4.6,0.0
2017-02-15,2349.25,2,2000000,0.66,2.7,19280.084,1253.9,4.6,0.0
2017-02-16,2347.22,3,3000000,0.66,2.7,19280.084,1253.9,4.6,0.0
2017-02-17,2351.16,4,4000000,0.66,2.7,19280.084,1253.9,4.6,0.0
2017-02-21,2365.38,2,2000000,0.66,2.7,19280.084,1253.9,4.6,0.0
2017-02-22,2362.82,4,4000000,0.66,2.7,19280.084,1253.9,4.6,0.0
2017-02-23,2363.81,3,3000000,0.66,2.7,19280.084,1253.9,4.6,0.0
2017-02-24,2367.34,2,2000000,0.66,2.7,19280.084,1253.9,4.6,0.0
2017-02-27,2369.75,3,3000000,0.66,2.7,19280.084,1253.9,4.6,0.0
2017-02-28,2363.64,2,2000000,0.66,2.7,19280.084,1253.9,4.6,0.0
2017-03-01,2395.96,4,4000000,0.79,2.4,19280.084,1251.2,4.4,0.0
2017-03-03,2383.12,2,2000000,0.79,2.4,19280.084,1251.2,4.4,0.0
2017-03-06,2375.31,3,3000000,0.79,2.4,19280.084,1251.2,4.4,0.0
2017-03-07,2368.39,4,4000000,0.79,2.4,19280.084,1251.2,4.4,0.0
2017-03-08,2362.98,5,5000000,0.79,2.4,19280.084,1251.2,4.4,0.0
2017-03-09,2364.87,4,4000000,0.79,2.4,19280.084,1251.2,4.4,0.0
2017-03-10,2372.6,2,2000000,0.79,2.4,19280.084,1251.2,4.4,0.0
2017-03-13,2373.47,5,5000000,0.79,2.4,19280.084,1251.2,4.4,0.0
2017-03-14,2365.45,3,3000000,0.79,2.4,19280.084,1251.2,4.4,0.0
2017-03-16,2381.38,4,4000000,0.79,2.4,19280.084,1251.2,4.4,0.0
2017-03-17,2378.25,3,3000000,0.79,2.4,19280.084,1251.2,4.4,0.0
2017-03-20,2373.47,4,4000000,0.79,2.4,19280.084,1251.2,4.4,0.0
2017-03-21,2344.02,3,3000000,0.79,2.4,19280.084,1251.2,4.4,0.0
2017-03-22,2348.45,4,4000000,0.79,2.4,19280.084,1251.2,4.4,0.0
2017-03-23,2345.96,1,1000000,0.79,2.4,19280.084,1251.2,4.4,0.0
2017-03-24,2343.98,2,2000000,0.79,2.4,19280.084,1251.2,4.4,0.0
2017-03-27,2341.59,4,4000000,0.79,2.4,19280.084,1251.2,4.4,0.0
2017-03-28,2358.57,1,1000000,0.79,2.4,19280.084,1251.2,4.4,0.0
2017-03-29,2361.13,7,7000000,0.79,2.4,19280.084,1251.2,4.4,0.0
2017-03-30,2368.06,1,1000000,0.79,2.4,19280.084,1251.2,4.4,0.0
2017-03-31,2362.72,1,1000000,0.79,2.4,19280.084,1251.2,4.4,0.0
2017-04-03,2358.84,3,3000000,0.9,2.2,19438.643,1268.3,4.4,0.0
2017-04-04,2360.16,4,4000000,0.9,2.2,19438.643,1268.3,4.4,0.0
2017-04-05,2352.95,7,7000000,0.9,2.2,19438.643,1268.3,4.4,0.0
2017-04-06,2357.49,4,4000000,0.9,2.2,19438.643,1268.3,4.4,0.0
2017-04-07,2355.54,3,3000000,0.9,2.2,19438.643,1268.3,4.4,0.0
2017-04-10,2357.16,3,3000000,0.9,2.2,19438.643,1268.3,4.4,0.0
2017-04-11,2353.78,2,2000000,0.9,2.2,19438.643,1268.3,4.4,0.0
2017-04-12,2344.93,4,4000000,0.9,2.2,19438.643,1268.3,4.4,0.0
2017-04-13,2328.95,4,4000000,0.9,2.2,19438.643,1268.3,4.4,0.0
2017-04-17,2349.01,2,2000000,0.9,2.2,19438.643,1268.3,4.4,0.0
2017-04-18,2342.19,4,4000000,0.9,2.2,19438.643,1268.3,4.4,0.0
2017-04-19,2338.17,2,2000000,0.9,2.2,19438.643,1268.3,4.4,0.0
2017-04-20,2355.84,3,3000000,0.9,2.2,19438.643,1268.3,4.4,0.0
2017-04-21,2348.69,2,2000000,0.9,2.2,19438.643,1268.3,4.4,0.0
2017-04-24,2374.15,3,3000000,0.9,2.2,19438.643,1268.3,4.4,0.0
2017-04-25,2388.61,3,3000000,0.9,2.2,19438.643,1268.3,4.4,0.0
2017-04-26,2387.45,5,5000000,0.9,2.2,19438.643,1268.3,4.4,0.0
2017-04-27,2388.77,1,1000000,0.9,2.2,19438.643,1268.3,4.4,0.0
2017-04-28,2384.2,4,4000000,0.9,2.2,19438.643,1268.3,4.4,0.0
2017-05-02,2391.17,3,3000000,0.91,1.9,19438.643,1275.4,4.4,0.0
2017-05-03,2388.13,6,6000000,0.91,1.9,19438.643,1275.4,4.4,0.0
2017-05-04,2389.52,2,2000000,0.91,1.9,19438.643,1275.4,4.4,0.0
2017-05-05,2399.29,2,2000000,0.91,1.9,19438.643,1275.4,4.4,0.0
2017-05-08,2399.38,4,4000000,0.91,1.9,19438.643,1275.4,4.4,0.0
2017-05-09,2396.92,3,3000000,0.91,1.9,19438.643,1275.4,4.4,0.0
2017-05-10,2399.63,4,4000000,0.91,1.9,19438.643,1275.4,4.4,0.0
2017-05-11,2394.44,1,1000000,0.91,1.9,19438.643,1275.4,4.4,0.0
2017-05-12,2390.9,1,1000000,0.91,1.9,19438.643,1275.4,4.4,0.0
2017-05-15,2402.32,4,4000000,0.91,1.9,19438.643,1275.4,4.4,0.0
2017-05-16,2400.67,4,4000000,0.91,1.9,19438.643,1275.4,4.4,0.0
2017-05-17,2357.03,7,7000000,0.91,1.9,19438.643,1275.4,4.4,0.0
2017-05-18,2365.72,3,3000000,0.91,1.9,19438.643,1275.4,4.4,0.0
2017-05-22,2394.02,4,4000000,0.91,1.9,19438.643,1275.4,4.4,0.0
2017-05-23,2398.42,3,3000000,0.91,1.9,19438.643,1275.4,4.4,0.0
2017-05-24,2404.39,5,5000000,0.91,1.9,19438.643,1275.4,4.4,0.0
2017-05-30,2412.91,5,5000000,0.91,1.9,19438.643,1275.4,4.4,0.0
2017-05-31,2411.8,3,3000000,0.91,1.9,19438.643,1275.4,4.4,0.0
2017-06-01,2430.06,3,3000000,1.04,1.6,19438.643,1242.3,4.3,0.0
2017-06-02,2439.07,3,3000000,1.04,1.6,19438.643,1242.3,4.3,0.0
2017-06-05,2436.1,3,3000000,1.04,1.6,19438.643,1242.3,4.3,0.0
2017-06-07,2433.14,4,4000000,1.04,1.6,19438.643,1242.3,4.3,0.0
2017-06-08,2433.79,2,2000000,1.04,1.6,19438.643,1242.3,4.3,0.0
2017-06-09,2431.77,1,1000000,1.04,1.6,19438.643,1242.3,4.3,0.0
2017-06-12,2429.39,6,6000000,1.04,1.6,19438.643,1242.3,4.3,0.0
2017-06-13,2440.35,7,7000000,1.04,1.6,19438.643,1242.3,4.3,0.0
2017-06-14,2437.92,1,1000000,1.04,1.6,19438.643,1242.3,4.3,0.0
2017-06-15,2432.46,3,3000000,1.04,1.6,19438.643,1242.3,4.3,0.0
2017-06-16,2433.15,2,2000000,1.04,1.6,19438.643,1242.3,4.3,0.0
2017-06-19,2453.46,2,2000000,1.04,1.6,19438.643,1242.3,4.3,0.0
2017-06-20,2437.03,3,3000000,1.04,1.6,19438.643,1242.3,4.3,0.0
2017-06-21,2435.61,5,5000000,1.04,1.6,19438.643,1242.3,4.3,0.0
2017-06-22,2434.5,6,6000000,1.04,1.6,19438.643,1242.3,4.3,0.0
2017-06-23,2438.3,4,4000000,1.04,1.6,19438.643,1242.3,4.3,0.0
2017-06-26,2439.07,3,3000000,1.04,1.6,19438.643,1242.3,4.3,0.0
2017-06-27,2419.38,5,5000000,1.04,1.6,19438.643,1242.3,4.3,0.0
2017-06-28,2440.69,1,1000000,1.04,1.6,19438.643,1242.3,4.3,0.0
2017-06-29,2419.7,4,4000000,1.04,1.6,19438.643,1242.3,4.3,0.0
2017-06-30,2423.41,1,1000000,1.04,1.6,19438.643,1242.3,4.3,0.0
2017-07-03,2429.01,2,2000000,1.15,1.7,19692.595,1273.4,4.3,0.0
2017-07-05,2432.54,6,6000000,1.15,1.7,19692.595,1273.4,4.3,0.0
2017-07-06,2409.75,4,4000000,1.15,1.7,19692.595,1273.4,4.3,0.0
2017-07-07,2425.18,2,2000000,1.15,1.7,19692.595,1273.4,4.3,0.0
2017-07-10,2427.43,5,5000000,1.15,1.7,19692.595,1273.4,4.3,0.0
2017-07-11,2425.53,2,2000000,1.15,1.7,19692.595,1273.4,4.3,0.0
2017-07-12,2443.25,3,3000000,1.15,1.7,19692.595,1273.4,4.3,0.0
2017-07-13,2447.83,1,1000000,1.15,1.7,19692.595,1273.4,4.3,0.0
2017-07-14,2459.27,2,2000000,1.15,1.7,19692.595,1273.4,4.3,0.0
2017-07-17,2459.14,2,2000000,1.15,1.7,19692.595,1273.4,4.3,0.0
2017-07-18,2460.61,1,1000000,1.15,1.7,19692.595,1273.4,4.3,0.0
2017-07-19,2473.83,2,2000000,1.15,1.7,19692.595,1273.4,4.3,0.0
2017-07-20,2473.45,5,5000000,1.15,1.7,19692.595,1273.4,4.3,0.0
2017-07-24,2469.91,1,1000000,1.15,1.7,19692.595,1273.4,4.3,0.0
2017-07-25,2477.13,1,1000000,1.15,1.7,19692.595,1273.4,4.3,0.0
2017-07-26,2477.83,1,1000000,1.15,1.7,19692.595,1273.4,4.3,0.0
2017-07-27,2475.42,1,1000000,1.15,1.7,19692.595,1273.4,4.3,0.0
2017-07-28,2472.1,2,2000000,1.15,1.7,19692.595,1273.4,4.3,0.0
2017-07-31,2470.3,3,3000000,1.15,1.7,19692.595,1273.4,4.3,0.0
2017-08-01,2476.35,4,4000000,1.16,1.9,19692.595,1322.2,4.4,0.0
2017-08-02,2477.57,2,2000000,1.16,1.9,19692.595,1322.2,4.4,0.0
2017-08-03,2472.16,2,2000000,1.16,1.9,19692.595,1322.2,4.4,0.0
2017-08-04,2476.83,1,1000000,1.16,1.9,19692.595,1322.2,4.4,0.0
2017-08-07,2480.91,2,2000000,1.16,1.9,19692.595,1322.2,4.4,0.0
2017-08-08,2474.92,5,5000000,1.16,1.9,19692.595,1322.2,4.4,0.0
2017-08-09,2474.02,5,5000000,1.16,1.9,19692.595,1322.2,4.4,0.0
2017-08-10,2438.21,4,4000000,1.16,1.9,19692.595,1322.2,4.4,0.0
2017-08-14,2465.84,4,4000000,1.16,1.9,19692.595,1322.2,4.4,0.0
2017-08-16,2468.11,4,4000000,1.16,1.9,19692.595,1322.2,4.4,0.0
2017-08-17,2430.01,5,5000000,1.16,1.9,19692.595,1322.2,4.4,0.0
2017-08-18,2425.55,4,4000000,1.16,1.9,19692.595,1322.2,4.4,0.0
2017-08-21,2428.37,2,2000000,1.16,1.9,19692.595,1322.2,4.4,0.0
2017-08-22,2452.51,4,4000000,1.16,1.9,19692.595,1322.2,4.4,0.0
2017-08-23,2444.04,3,3000000,1.16,1.9,19692.595,1322.2,4.4,0.0
2017-08-24,2438.97,4,4000000,1.16,1.9,19692.595,1322.2,4.4,0.0
2017-08-28,2444.24,5,5000000,1.16,1.9,19692.595,1322.2,4.4,0.0
2017-08-30,2457.59,3,3000000,1.16,1.9,19692.595,1322.2,4.4,0.0
2017-08-31,2471.65,4,4000000,1.16,1.9,19692.595,1322.2,4.4,0.0
2017-09-01,2476.55,1,1000000,1.15,2.2,19692.595,1284.8,4.3,0.0
2017-09-05,2457.85,1,1000000,1.15,2.2,19692.595,1284.8,4.3,0.0
2017-09-06,2465.54,6,6000000,1.15,2.2,19692.595,1284.8,4.3,0.0
2017-09-07,2465.1,4,4000000,1.15,2.2,19692.595,1284.8,4.3,0.0
2017-09-08,2461.43,5,5000000,1.15,2.2,19692.595,1284.8,4.3,0.0
2017-09-11,2488.11,1,1000000,1.15,2.2,19692.595,1284.8,4.3,0.0
2017-09-12,2496.48,3,3000000,1.15,2.2,19692.595,1284.8,4.3,0.0
2017-09-13,2498.37,1,1000000,1.15,2.2,19692.595,1284.8,4.3,0.0
2017-09-14,2495.62,1,1000000,1.15,2.2,19692.595,1284.8,4.3,0.0
2017-09-15,2500.23,4,4000000,1.15,2.2,19692.595,1284.8,4.3,0.0
2017-09-18,2503.87,1,1000000,1.15,2.2,19692.595,1284.8,4.3,0.0
2017-09-19,2506.65,2,2000000,1.15,2.2,19692.595,1284.8,4.3,0.0
2017-09-20,2508.24,2,2000000,1.15,2.2,19692.595,1284.8,4.3,0.0
2017-09-21,2500.6,1,1000000,1.15,2.2,19692.595,1284.8,4.3,0.0
2017-09-22,2502.22,5,5000000,1.15,2.2,19692.595,1284.8,4.3,0.0
2017-09-25,2496.66,1,1000000,1.15,2.2,19692.595,1284.8,4.3,0.0
2017-09-26,2496.84,4,4000000,1.15,2.2,19692.595,1284.8,4.3,0.0
2017-09-27,2507.04,5,5000000,1.15,2.2,19692.595,1284.8,4.3,0.0
2017-09-28,2510.06,1,1000000,1.15,2.2,19692.595,1284.8,4.3,0.0
2017-09-29,2519.36,4,4000000,1.15,2.2,19692.595,1284.8,4.3,0.0
2017-10-02,2529.12,2,2000000,1.15,2.0,20037.088,1270.5,4.2,0.0
2017-10-03,2534.58,3,3000000,1.15,2.0,20037.088,1270.5,4.2,0.0
2017-10-04,2537.74,1,1000000,1.15,2.0,20037.088,1270.5,4.2,0.0
2017-10-05,2552.07,1,1000000,1.15,2.0,20037.088,1270.5,4.2,0.0
2017-10-06,2549.33,4,4000000,1.15,2.0,20037.088,1270.5,4.2,0.0
2017-10-09,2544.73,6,6000000,1.15,2.0,20037.088,1270.5,4.2,0.0
2017-10-10,2550.64,2,2000000,1.15,2.0,20037.088,1270.5,4.2,0.0
2017-10-11,2555.24,6,6000000,1.15,2.0,20037.088,1270.5,4.2,0.0
2017-10-12,2550.93,2,2000000,1.15,2.0,20037.088,1270.5,4.2,0.0
2017-10-13,2553.17,5,5000000,1.15,2.0,20037.088,1270.5,4.2,0.0
2017-10-16,2557.64,3,3000000,1.15,2.0,20037.088,1270.5,4.2,0.0
2017-10-17,2559.36,2,2000000,1.15,2.0,20037.088,1270.5,4.2,0.0
2017-10-18,2561.26,1,1000000,1.15,2.0,20037.088,1270.5,4.2,0.0
2017-10-19,2562.1,2,2000000,1.15,2.0,20037.088,1270.5,4.2,0.0
2017-10-20,2575.21,2,2000000,1.15,2.0,20037.088,1270.5,4.2,0.0
2017-10-23,2564.98,6,6000000,1.15,2.0,20037.088,1270.5,4.2,0.0
2017-10-24,2569.13,5,5000000,1.15,2.0,20037.088,1270.5,4.2,0.0
2017-10-25,2557.15,4,4000000,1.15,2.0,20037.088,1270.5,4.2,0.0
2017-10-27,2581.07,4,4000000,1.15,2.0,20037.088,1270.5,4.2,0.0
2017-10-30,2572.83,2,2000000,1.15,2.0,20037.088,1270.5,4.2,0.0
2017-10-31,2575.26,3,3000000,1.15,2.0,20037.088,1270.5,4.2,0.0
2017-11-01,2579.36,2,2000000,1.16,2.2,20037.088,1282.15,4.2,0.0
2017-11-02,2579.85,2,2000000,1.16,2.2,20037.088,1282.15,4.2,0.0
2017-11-03,2587.84,2,2000000,1.16,2.2,20037.088,1282.15,4.2,0.0
2017-11-06,2591.13,7,7000000,1.16,2.2,20037.088,1282.15,4.2,0.0
2017-11-07,2590.64,3,3000000,1.16,2.2,20037.088,1282.15,4.2,0.0
2017-11-08,2594.38,4,4000000,1.16,2.2,20037.088,1282.15,4.2,0.0
2017-11-09,2584.62,6,6000000,1.16,2.2,20037.088,1282.15,4.2,0.0
2017-11-10,2582.3,1,1000000,1.16,2.2,20037.088,1282.15,4.2,0.0
2017-11-13,2584.84,3,3000000,1.16,2.2,20037.088,1282.15,4.2,0.0
2017-11-14,2578.87,5,5000000,1.16,2.2,20037.088,1282.15,4.2,0.0
2017-11-15,2564.62,4,4000000,1.16,2.2,20037.088,1282.15,4.2,0.0
2017-11-16,2585.64,3,3000000,1.16,2.2,20037.088,1282.15,4.2,0.0
2017-11-20,2582.14,3,3000000,1.16,2.2,20037.088,1282.15,4.2,0.0
2017-11-21,2599.03,3,3000000,1.16,2.2,20037.088,1282.15,4.2,0.0
2017-11-22,2597.08,2,2000000,1.16,2.2,20037.088,1282.15,4.2,0.0
2017-11-24,2602.42,1,1000000,1.16,2.2,20037.088,1282.15,4.2,0.0
2017-11-29,2626.07,3,3000000,1.16,2.2,20037.088,1282.15,4.2,0.0
2017-11-30,2647.58,1,1000000,1.16,2.2,20037.088,1282.15,4.2,0.0
2017-12-04,2639.44,6,6000000,1.3,2.1,20037.088,1296.5,4.1,0.0
2017-12-05,2629.57,3,3000000,1.3,2.1,20037.088,1296.5,4.1,0.0
2017-12-06,2629.27,1,1000000,1.3,2.1,20037.088,1296.5,4.1,0.0
2017-12-07,2636.98,4,4000000,1.3,2.1,20037.088,1296.5,4.1,0.0
2017-12-08,2651.5,3,3000000,1.3,2.1,20037.088,1296.5,4.1,0.0
2017-12-11,2659.99,4,4000000,1.3,2.1,20037.088,1296.5,4.1,0.0
2017-12-18,2690.16,2,2000000,1.3,2.1,20037.088,1296.5,4.1,0.0
2017-12-19,2681.47,4,4000000,1.3,2.1,20037.088,1296.5,4.1,0.0
2017-12-20,2679.25,4,4000000,1.3,2.1,20037.088,1296.5,4.1,0.0
2017-12-21,2684.57,4,4000000,1.3,2.1,20037.088,1296.5,4.1,0.0
2017-12-22,2683.34,3,3000000,1.3,2.1,20037.088,1296.5,4.1,0.0
2017-12-26,2680.5,3,3000000,1.3,2.1,20037.088,1296.5,4.1,0.0
2017-12-27,2682.62,1,1000000,1.3,2.1,20037.088,1296.5,4.1,0.0
2017-12-28,2687.54,6,6000000,1.3,2.1,20037.088,1296.5,4.1,0.0
2017-12-29,2673.61,3,3000000,1.3,2.1,20037.088,1296.5,4.1,0.0
2018-01-02,2695.81,9,9000000,1.41,2.1,20328.553,1343.35,4.0,0.0
2018-01-03,2713.06,6,6000000,1.41,2.1,20328.553,1343.35,4.0,0.0
2018-01-04,2723.99,2,2000000,1.41,2.1,20328.553,1343.35,4.0,0.0
2018-01-05,2743.15,2,2000000,1.41,2.1,20328.553,1343.35,4.0,0.0
2018-01-08,2747.71,6,6000000,1.41,2.1,20328.553,1343.35,4.0,0.0
2018-01-09,2751.29,3,3000000,1.41,2.1,20328.553,1343.35,4.0,0.0
2018-01-10,2748.23,2,2000000,1.41,2.1,20328.553,1343.35,4.0,0.0
2018-01-12,2786.24,3,3000000,1.41,2.1,20328.553,1343.35,4.0,0.0
2018-01-16,2776.42,4,4000000,1.41,2.1,20328.553,1343.35,4.0,0.0
2018-01-17,2802.56,3,3000000,1.41,2.1,20328.553,1343.35,4.0,0.0
2018-01-18,2798.03,2,2000000,1.41,2.1,20328.553,1343.35,4.0,0.0
2018-01-19,2810.3,3,3000000,1.41,2.1,20328.553,1343.35,4.0,0.0
2018-01-22,2832.97,6,6000000,1.41,2.1,20328.553,1343.35,4.0,0.0
2018-01-23,2839.13,4,4000000,1.41,2.1,20328.553,1343.35,4.0,0.0
2018-01-24,2837.54,2,2000000,1.41,2.1,20328.553,1343.35,4.0,0.0
2018-01-25,2839.25,1,1000000,1.41,2.1,20328.553,1343.35,4.0,0.0
2018-01-26,2872.87,6,6000000,1.41,2.1,20328.553,1343.35,4.0,0.0
2018-01-29,2853.53,2,2000000,1.41,2.1,20328.553,1343.35,4.0,0.0
2018-01-30,2822.43,7,7000000,1.41,2.1,20328.553,1343.35,4.0,0.0
2018-01-31,2823.81,3,3000000,1.41,2.1,20328.553,1343.35,4.0,0.0
2018-02-01,2821.98,5,5000000,1.42,2.2,20328.553,1320.3,4.1,0.0
2018-02-02,2762.13,7,7000000,1.42,2.2,20328.553,1320.3,4.1,0.0
2018-02-05,2648.94,4,4000000,1.42,2.2,20328.553,1320.3,4.1,0.0
2018-02-06,2695.14,6,6000000,1.42,2.2,20328.553,1320.3,4.1,0.0
2018-02-07,2681.66,4,4000000,1.42,2.2,20328.553,1320.3,4.1,0.0
2018-02-08,2581.0,4,4000000,1.42,2.2,20328.553,1320.3,4.1,0.0
2018-02-09,2619.55,3,3000000,1.42,2.2,20328.553,1320.3,4.1,0.0
2018-02-12,2656.0,6,6000000,1.42,2.2,20328.553,1320.3,4.1,0.0
2018-02-13,2662.94,3,3000000,1.42,2.2,20328.553,1320.3,4.1,0.0
2018-02-14,2698.63,1,1000000,1.42,2.2,20328.553,1320.3,4.1,0.0
2018-02-15,2731.2,5,5000000,1.42,2.2,20328.553,1320.3,4.1,0.0
2018-02-16,2732.22,4,4000000,1.42,2.2,20328.553,1320.3,4.1,0.0
2018-02-20,2716.26,2,2000000,1.42,2.2,20328.553,1320.3,4.1,0.0
2018-02-21,2701.33,1,1000000,1.42,2.2,20328.553,1320.3,4.1,0.0
2018-02-22,2703.96,3,3000000,1.42,2.2,20328.553,1320.3,4.1,0.0
2018-02-23,2747.3,2,2000000,1.42,2.2,20328.553,1320.3,4.1,0.0
2018-02-26,2779.6,2,2000000,1.42,2.2,20328.553,1320.3,4.1,0.0
2018-02-27,2744.28,1,1000000,1.42,2.2,20328.553,1320.3,4.1,0.0
2018-02-28,2713.83,5,5000000,1.42,2.2,20328.553,1320.3,4.1,0.0
2018-03-01,2677.67,4,4000000,1.51,2.4,20328.553,1323.9,4.0,0.0
2018-03-02,2691.25,2,2000000,1.51,2.4,20328.553,1323.9,4.0,0.0
2018-03-05,2720.94,2,2000000,1.51,2.4,20328.553,1323.9,4.0,0.0
2018-03-06,2728.12,6,6000000,1.51,2.4,20328.553,1323.9,4.0,0.0
2018-03-07,2726.8,3,3000000,1.51,2.4,20328.553,1323.9,4.0,0.0
2018-03-08,2738.97,3,3000000,1.51,2.4,20328.553,1323.9,4.0,0.0
2018-03-09,2786.57,3,3000000,1.51,2.4,20328.553,1323.9,4.0,0.0
2018-03-12,2783.02,5,5000000,1.51,2.4,20328.553,1323.9,4.0,0.0
2018-03-13,2765.31,4,4000000,1.51,2.4,20328.553,1323.9,4.0,0.0
2018-03-14,2749.48,3,3000000,1.51,2.4,20328.553,1323.9,4.0,0.0
2018-03-15,2747.33,2,2000000,1.51,2.4,20328.553,1323.9,4.0,0.0
2018-03-16,2752.01,1,1000000,1.51,2.4,20328.553,1323.9,4.0,0.0
2018-03-19,2712.92,2,2000000,1.51,2.4,20328.553,1323.9,4.0,0.0
2018-03-20,2716.94,3,3000000,1.51,2.4,20328.553,1323.9,4.0,0.0
2018-03-21,2711.93,3,3000000,1.51,2.4,20328.553,1323.9,4.0,0.0
2018-03-22,2643.69,2,2000000,1.51,2.4,20328.553,1323.9,4.0,0.0
2018-03-23,2588.26,1,1000000,1.51,2.4,20328.553,1323.9,4.0,0.0
2018-03-26,2658.55,3,3000000,1.51,2.4,20328.553,1323.9,4.0,0.0
2018-03-27,2612.62,2,2000000,1.51,2.4,20328.553,1323.9,4.0,0.0
2018-03-28,2605.0,3,3000000,1.51,2.4,20328.553,1323.9,4.0,0.0
2018-03-29,2640.87,4,4000000,1.51,2.4,20328.553,1323.9,4.0,0.0
2018-04-02,2581.88,4,4000000,1.69,2.5,20580.912,1316.25,4.0,0.0
2018-04-03,2614.45,6,6000000,1.69,2.5,20580.912,1316.25,4.0,0.0
2018-04-04,2644.69,2,2000000,1.69,2.5,20580.912,1316.25,4.0,0.0
2018-04-05,2662.84,4,4000000,1.69,2.5,20580.912,1316.25,4.0,0.0
2018-04-06,2604.47,2,2000000,1.69,2.5,20580.912,1316.25,4.0,0.0
2018-04-09,2613.16,3,3000000,1.69,2.5,20580.912,1316.25,4.0,0.0
2018-04-10,2656.87,7,7000000,1.69,2.5,20580.912,1316.25,4.0,0.0
2018-04-11,2642.19,4,4000000,1.69,2.5,20580.912,1316.25,4.0,0.0
2018-04-12,2663.99,1,1000000,1.69,2.5,20580.912,1316.25,4.0,0.0
2018-04-13,2656.3,3,3000000,1.69,2.5,20580.912,1316.25,4.0,0.0
2018-04-16,2677.84,6,6000000,1.69,2.5,20580.912,1316.25,4.0,0.0
2018-04-17,2706.39,4,4000000,1.69,2.5,20580.912,1316.25,4.0,0.0
2018-04-18,2708.64,3,3000000,1.69,2.5,20580.912,1316.25,4.0,0.0
2018-04-19,2693.13,2,2000000,1.69,2.5,20580.912,1316.25,4.0,0.0
2018-04-23,2670.29,3,3000000,1.69,2.5,20580.912,1316.25,4.0,0.0
2018-04-24,2634.56,3,3000000,1.69,2.5,20580.912,1316.25,4.0,0.0
2018-04-25,2639.4,5,5000000,1.69,2.5,20580.912,1316.25,4.0,0.0
2018-04-26,2666.94,3,3000000,1.69,2.5,20580.912,1316.25,4.0,0.0
2018-04-27,2669.91,3,3000000,1.69,2.5,20580.912,1316.25,4.0,0.0
2018-04-30,2648.05,4,4000000,1.69,2.5,20580.912,1316.25,4.0,0.0
2018-05-01,2654.8,1,1000000,1.7,2.8,20580.912,1303.5,3.8,0.0
2018-05-02,2635.67,2,2000000,1.7,2.8,20580.912,1303.5,3.8,0.0
2018-05-03,2629.73,4,4000000,1.7,2.8,20580.912,1303.5,3.8,0.0
2018-05-04,2663.42,3,3000000,1.7,2.8,20580.912,1303.5,3.8,0.0
2018-05-07,2672.63,3,3000000,1.7,2.8,20580.912,1303.5,3.8,0.0
2018-05-08,2671.92,1,1000000,1.7,2.8,20580.912,1303.5,3.8,0.0
2018-05-09,2697.79,2,2000000,1.7,2.8,20580.912,1303.5,3.8,0.0
2018-05-10,2723.07,2,2000000,1.7,2.8,20580.912,1303.5,3.8,0.0
2018-05-11,2727.72,2,2000000,1.7,2.8,20580.912,1303.5,3.8,0.0
2018-05-14,2730.13,4,4000000,1.7,2.8,20580.912,1303.5,3.8,0.0
2018-05-15,2711.45,1,1000000,1.7,2.8,20580.912,1303.5,3.8,0.0
2018-05-16,2722.46,3,3000000,1.7,2.8,20580.912,1303.5,3.8,0.0
2018-05-17,2720.13,4,4000000,1.7,2.8,20580.912,1303.5,3.8,0.0
2018-05-18,2712.97,2,2000000,1.7,2.8,20580.912,1303.5,3.8,0.0
2018-05-21,2733.01,5,5000000,1.7,2.8,20580.912,1303.5,3.8,0.0
2018-05-22,2724.44,5,5000000,1.7,2.8,20580.912,1303.5,3.8,0.0
2018-05-23,2733.29,1,1000000,1.7,2.8,20580.912,1303.5,3.8,0.0
2018-05-24,2727.76,2,2000000,1.7,2.8,20580.912,1303.5,3.8,0.0
2018-05-25,2721.33,2,2000000,1.7,2.8,20580.912,1303.5,3.8,0.0
2018-05-29,2689.86,4,4000000,1.7,2.8,20580.912,1303.5,3.8,0.0
2018-05-30,2724.01,1,1000000,1.7,2.8,20580.912,1303.5,3.8,0.0
2018-05-31,2705.27,1,1000000,1.7,2.8,20580.912,1303.5,3.8,0.0
2018-06-01,2734.62,4,4000000,1.82,2.9,20580.912,1250.55,4.0,0.0
2018-06-04,2746.87,3,3000000,1.82,2.9,20580.912,1250.55,4.0,0.0
2018-06-05,2748.8,6,6000000,1.82,2.9,20580.912,1250.55,4.0,0.0
2018-06-06,2772.35,1,1000000,1.82,2.9,20580.912,1250.55,4.0,0.0
2018-06-07,2770.37,2,2000000,1.82,2.9,20580.912,1250.55,4.0,0.0
2018-06-08,2779.03,4,4000000,1.82,2.9,20580.912,1250.55,4.0,0.0
2018-06-11,2782.0,1,1000000,1.82,2.9,20580.912,1250.55,4.0,0.0
2018-06-12,2786.85,3,3000000,1.82,2.9,20580.912,1250.55,4.0,0.0
2018-06-13,2775.63,4,4000000,1.82,2.9,20580.912,1250.55,4.0,0.0
2018-06-14,2782.49,3,3000000,1.82,2.9,20580.912,1250.55,4.0,0.0
2018-06-15,2779.66,4,4000000,1.82,2.9,20580.912,1250.55,4.0,0.0
2018-06-18,2773.75,3,3000000,1.82,2.9,20580.912,1250.55,4.0,0.0
2018-06-19,2762.59,2,2000000,1.82,2.9,20580.912,1250.55,4.0,0.0
2018-06-20,2767.32,5,5000000,1.82,2.9,20580.912,1250.55,4.0,0.0
2018-06-21,2749.76,1,1000000,1.82,2.9,20580.912,1250.55,4.0,0.0
2018-06-22,2754.88,2,2000000,1.82,2.9,20580.912,1250.55,4.0,0.0
2018-06-25,2717.07,1,1000000,1.82,2.9,20580.912,1250.55,4.0,0.0
2018-06-26,2723.06,1,1000000,1.82,2.9,20580.912,1250.55,4.0,0.0
2018-06-27,2699.63,3,3000000,1.82,2.9,20580.912,1250.55,4.0,0.0
2018-06-28,2716.31,2,2000000,1.82,2.9,20580.912,1250.55,4.0,0.0
2018-07-02,2726.71,4,4000000,1.91,2.9,20798.73,1219.2,3.8,0.0
2018-07-03,2713.22,3,3000000,1.91,2.9,20798.73,1219.2,3.8,0.0
2018-07-05,2736.61,2,2000000,1.91,2.9,20798.73,1219.2,3.8,0.0
2018-07-06,2759.82,6,6000000,1.91,2.9,20798.73,1219.2,3.8,0.0
2018-07-09,2784.17,3,3000000,1.91,2.9,20798.73,1219.2,3.8,0.0
2018-07-10,2793.84,7,7000000,1.91,2.9,20798.73,1219.2,3.8,0.0
2018-07-11,2774.02,2,2000000,1.91,2.9,20798.73,1219.2,3.8,0.0
2018-07-12,2798.29,2,2000000,1.91,2.9,20798.73,1219.2,3.8,0.0
2018-07-13,2801.31,2,2000000,1.91,2.9,20798.73,1219.2,3.8,0.0
2018-07-16,2798.43,7,7000000,1.91,2.9,20798.73,1219.2,3.8,0.0
2018-07-17,2809.55,3,3000000,1.91,2.9,20798.73,1219.2,3.8,0.0
2018-07-18,2815.62,2,2000000,1.91,2.9,20798.73,1219.2,3.8,0.0
2018-07-19,2804.49,2,2000000,1.91,2.9,20798.73,1219.2,3.8,0.0
2018-07-20,2801.83,3,3000000,1.91,2.9,20798.73,1219.2,3.8,0.0
2018-07-23,2806.98,2,2000000,1.91,2.9,20798.73,1219.2,3.8,0.0
2018-07-24,2820.4,2,2000000,1.91,2.9,20798.73,1219.2,3.8,0.0
2018-07-25,2846.07,1,1000000,1.91,2.9,20798.73,1219.2,3.8,0.0
2018-07-26,2837.44,5,5000000,1.91,2.9,20798.73,1219.2,3.8,0.0
2018-07-27,2818.82,4,4000000,1.91,2.9,20798.73,1219.2,3.8,0.0
2018-07-30,2802.6,10,10000000,1.91,2.9,20798.73,1219.2,3.8,0.0
2018-07-31,2816.29,6,6000000,1.91,2.9,20798.73,1219.2,3.8,0.0
2018-08-01,2813.36,3,3000000,1.91,2.7,20798.73,1206.85,3.8,0.0
2018-08-02,2827.22,2,2000000,1.91,2.7,20798.73,1206.85,3.8,0.0
2018-08-03,2840.35,2,2000000,1.91,2.7,20798.73,1206.85,3.8,0.0
2018-08-06,2850.4,5,5000000,1.91,2.7,20798.73,1206.85,3.8,0.0
2018-08-07,2858.45,3,3000000,1.91,2.7,20798.73,1206.85,3.8,0.0
2018-08-08,2857.7,2,2000000,1.91,2.7,20798.73,1206.85,3.8,0.0
2018-08-09,2853.58,5,5000000,1.91,2.7,20798.73,1206.85,3.8,0.0
2018-08-10,2833.28,3,3000000,1.91,2.7,20798.73,1206.85,3.8,0.0
2018-08-13,2821.93,3,3000000,1.91,2.7,20798.73,1206.85,3.8,0.0
2018-08-14,2839.96,4,4000000,1.91,2.7,20798.73,1206.85,3.8,0.0
2018-08-15,2818.37,3,3000000,1.91,2.7,20798.73,1206.85,3.8,0.0
2018-08-16,2840.69,3,3000000,1.91,2.7,20798.73,1206.85,3.8,0.0
2018-08-20,2857.05,2,2000000,1.91,2.7,20798.73,1206.85,3.8,0.0
2018-08-21,2862.96,9,9000000,1.91,2.7,20798.73,1206.85,3.8,0.0
2018-08-22,2861.82,5,5000000,1.91,2.7,20798.73,1206.85,3.8,0.0
2018-08-23,2856.98,3,3000000,1.91,2.7,20798.73,1206.85,3.8,0.0
2018-08-24,2874.69,4,4000000,1.91,2.7,20798.73,1206.85,3.8,0.0
2018-08-27,2896.74,3,3000000,1.91,2.7,20798.73,1206.85,3.8,0.0
2018-08-28,2897.52,5,5000000,1.91,2.7,20798.73,1206.85,3.8,0.0
2018-08-29,2914.04,3,3000000,1.91,2.7,20798.73,1206.85,3.8,0.0
2018-08-30,2901.13,1,1000000,1.91,2.7,20798.73,1206.85,3.8,0.0
2018-08-31,2901.52,3,3000000,1.91,2.7,20798.73,1206.85,3.8,0.0
2018-09-04,2896.72,6,6000000,1.95,2.3,20798.73,1183.5,3.7,0.0
2018-09-05,2888.6,5,5000000,1.95,2.3,20798.73,1183.5,3.7,0.0
2018-09-06,2878.05,2,2000000,1.95,2.3,20798.73,1183.5,3.7,0.0
2018-09-07,2871.68,1,1000000,1.95,2.3,20798.73,1183.5,3.7,0.0
2018-09-10,2877.13,1,1000000,1.95,2.3,20798.73,1183.5,3.7,0.0
2018-09-11,2887.89,5,5000000,1.95,2.3,20798.73,1183.5,3.7,0.0
2018-09-12,2888.92,4,4000000,1.95,2.3,20798.73,1183.5,3.7,0.0
2018-09-13,2904.18,1,1000000,1.95,2.3,20798.73,1183.5,3.7,0.0
2018-09-14,2904.98,2,2000000,1.95,2.3,20798.73,1183.5,3.7,0.0
2018-09-17,2888.8,6,6000000,1.95,2.3,20798.73,1183.5,3.7,0.0
2018-09-19,2907.95,2,2000000,1.95,2.3,20798.73,1183.5,3.7,0.0
2018-09-20,2930.75,2,2000000,1.95,2.3,20798.73,1183.5,3.7,0.0
2018-09-21,2929.67,5,5000000,1.95,2.3,20798.73,1183.5,3.7,0.0
2018-09-24,2919.37,1,1000000,1.95,2.3,20798.73,1183.5,3.7,0.0
2018-09-26,2905.97,3,3000000,1.95,2.3,20798.73,1183.5,3.7,0.0
2018-09-27,2914.0,4,4000000,1.95,2.3,20798.73,1183.5,3.7,0.0
2018-09-28,2913.98,2,2000000,1.95,2.3,20798.73,1183.5,3.7,0.0
2018-10-01,2924.59,6,6000000,2.19,2.5,20917.867,1217.7,3.8,0.0
2018-10-02,2923.43,1,1000000,2.19,2.5,20917.867,1217.7,3.8,0.0
2018-10-03,2925.51,5,5000000,2.19,2.5,20917.867,1217.7,3.8,0.0
2018-10-04,2901.61,1,1000000,2.19,2.5,20917.867,1217.7,3.8,0.0
2018-10-08,2884.43,1,1000000,2.19,2.5,20917.867,1217.7,3.8,0.0
2018-10-09,2880.34,3,3000000,2.19,2.5,20917.867,1217.7,3.8,0.0
2018-10-10,2785.68,6,6000000,2.19,2.5,20917.867,1217.7,3.8,0.0
2018-10-11,2728.37,4,4000000,2.19,2.5,20917.867,1217.7,3.8,0.0
2018-10-12,2767.13,4,4000000,2.19,2.5,20917.867,1217.7,3.8,0.0
2018-10-15,2750.79,5,5000000,2.19,2.5,20917.867,1217.7,3.8,0.0
2018-10-16,2809.92,2,2000000,2.19,2.5,20917.867,1217.7,3.8,0.0
2018-10-17,2809.21,2,2000000,2.19,2.5,20917.867,1217.7,3.8,0.0
2018-10-18,2768.78,4,4000000,2.19,2.5,20917.867,1217.7,3.8,0.0
2018-10-19,2767.78,3,3000000,2.19,2.5,20917.867,1217.7,3.8,0.0
2018-10-22,2755.88,4,4000000,2.19,2.5,20917.867,1217.7,3.8,0.0
2018-10-23,2740.69,4,4000000,2.19,2.5,20917.867,1217.7,3.8,0.0
2018-10-24,2656.1,7,7000000,2.19,2.5,20917.867,1217.7,3.8,0.0
2018-10-25,2705.57,3,3000000,2.19,2.5,20917.867,1217.7,3.8,0.0
2018-10-26,2658.69,3,3000000,2.19,2.5,20917.867,1217.7,3.8,0.0
2018-10-29,2641.25,5,5000000,2.19,2.5,20917.867,1217.7,3.8,0.0
2018-10-30,2682.63,5,5000000,2.19,2.5,20917.867,1217.7,3.8,0.0
2018-10-31,2711.74,5,5000000,2.19,2.5,20917.867,1217.7,3.8,0.0
2018-11-01,2740.37,1,1000000,2.2,2.2,20917.867,1220.45,3.8,0.0
2018-11-02,2723.06,1,1000000,2.2,2.2,20917.867,1220.45,3.8,0.0
2018-11-05,2738.31,2,2000000,2.2,2.2,20917.867,1220.45,3.8,0.0
2018-11-06,2755.45,4,4000000,2.2,2.2,20917.867,1220.45,3.8,0.0
2018-11-07,2813.89,5,5000000,2.2,2.2,20917.867,1220.45,3.8,0.0
2018-11-08,2806.83,3,3000000,2.2,2.2,20917.867,1220.45,3.8,0.0
2018-11-12,2726.22,5,5000000,2.2,2.2,20917.867,1220.45,3.8,0.0
2018-11-13,2722.18,1,1000000,2.2,2.2,20917.867,1220.45,3.8,0.0
2018-11-14,2701.58,6,6000000,2.2,2.2,20917.867,1220.45,3.8,0.0
2018-11-15,2730.2,4,4000000,2.2,2.2,20917.867,1220.45,3.8,0.0
2018-11-16,2736.27,1,1000000,2.2,2.2,20917.867,1220.45,3.8,0.0
2018-11-19,2690.73,7,7000000,2.2,2.2,20917.867,1220.45,3.8,0.0
2018-11-20,2641.89,4,4000000,2.2,2.2,20917.867,1220.45,3.8,0.0
2018-11-21,2649.93,3,3000000,2.2,2.2,20917.867,1220.45,3.8,0.0
2018-11-23,2632.56,1,1000000,2.2,2.2,20917.867,1220.45,3.8,0.0
2018-11-26,2673.45,6,6000000,2.2,2.2,20917.867,1220.45,3.8,0.0
2018-11-27,2682.17,4,4000000,2.2,2.2,20917.867,1220.45,3.8,0.0
2018-11-28,2743.79,2,2000000,2.2,2.2,20917.867,1220.45,3.8,0.0
2018-11-29,2737.8,5,5000000,2.2,2.2,20917.867,1220.45,3.8,0.0
2018-11-30,2760.17,2,2000000,2.2,2.2,20917.867,1220.45,3.8,0.0
2018-12-03,2790.37,2,2000000,2.27,1.9,20917.867,1281.65,3.9,0.0
2018-12-04,2700.06,5,5000000,2.27,1.9,20917.867,1281.65,3.9,0.0
2018-12-06,2695.95,6,6000000,2.27,1.9,20917.867,1281.65,3.9,0.0
2018-12-07,2633.08,1,1000000,2.27,1.9,20917.867,1281.65,3.9,0.0
2018-12-10,2637.72,1,1000000,2.27,1.9,20917.867,1281.65,3.9,0.0
2018-12-11,2636.78,5,5000000,2.27,1.9,20917.867,1281.65,3.9,0.0
2018-12-12,2651.07,5,5000000,2.27,1.9,20917.867,1281.65,3.9,0.0
2018-12-13,2650.54,5,5000000,2.27,1.9,20917.867,1281.65,3.9,0.0
2018-12-14,2599.95,2,2000000,2.27,1.9,20917.867,1281.65,3.9,0.0
2018-12-17,2545.94,5,5000000,2.27,1.9,20917.867,1281.65,3.9,0.0
2018-12-18,2546.16,7,7000000,2.27,1.9,20917.867,1281.65,3.9,0.0
2018-12-19,2506.96,2,2000000,2.27,1.9,20917.867,1281.65,3.9,0.0
2018-12-20,2467.42,6,6000000,2.27,1.9,20917.867,1281.65,3.9,0.0
2018-12-21,2416.62,6,6000000,2.27,1.9,20917.867,1281.65,3.9,0.0
2018-12-24,2351.1,4,4000000,2.27,1.9,20917.867,1281.65,3.9,0.0
2018-12-26,2467.7,9,9000000,2.27,1.9,20917.867,1281.65,3.9,0.0
2018-12-27,2488.83,6,6000000,2.27,1.9,20917.867,1281.65,3.9,0.0
2018-12-28,2485.74,3,3000000,2.27,1.9,20917.867,1281.65,3.9,0.0
2018-12-31,2506.85,17,17000000,2.27,1.9,20917.867,1281.65,3.9,0.0
2019-01-02,2510.03,14,14000000,2.4,1.6,21111.6,1322.5,4.0,0.0
2019-01-03,2447.89,10,10000000,2.4,1.6,21111.6,1322.5,4.0,0.0
2019-01-04,2531.94,10,10000000,2.4,1.6,21111.6,1322.5,4.0,0.0
2019-01-07,2549.69,6,6000000,2.4,1.6,21111.6,1322.5,4.0,0.0
2019-01-08,2574.41,10,10000000,2.4,1.6,21111.6,1322.5,4.0,0.0
2019-01-09,2584.96,10,10000000,2.4,1.6,21111.6,1322.5,4.0,0.0
2019-01-10,2596.64,4,4000000,2.4,1.6,21111.6,1322.5,4.0,0.0
2019-01-11,2596.26,12,12000000,2.4,1.6,21111.6,1322.5,4.0,0.0
2019-01-14,2582.61,8,8000000,2.4,1.6,21111.6,1322.5,4.0,0.0
2019-01-15,2610.3,2,2000000,2.4,1.6,21111.6,1322.5,4.0,0.0
2019-01-16,2616.1,4,4000000,2.4,1.6,21111.6,1322.5,4.0,0.0
2019-01-17,2635.96,8,8000000,2.4,1.6,21111.6,1322.5,4.0,0.0
2019-01-18,2670.71,14,14000000,2.4,1.6,21111.6,1322.5,4.0,0.0
2019-01-22,2632.9,8,8000000,2.4,1.6,21111.6,1322.5,4.0,0.0
2019-01-23,2638.7,6,6000000,2.4,1.6,21111.6,1322.5,4.0,0.0
2019-01-24,2642.33,6,6000000,2.4,1.6,21111.6,1322.5,4.0,0.0
2019-01-25,2664.76,6,6000000,2.4,1.6,21111.6,1322.5,4.0,0.0
2019-01-28,2643.85,4,4000000,2.4,1.6,21111.6,1322.5,4.0,0.0
2019-01-29,2640.0,4,4000000,2.4,1.6,21111.6,1322.5,4.0,0.0
2019-01-30,2681.05,16,16000000,2.4,1.6,21111.6,1322.5,4.0,0.0
2019-01-31,2704.1,10,10000000,2.4,1.6,21111.6,1322.5,4.0,0.0
2019-02-01,2706.53,6,6000000,2.4,1.5,21111.6,1325.45,3.8,0.0
2019-02-04,2724.87,4,4000000,2.4,1.5,21111.6,1325.45,3.8,0.0
2019-02-05,2737.7,12,12000000,2.4,1.5,21111.6,1325.45,3.8,0.0
2019-02-06,2731.61,8,8000000,2.4,1.5,21111.6,1325.45,3.8,0.0
2019-02-07,2706.05,4,4000000,2.4,1.5,21111.6,1325.45,3.8,0.0
2019-02-08,2707.88,6,6000000,2.4,1.5,21111.6,1325.45,3.8,0.0
2019-02-11,2709.8,6,6000000,2.4,1.5,21111.6,1325.45,3.8,0.0
2019-02-12,2744.73,10,10000000,2.4,1.5,21111.6,1325.45,3.8,0.0
2019-02-13,2753.03,14,14000000,2.4,1.5,21111.6,1325.45,3.8,0.0
2019-02-14,2745.73,6,6000000,2.4,1.5,21111.6,1325.45,3.8,0.0
2019-02-15,2775.6,4,4000000,2.4,1.5,21111.6,1325.45,3.8,0.0
2019-02-19,2779.76,6,6000000,2.4,1.5,21111.6,1325.45,3.8,0.0
2019-02-20,2784.7,10,10000000,2.4,1.5,21111.6,1325.45,3.8,0.0
2019-02-21,2774.88,8,8000000,2.4,1.5,21111.6,1325.45,3.8,0.0
2019-02-22,2792.67,2,2000000,2.4,1.5,21111.6,1325.45,3.8,0.0
2019-02-25,2796.11,10,10000000,2.4,1.5,21111.6,1325.45,3.8,0.0
2019-02-26,2793.9,8,8000000,2.4,1.5,21111.6,1325.45,3.8,0.0
2019-02-27,2792.38,10,10000000,2.4,1.5,21111.6,1325.45,3.8,0.0
2019-02-28,2784.49,4,4000000,2.4,1.5,21111.6,1325.45,3.8,0.0
2019-03-01,2803.69,10,10000000,2.41,1.9,21111.6,1291.15,3.8,0.0
2019-03-04,2792.81,4,4000000,2.41,1.9,21111.6,1291.15,3.8,0.0
2019-03-05,2789.65,10,10000000,2.41,1.9,21111.6,1291.15,3.8,0.0
2019-03-06,2771.45,2,2000000,2.41,1.9,21111.6,1291.15,3.8,0.0
2019-03-07,2748.93,8,8000000,2.41,1.9,21111.6,1291.15,3.8,0.0
2019-03-08,2743.07,8,8000000,2.41,1.9,21111.6,1291.15,3.8,0.0
2019-03-11,2783.3,6,6000000,2.41,1.9,21111.6,1291.15,3.8,0.0
2019-03-12,2791.52,2,2000000,2.41,1.9,21111.6,1291.15,3.8,0.0
2019-03-13,2810.92,10,10000000,2.41,1.9,21111.6,1291.15,3.8,0.0
2019-03-14,2808.48,6,6000000,2.41,1.9,21111.6,1291.15,3.8,0.0
2019-03-15,2822.48,14,14000000,2.41,1.9,21111.6,1291.15,3.8,0.0
2019-03-18,2832.94,12,12000000,2.41,1.9,21111.6,1291.15,3.8,0.0
2019-03-19,2832.57,2,2000000,2.41,1.9,21111.6,1291.15,3.8,0.0
2019-03-21,2854.88,4,4000000,2.41,1.9,21111.6,1291.15,3.8,0.0
2019-03-22,2800.71,2,2000000,2.41,1.9,21111.6,1291.15,3.8,0.0
2019-03-25,2798.36,10,10000000,2.41,1.9,21111.6,1291.15,3.8,0.0
2019-03-26,2818.46,4,4000000,2.41,1.9,21111.6,1291.15,3.8,0.0
2019-03-27,2805.37,2,2000000,2.41,1.9,21111.6,1291.15,3.8,0.0
2019-03-28,2815.44,4,4000000,2.41,1.9,21111.6,1291.15,3.8,0.0
2019-03-29,2834.4,10,10000000,2.41,1.9,21111.6,1291.15,3.8,0.0
2019-04-01,2867.19,10,10000000,2.42,2.0,21397.938,1285.15,3.7,0.0
2019-04-02,2867.24,6,6000000,2.42,2.0,21397.938,1285.15,3.7,0.0
2019-04-03,2873.4,8,8000000,2.42,2.0,21397.938,1285.15,3.7,0.0
2019-04-04,2879.39,6,6000000,2.42,2.0,21397.938,1285.15,3.7,0.0
2019-04-05,2892.74,2,2000000,2.42,2.0,21397.938,1285.15,3.7,0.0
2019-04-08,2895.77,10,10000000,2.42,2.0,21397.938,1285.15,3.7,0.0
2019-04-09,2878.2,8,8000000,2.42,2.0,21397.938,1285.15,3.7,0.0
2019-04-10,2888.21,2,2000000,2.42,2.0,21397.938,1285.15,3.7,0.0
2019-04-11,2888.32,4,4000000,2.42,2.0,21397.938,1285.15,3.7,0.0
2019-04-12,2907.41,6,6000000,2.42,2.0,21397.938,1285.15,3.7,0.0
2019-04-15,2905.58,4,4000000,2.42,2.0,21397.938,1285.15,3.7,0.0
2019-04-16,2907.06,2,2000000,2.42,2.0,21397.938,1285.15,3.7,0.0
2019-04-17,2900.45,4,4000000,2.42,2.0,21397.938,1285.15,3.7,0.0
2019-04-18,2905.03,4,4000000,2.42,2.0,21397.938,1285.15,3.7,0.0
2019-04-22,2907.97,2,2000000,2.42,2.0,21397.938,1285.15,3.7,0.0
2019-04-23,2933.68,10,10000000,2.42,2.0,21397.938,1285.15,3.7,0.0
2019-04-24,2927.25,8,8000000,2.42,2.0,21397.938,1285.15,3.7,0.0
2019-04-25,2926.17,8,8000000,2.42,2.0,21397.938,1285.15,3.7,0.0
2019-04-26,2939.88,6,6000000,2.42,2.0,21397.938,1285.15,3.7,0.0
2019-04-29,2943.03,8,8000000,2.42,2.0,21397.938,1285.15,3.7,0.0
2019-04-30,2945.83,6,6000000,2.42,2.0,21397.938,1285.15,3.7,0.0
2019-05-01,2923.73,6,6000000,2.39,1.8,21397.938,1296.0,3.6,0.0
2019-05-02,2917.52,8,8000000,2.39,1.8,21397.938,1296.0,3.6,0.0
2019-05-03,2945.64,6,6000000,2.39,1.8,21397.938,1296.0,3.6,0.0
2019-05-06,2932.47,8,8000000,2.39,1.8,21397.938,1296.0,3.6,0.0
2019-05-07,2884.05,10,10000000,2.39,1.8,21397.938,1296.0,3.6,0.0
2019-05-08,2879.42,10,10000000,2.39,1.8,21397.938,1296.0,3.6,0.0
2019-05-09,2870.72,6,6000000,2.39,1.8,21397.938,1296.0,3.6,0.0
2019-05-10,2881.4,6,6000000,2.39,1.8,21397.938,1296.0,3.6,0.0
2019-05-13,2811.87,6,6000000,2.39,1.8,21397.938,1296.0,3.6,0.0
2019-05-14,2834.41,10,10000000,2.39,1.8,21397.938,1296.0,3.6,0.0
2019-05-15,2850.96,8,8000000,2.39,1.8,21397.938,1296.0,3.6,0.0
2019-05-16,2876.32,6,6000000,2.39,1.8,21397.938,1296.0,3.6,0.0
2019-05-17,2859.53,4,4000000,2.39,1.8,21397.938,1296.0,3.6,0.0
2019-05-20,2840.23,10,10000000,2.39,1.8,21397.938,1296.0,3.6,0.0
2019-05-21,2864.36,2,2000000,2.39,1.8,21397.938,1296.0,3.6,0.0
2019-05-22,2856.27,12,12000000,2.39,1.8,21397.938,1296.0,3.6,0.0
2019-05-23,2822.24,6,6000000,2.39,1.8,21397.938,1296.0,3.6,0.0
2019-05-24,2826.06,8,8000000,2.39,1.8,21397.938,1296.0,3.6,0.0
2019-05-28,2802.39,6,6000000,2.39,1.8,21397.938,1296.0,3.6,0.0
2019-05-29,2783.02,6,6000000,2.39,1.8,21397.938,1296.0,3.6,0.0
2019-05-30,2788.86,6,6000000,2.39,1.8,21397.938,1296.0,3.6,0.0
2019-05-31,2752.06,2,2000000,2.39,1.8,21397.938,1296.0,3.6,0.0
2019-06-03,2744.45,12,12000000,2.38,1.6,21397.938,1413.2,3.6,0.0
2019-06-04,2803.27,2,2000000,2.38,1.6,21397.938,1413.2,3.6,0.0
2019-06-05,2826.15,8,8000000,2.38,1.6,21397.938,1413.2,3.6,0.0
2019-06-06,2843.49,2,2000000,2.38,1.6,21397.938,1413.2,3.6,0.0
2019-06-07,2873.34,10,10000000,2.38,1.6,21397.938,1413.2,3.6,0.0
2019-06-10,2886.73,10,10000000,2.38,1.6,21397.938,1413.2,3.6,0.0
2019-06-11,2885.72,10,10000000,2.38,1.6,21397.938,1413.2,3.6,0.0
2019-06-12,2879.84,2,2000000,2.38,1.6,21397.938,1413.2,3.6,0.0
2019-06-13,2891.64,10,10000000,2.38,1.6,21397.938,1413.2,3.6,0.0
2019-06-17,2889.67,4,4000000,2.38,1.6,21397.938,1413.2,3.6,0.0
2019-06-18,2917.75,2,2000000,2.38,1.6,21397.938,1413.2,3.6,0.0
2019-06-19,2926.46,12,12000000,2.38,1.6,21397.938,1413.2,3.6,0.0
2019-06-20,2954.18,6,6000000,2.38,1.6,21397.938,1413.2,3.6,0.0
2019-06-21,2950.46,6,6000000,2.38,1.6,21397.938,1413.2,3.6,0.0
2019-06-24,2945.35,6,6000000,2.38,1.6,21397.938,1413.2,3.6,0.0
2019-06-25,2917.38,32,32000000,2.38,1.6,21397.938,1413.2,3.6,0.0
2019-06-26,2913.78,4,4000000,2.38,1.6,21397.938,1413.2,3.6,0.0
2019-06-27,2924.92,2,2000000,2.38,1.6,21397.938,1413.2,3.6,0.0
2019-06-28,2941.76,8,8000000,2.38,1.6,21397.938,1413.2,3.6,0.0
2019-07-01,2964.33,12,12000000,2.4,1.8,21717.171,1430.55,3.7,0.0
2019-07-02,2973.01,2,2000000,2.4,1.8,21717.171,1430.55,3.7,0.0
2019-07-03,2995.82,8,8000000,2.4,1.8,21717.171,1430.55,3.7,0.0
2019-07-05,2990.41,4,4000000,2.4,1.8,21717.171,1430.55,3.7,0.0
2019-07-08,2975.95,12,12000000,2.4,1.8,21717.171,1430.55,3.7,0.0
2019-07-10,2993.07,16,16000000,2.4,1.8,21717.171,1430.55,3.7,0.0
2019-07-11,2999.91,2,2000000,2.4,1.8,21717.171,1430.55,3.7,0.0
2019-07-12,3013.77,4,4000000,2.4,1.8,21717.171,1430.55,3.7,0.0
2019-07-15,3014.3,6,6000000,2.4,1.8,21717.171,1430.55,3.7,0.0
2019-07-16,3004.04,2,2000000,2.4,1.8,21717.171,1430.55,3.7,0.0
2019-07-17,2984.42,8,8000000,2.4,1.8,21717.171,1430.55,3.7,0.0
2019-07-18,2995.11,2,2000000,2.4,1.8,21717.171,1430.55,3.7,0.0
2019-07-19,2976.61,10,10000000,2.4,1.8,21717.171,1430.55,3.7,0.0
2019-07-22,2985.03,8,8000000,2.4,1.8,21717.171,1430.55,3.7,0.0
2019-07-23,3005.47,4,4000000,2.4,1.8,21717.171,1430.55,3.7,0.0
2019-07-24,3019.56,6,6000000,2.4,1.8,21717.171,1430.55,3.7,0.0
2019-07-25,3003.67,10,10000000,2.4,1.8,21717.171,1430.55,3.7,0.0
2019-07-26,3025.86,12,12000000,2.4,1.8,21717.171,1430.55,3.7,0.0
2019-07-29,3020.97,2,2000000,2.4,1.8,21717.171,1430.55,3.7,0.0
2019-07-30,3013.18,10,10000000,2.4,1.8,21717.171,1430.55,3.7,0.0
2019-07-31,2980.38,2,2000000,2.4,1.8,21717.171,1430.55,3.7,0.0
2019-08-01,2953.56,8,8000000,2.13,1.7,21717.171,1526.55,3.6,0.0
2019-08-02,2932.05,6,6000000,2.13,1.7,21717.171,1526.55,3.6,0.0
2019-08-05,2844.74,8,8000000,2.13,1.7,21717.171,1526.55,3.6,0.0
2019-08-06,2881.77,6,6000000,2.13,1.7,21717.171,1526.55,3.6,0.0
2019-08-07,2883.98,14,14000000,2.13,1.7,21717.171,1526.55,3.6,0.0
2019-08-08,2938.09,4,4000000,2.13,1.7,21717.171,1526.55,3.6,0.0
2019-08-09,2918.65,8,8000000,2.13,1.7,21717.171,1526.55,3.6,0.0
2019-08-12,2882.7,4,4000000,2.13,1.7,21717.171,1526.55,3.6,0.0
2019-08-13,2926.32,6,6000000,2.13,1.7,21717.171,1526.55,3.6,0.0
2019-08-14,2840.6,8,8000000,2.13,1.7,21717.171,1526.55,3.6,0.0
2019-08-15,2847.6,6,6000000,2.13,1.7,21717.171,1526.55,3.6,0.0
2019-08-16,2888.68,2,2000000,2.13,1.7,21717.171,1526.55,3.6,0.0
2019-08-19,2923.65,6,6000000,2.13,1.7,21717.171,1526.55,3.6,0.0
2019-08-20,2900.51,10,10000000,2.13,1.7,21717.171,1526.55,3.6,0.0
2019-08-21,2924.43,8,8000000,2.13,1.7,21717.171,1526.55,3.6,0.0
2019-08-22,2922.95,6,6000000,2.13,1.7,21717.171,1526.55,3.6,0.0
2019-08-23,2847.11,6,6000000,2.13,1.7,21717.171,1526.55,3.6,0.0
2019-08-26,2878.38,8,8000000,2.13,1.7,21717.171,1526.55,3.6,0.0
2019-08-27,2869.16,4,4000000,2.13,1.7,21717.171,1526.55,3.6,0.0
2019-08-28,2887.94,8,8000000,2.13,1.7,21717.171,1526.55,3.6,0.0
2019-08-29,2924.58,6,6000000,2.13,1.7,21717.171,1526.55,3.6,0.0
2019-08-30,2926.46,8,8000000,2.13,1.7,21717.171,1526.55,3.6,0.0
2019-09-03,2906.27,10,10000000,2.04,1.7,21717.171,1487.6,3.5,0.0
2019-09-04,2937.78,10,10000000,2.04,1.7,21717.171,1487.6,3.5,0.0
2019-09-05,2976.0,4,4000000,2.04,1.7,21717.171,1487.6,3.5,0.0
2019-09-06,2978.71,4,4000000,2.04,1.7,21717.171,1487.6,3.5,0.0
2019-09-09,2978.43,10,10000000,2.04,1.7,21717.171,1487.6,3.5,0.0
2019-09-10,2979.39,4,4000000,2.04,1.7,21717.171,1487.6,3.5,0.0
2019-09-11,3000.93,10,10000000,2.04,1.7,21717.171,1487.6,3.5,0.0
2019-09-12,3009.57,12,12000000,2.04,1.7,21717.171,1487.6,3.5,0.0
2019-09-13,3007.39,4,4000000,2.04,1.7,21717.171,1487.6,3.5,0.0
2019-09-16,2997.96,6,6000000,2.04,1.7,21717.171,1487.6,3.5,0.0
2019-09-17,3005.7,4,4000000,2.04,1.7,21717.171,1487.6,3.5,0.0
2019-09-18,3006.73,6,6000000,2.04,1.7,21717.171,1487.6,3.5,0.0
2019-09-19,3006.79,12,12000000,2.04,1.7,21717.171,1487.6,3.5,0.0
2019-09-20,2992.07,4,4000000,2.04,1.7,21717.171,1487.6,3.5,0.0
2019-09-23,2991.78,10,10000000,2.04,1.7,21717.171,1487.6,3.5,0.0
2019-09-24,2966.6,12,12000000,2.04,1.7,21717.171,1487.6,3.5,0.0
2019-09-25,2984.87,10,10000000,2.04,1.7,21717.171,1487.6,3.5,0.0
2019-09-26,2977.62,6,6000000,2.04,1.7,21717.171,1487.6,3.5,0.0
2019-09-27,2961.79,6,6000000,2.04,1.7,21717.171,1487.6,3.5,0.0
2019-09-30,2976.74,10,10000000,2.04,1.7,21717.171,1487.6,3.5,0.0
2019-10-01,2940.25,12,12000000,1.83,1.8,21933.217,1506.4,3.6,0.0
2019-10-02,2887.61,10,10000000,1.83,1.8,21933.217,1506.4,3.6,0.0
2019-10-03,2910.63,6,6000000,1.83,1.8,21933.217,1506.4,3.6,0.0
2019-10-04,2952.01,4,4000000,1.83,1.8,21933.217,1506.4,3.6,0.0
2019-10-07,2938.79,12,12000000,1.83,1.8,21933.217,1506.4,3.6,0.0
2019-10-08,2893.06,6,6000000,1.83,1.8,21933.217,1506.4,3.6,0.0
2019-10-09,2919.4,6,6000000,1.83,1.8,21933.217,1506.4,3.6,0.0
2019-10-10,2938.13,6,6000000,1.83,1.8,21933.217,1506.4,3.6,0.0
2019-10-11,2970.27,14,14000000,1.83,1.8,21933.217,1506.4,3.6,0.0
2019-10-14,2966.15,4,4000000,1.83,1.8,21933.217,1506.4,3.6,0.0
2019-10-15,2995.68,12,12000000,1.83,1.8,21933.217,1506.4,3.6,0.0
2019-10-16,2989.69,6,6000000,1.83,1.8,21933.217,1506.4,3.6,0.0
2019-10-17,2997.95,6,6000000,1.83,1.8,21933.217,1506.4,3.6,0.0
2019-10-18,2986.2,6,6000000,1.83,1.8,21933.217,1506.4,3.6,0.0
2019-10-21,3006.72,10,10000000,1.83,1.8,21933.217,1506.4,3.6,0.0
2019-10-23,3004.52,4,4000000,1.83,1.8,21933.217,1506.4,3.6,0.0
2019-10-24,3010.29,4,4000000,1.83,1.8,21933.217,1506.4,3.6,0.0
2019-10-25,3022.55,12,12000000,1.83,1.8,21933.217,1506.4,3.6,0.0
2019-10-28,3039.42,18,18000000,1.83,1.8,21933.217,1506.4,3.6,0.0
2019-10-29,3036.89,6,6000000,1.83,1.8,21933.217,1506.4,3.6,0.0
2019-10-30,3046.77,10,10000000,1.83,1.8,21933.217,1506.4,3.6,0.0
2019-10-31,3037.56,6,6000000,1.83,1.8,21933.217,1506.4,3.6,0.0
2019-11-01,3066.91,18,18000000,1.55,2.1,21933.217,1456.35,3.6,0.0
2019-11-04,3078.27,6,6000000,1.55,2.1,21933.217,1456.35,3.6,0.0
2019-11-05,3074.62,8,8000000,1.55,2.1,21933.217,1456.35,3.6,0.0
2019-11-06,3076.78,12,12000000,1.55,2.1,21933.217,1456.35,3.6,0.0
2019-11-07,3085.18,8,8000000,1.55,2.1,21933.217,1456.35,3.6,0.0
2019-11-08,3093.08,10,10000000,1.55,2.1,21933.217,1456.35,3.6,0.0
2019-11-11,3087.01,4,4000000,1.55,2.1,21933.217,1456.35,3.6,0.0
2019-11-12,3091.84,8,8000000,1.55,2.1,21933.217,1456.35,3.6,0.0
2019-11-13,3094.04,8,8000000,1.55,2.1,21933.217,1456.35,3.6,0.0
2019-11-14,3096.63,6,6000000,1.55,2.1,21933.217,1456.35,3.6,0.0
2019-11-15,3120.46,8,8000000,1.55,2.1,21933.217,1456.35,3.6,0.0
2019-11-18,3122.03,12,12000000,1.55,2.1,21933.217,1456.35,3.6,0.0
2019-11-19,3120.18,4,4000000,1.55,2.1,21933.217,1456.35,3.6,0.0
2019-11-20,3108.46,4,4000000,1.55,2.1,21933.217,1456.35,3.6,0.0
2019-11-21,3103.54,10,10000000,1.55,2.1,21933.217,1456.35,3.6,0.0
2019-11-22,3110.29,2,2000000,1.55,2.1,21933.217,1456.35,3.6,0.0
2019-11-25,3133.64,8,8000000,1.55,2.1,21933.217,1456.35,3.6,0.0
2019-11-26,3140.52,8,8000000,1.55,2.1,21933.217,1456.35,3.6,0.0
2019-11-27,3153.63,6,6000000,1.55,2.1,21933.217,1456.35,3.6,0.0
2019-11-29,3140.98,2,2000000,1.55,2.1,21933.217,1456.35,3.6,0.0
2019-12-02,3113.87,14,14000000,1.55,2.3,21933.217,1523.0,3.6,0.0
2019-12-03,3093.2,2,2000000,1.55,2.3,21933.217,1523.0,3.6,0.0
2019-12-04,3112.76,6,6000000,1.55,2.3,21933.217,1523.0,3.6,0.0
2019-12-05,3117.43,8,8000000,1.55,2.3,21933.217,1523.0,3.6,0.0
2019-12-06,3145.91,4,4000000,1.55,2.3,21933.217,1523.0,3.6,0.0
2019-12-09,3135.96,8,8000000,1.55,2.3,21933.217,1523.0,3.6,0.0
2019-12-10,3132.52,8,8000000,1.55,2.3,21933.217,1523.0,3.6,0.0
2019-12-11,3141.63,6,6000000,1.55,2.3,21933.217,1523.0,3.6,0.0
2019-12-12,3168.57,8,8000000,1.55,2.3,21933.217,1523.0,3.6,0.0
2019-12-13,3168.8,8,8000000,1.55,2.3,21933.217,1523.0,3.6,0.0
2019-12-16,3191.45,6,6000000,1.55,2.3,21933.217,1523.0,3.6,0.0
2019-12-17,3192.52,10,10000000,1.55,2.3,21933.217,1523.0,3.6,0.0
2019-12-18,3191.14,14,14000000,1.55,2.3,21933.217,1523.0,3.6,0.0
2019-12-19,3205.37,4,4000000,1.55,2.3,21933.217,1523.0,3.6,0.0
2019-12-20,3221.22,16,16000000,1.55,2.3,21933.217,1523.0,3.6,0.0
2019-12-23,3224.01,22,22000000,1.55,2.3,21933.217,1523.0,3.6,0.0
2019-12-24,3223.38,4,4000000,1.55,2.3,21933.217,1523.0,3.6,0.0
2019-12-26,3239.91,14,14000000,1.55,2.3,21933.217,1523.0,3.6,0.0
2019-12-27,3240.02,6,6000000,1.55,2.3,21933.217,1523.0,3.6,0.0
2019-12-30,3221.29,10,10000000,1.55,2.3,21933.217,1523.0,3.6,0.0
2019-12-31,3230.78,28,28000000,1.55,2.3,21933.217,1523.0,3.6,0.0
2020-01-02,3257.85,5,5000000,1.55,2.5,21727.657,1580.85,3.6,0.0
2020-01-03,3234.85,9,9000000,1.55,2.5,21727.657,1580.85,3.6,0.0
2020-01-06,3246.28,5,5000000,1.55,2.5,21727.657,1580.85,3.6,0.0
2020-01-07,3237.18,4,4000000,1.55,2.5,21727.657,1580.85,3.6,0.0
2020-01-08,3253.05,6,6000000,1.55,2.5,21727.657,1580.85,3.6,0.0
2020-01-09,3274.7,7,7000000,1.55,2.5,21727.657,1580.85,3.6,0.0
2020-01-10,3265.35,3,3000000,1.55,2.5,21727.657,1580.85,3.6,0.0
2020-01-13,3288.13,4,4000000,1.55,2.5,21727.657,1580.85,3.6,0.0
2020-01-14,3283.15,7,7000000,1.55,2.5,21727.657,1580.85,3.6,0.0
2020-01-15,3289.29,7,7000000,1.55,2.5,21727.657,1580.85,3.6,0.0
2020-01-16,3316.81,8,8000000,1.55,2.5,21727.657,1580.85,3.6,0.0
2020-01-17,3329.62,5,5000000,1.55,2.5,21727.657,1580.85,3.6,0.0
2020-01-21,3320.79,6,6000000,1.55,2.5,21727.657,1580.85,3.6,0.0
2020-01-22,3321.75,3,3000000,1.55,2.5,21727.657,1580.85,3.6,0.0
2020-01-23,3325.54,2,2000000,1.55,2.5,21727.657,1580.85,3.6,0.0
2020-01-24,3295.47,2,2000000,1.55,2.5,21727.657,1580.85,3.6,0.0
2020-01-27,3243.63,4,4000000,1.55,2.5,21727.657,1580.85,3.6,0.0
2020-01-28,3276.24,6,6000000,1.55,2.5,21727.657,1580.85,3.6,0.0
2020-01-29,3273.4,2,2000000,1.55,2.5,21727.657,1580.85,3.6,0.0
2020-01-30,3283.66,3,3000000,1.55,2.5,21727.657,1580.85,3.6,0.0
2020-01-31,3225.52,1,1000000,1.55,2.5,21727.657,1580.85,3.6,0.0
2020-02-03,3248.92,7,7000000,1.58,2.3,21727.657,1626.35,3.5,0.0
2020-02-04,3297.59,3,3000000,1.58,2.3,21727.657,1626.35,3.5,0.0
2020-02-05,3334.69,4,4000000,1.58,2.3,21727.657,1626.35,3.5,0.0
2020-02-06,3345.78,3,3000000,1.58,2.3,21727.657,1626.35,3.5,0.0
2020-02-07,3327.71,6,6000000,1.58,2.3,21727.657,1626.35,3.5,0.0
2020-02-10,3352.09,7,7000000,1.58,2.3,21727.657,1626.35,3.5,0.0
2020-02-11,3357.75,6,6000000,1.58,2.3,21727.657,1626.35,3.5,0.0
2020-02-12,3379.45,6,6000000,1.58,2.3,21727.657,1626.35,3.5,0.0
2020-02-13,3373.94,3,3000000,1.58,2.3,21727.657,1626.35,3.5,0.0
2020-02-14,3380.16,2,2000000,1.58,2.3,21727.657,1626.35,3.5,0.0
2020-02-18,3370.29,1,1000000,1.58,2.3,21727.657,1626.35,3.5,0.0
2020-02-19,3386.15,7,7000000,1.58,2.3,21727.657,1626.35,3.5,0.0
2020-02-20,3373.23,4,4000000,1.58,2.3,21727.657,1626.35,3.5,0.0
2020-02-21,3337.75,6,6000000,1.58,2.3,21727.657,1626.35,3.5,0.0
2020-02-24,3225.89,7,7000000,1.58,2.3,21727.657,1626.35,3.5,0.0
2020-02-25,3128.21,8,8000000,1.58,2.3,21727.657,1626.35,3.5,0.0
2020-02-26,3116.39,10,10000000,1.58,2.3,21727.657,1626.35,3.5,0.0
2020-02-27,2978.76,17,17000000,1.58,2.3,21727.657,1626.35,3.5,0.0
2020-02-28,2954.22,16,16000000,1.58,2.3,21727.657,1626.35,3.5,0.0
2020-03-02,3090.23,4,4000000,0.65,1.5,21727.657,1604.65,4.4,0.0
2020-03-03,3003.37,5,5000000,0.65,1.5,21727.657,1604.65,4.4,0.0
2020-03-04,3130.12,4,4000000,0.65,1.5,21727.657,1604.65,4.4,0.0
2020-03-05,3023.94,5,5000000,0.65,1.5,21727.657,1604.65,4.4,0.0
2020-03-06,2972.37,5,5000000,0.65,1.5,21727.657,1604.65,4.4,0.0
2020-03-09,2746.56,32,32000000,0.65,1.5,21727.657,1604.65,4.4,0.0
2020-03-10,2882.23,8,8000000,0.65,1.5,21727.657,1604.65,4.4,0.0
2020-03-11,2741.38,10,10000000,0.65,1.5,21727.657,1604.65,4.4,0.0
2020-03-12,2480.64,25,25000000,0.65,1.5,21727.657,1604.65,4.4,0.0
2020-03-13,2711.02,15,15000000,0.65,1.5,21727.657,1604.65,4.4,0.0
2020-03-16,2386.13,20,20000000,0.65,1.5,21727.657,1604.65,4.4,0.0
2020-03-17,2529.19,14,14000000,0.65,1.5,21727.657,1604.65,4.4,0.0
2020-03-18,2398.1,12,12000000,0.65,1.5,21727.657,1604.65,4.4,0.0
2020-03-19,2409.39,12,12000000,0.65,1.5,21727.657,1604.65,4.4,0.0
2020-03-20,2304.92,6,6000000,0.65,1.5,21727.657,1604.65,4.4,0.0
2020-03-23,2237.4,9,9000000,0.65,1.5,21727.657,1604.65,4.4,0.0
2020-03-24,2447.33,10,10000000,0.65,1.5,21727.657,1604.65,4.4,0.0
2020-03-25,2475.56,12,12000000,0.65,1.5,21727.657,1604.65,4.4,0.0
2020-03-26,2630.07,5,5000000,0.65,1.5,21727.657,1604.65,4.4,0.0
2020-03-27,2541.47,9,9000000,0.65,1.5,21727.657,1604.65,4.4,0.0
2020-03-30,2626.65,4,4000000,0.65,1.5,21727.657,1604.65,4.4,0.0
2020-03-31,2584.59,10,10000000,0.65,1.5,21727.657,1604.65,4.4,0.0
2020-04-01,2470.5,7,7000000,0.05,0.3,19935.444,1716.75,14.8,0.0
2020-04-02,2526.9,6,6000000,0.05,0.3,19935.444,1716.75,14.8,0.0
2020-04-03,2488.65,5,5000000,0.05,0.3,19935.444,1716.75,14.8,0.0
2020-04-06,2663.68,10,10000000,0.05,0.3,19935.444,1716.75,14.8,0.0
2020-04-07,2659.41,2,2000000,0.05,0.3,19935.444,1716.75,14.8,0.0
2020-04-08,2749.98,8,8000000,0.05,0.3,19935.444,1716.75,14.8,0.0
2020-04-09,2789.82,5,5000000,0.05,0.3,19935.444,1716.75,14.8,0.0
2020-04-13,2761.63,4,4000000,0.05,0.3,19935.444,1716.75,14.8,0.0
2020-04-14,2846.06,7,7000000,0.05,0.3,19935.444,1716.75,14.8,0.0
2020-04-15,2783.36,4,4000000,0.05,0.3,19935.444,1716.75,14.8,0.0
2020-04-16,2799.55,5,5000000,0.05,0.3,19935.444,1716.75,14.8,0.0
2020-04-17,2874.56,5,5000000,0.05,0.3,19935.444,1716.75,14.8,0.0
2020-04-20,2823.16,5,5000000,0.05,0.3,19935.444,1716.75,14.8,0.0
2020-04-21,2736.56,3,3000000,0.05,0.3,19935.444,1716.75,14.8,0.0
2020-04-22,2799.31,1,1000000,0.05,0.3,19935.444,1716.75,14.8,0.0
2020-04-24,2836.74,1,1000000,0.05,0.3,19935.444,1716.75,14.8,0.0
2020-04-27,2878.48,4,4000000,0.05,0.3,19935.444,1716.75,14.8,0.0
2020-04-28,2863.39,4,4000000,0.05,0.3,19935.444,1716.75,14.8,0.0
2020-04-29,2939.51,1,1000000,0.05,0.3,19935.444,1716.75,14.8,0.0
2020-04-30,2912.43,4,4000000,0.05,0.3,19935.444,1716.75,14.8,0.0
2020-05-01,2830.71,7,7000000,0.05,0.1,19935.444,1725.65,13.2,0.0
2020-05-04,2842.74,5,5000000,0.05,0.1,19935.444,1725.65,13.2,0.0
2020-05-05,2868.44,7,7000000,0.05,0.1,19935.444,1725.65,13.2,0.0
2020-05-06,2848.42,4,4000000,0.05,0.1,19935.444,1725.65,13.2,0.0
2020-05-07,2881.19,7,7000000,0.05,0.1,19935.444,1725.65,13.2,0.0
2020-05-08,2929.8,8,8000000,0.05,0.1,19935.444,1725.65,13.2,0.0
2020-05-11,2930.19,5,5000000,0.05,0.1,19935.444,1725.65,13.2,0.0
2020-05-12,2870.12,4,4000000,0.05,0.1,19935.444,1725.65,13.2,0.0
2020-05-13,2820.0,4,4000000,0.05,0.1,19935.444,1725.65,13.2,0.0
2020-05-14,2852.5,5,5000000,0.05,0.1,19935.444,1725.65,13.2,0.0
2020-05-15,2863.7,3,3000000,0.05,0.1,19935.444,1725.65,13.2,0.0
2020-05-18,2953.91,2,2000000,0.05,0.1,19935.444,1725.65,13.2,0.0
2020-05-19,2922.94,3,3000000,0.05,0.1,19935.444,1725.65,13.2,0.0
2020-05-20,2971.61,6,6000000,0.05,0.1,19935.444,1725.65,13.2,0.0
2020-05-21,2948.51,6,6000000,0.05,0.1,19935.444,1725.65,13.2,0.0
2020-05-22,2955.45,3,3000000,0.05,0.1,19935.444,1725.65,13.2,0.0
2020-05-26,2991.77,8,8000000,0.05,0.1,19935.444,1725.65,13.2,0.0
2020-05-27,3036.13,7,7000000,0.05,0.1,19935.444,1725.65,13.2,0.0
2020-05-28,3029.73,10,10000000,0.05,0.1,19935.444,1725.65,13.2,0.0
2020-05-29,3044.31,4,4000000,0.05,0.1,19935.444,1725.65,13.2,0.0
2020-06-01,3055.73,7,7000000,0.08,0.6,19935.444,1770.7,11.0,0.0
2020-06-02,3080.82,7,7000000,0.08,0.6,19935.444,1770.7,11.0,0.0
2020-06-03,3122.87,2,2000000,0.08,0.6,19935.444,1770.7,11.0,0.0
2020-06-04,3112.35,6,6000000,0.08,0.6,19935.444,1770.7,11.0,0.0
2020-06-05,3193.93,6,6000000,0.08,0.6,19935.444,1770.7,11.0,0.0
2020-06-08,3232.39,8,8000000,0.08,0.6,19935.444,1770.7,11.0,0.0
2020-06-09,3207.18,8,8000000,0.08,0.6,19935.444,1770.7,11.0,0.0
2020-06-10,3190.14,6,6000000,0.08,0.6,19935.444,1770.7,11.0,0.0
2020-06-11,3002.1,5,5000000,0.08,0.6,19935.444,1770.7,11.0,0.0
2020-06-12,3041.31,4,4000000,0.08,0.6,19935.444,1770.7,11.0,0.0
2020-06-15,3066.59,6,6000000,0.08,0.6,19935.444,1770.7,11.0,0.0
2020-06-16,3124.74,5,5000000,0.08,0.6,19935.444,1770.7,11.0,0.0
2020-06-17,3113.49,6,6000000,0.08,0.6,19935.444,1770.7,11.0,0.0
2020-06-18,3115.34,3,3000000,0.08,0.6,19935.444,1770.7,11.0,0.0
2020-06-19,3097.74,6,6000000,0.08,0.6,19935.444,1770.7,11.0,0.0
2020-06-22,3117.86,3,3000000,0.08,0.6,19935.444,1770.7,11.0,0.0
2020-06-24,3050.33,7,7000000,0.08,0.6,19935.444,1770.7,11.0,0.0
2020-06-25,3083.76,4,4000000,0.08,0.6,19935.444,1770.7,11.0,0.0
2020-06-26,3009.05,4,4000000,0.08,0.6,19935.444,1770.7,11.0,0.0
2020-06-29,3053.24,10,10000000,0.08,0.6,19935.444,1770.7,11.0,0.0
2020-06-30,3100.29,9,9000000,0.08,0.6,19935.444,1770.7,11.0,0.0
2020-07-01,3115.86,11,11000000,0.09,1.0,21684.551,1971.68,10.2,0.0
2020-07-02,3130.01,9,9000000,0.09,1.0,21684.551,1971.68,10.2,0.0
2020-07-06,3179.72,6,6000000,0.09,1.0,21684.551,1971.68,10.2,0.0
2020-07-07,3145.32,1,1000000,0.09,1.0,21684.551,1971.68,10.2,0.0
2020-07-08,3169.94,5,5000000,0.09,1.0,21684.551,1971.68,10.2,0.0
2020-07-09,3152.05,2,2000000,0.09,1.0,21684.551,1971.68,10.2,0.0
2020-07-10,3185.04,4,4000000,0.09,1.0,21684.551,1971.68,10.2,0.0
2020-07-13,3155.22,6,6000000,0.09,1.0,21684.551,1971.68,10.2,0.0
2020-07-14,3197.52,3,3000000,0.09,1.0,21684.551,1971.68,10.2,0.0
2020-07-15,3226.56,5,5000000,0.09,1.0,21684.551,1971.68,10.2,0.0
2020-07-16,3215.57,1,1000000,0.09,1.0,21684.551,1971.68,10.2,0.0
2020-07-20,3251.84,6,6000000,0.09,1.0,21684.551,1971.68,10.2,0.0
2020-07-21,3257.3,6,6000000,0.09,1.0,21684.551,1971.68,10.2,0.0
2020-07-22,3276.02,6,6000000,0.09,1.0,21684.551,1971.68,10.2,0.0
2020-07-23,3235.66,5,5000000,0.09,1.0,21684.551,1971.68,10.2,0.0
2020-07-24,3215.63,4,4000000,0.09,1.0,21684.551,1971.68,10.2,0.0
2020-07-27,3239.41,3,3000000,0.09,1.0,21684.551,1971.68,10.2,0.0
2020-07-28,3218.44,6,6000000,0.09,1.0,21684.551,1971.68,10.2,0.0
2020-07-29,3258.44,3,3000000,0.09,1.0,21684.551,1971.68,10.2,0.0
2020-07-30,3246.22,2,2000000,0.09,1.0,21684.551,1971.68,10.2,0.0
2020-07-31,3271.12,7,7000000,0.09,1.0,21684.551,1971.68,10.2,0.0
2020-08-03,3294.61,6,6000000,0.1,1.3,21684.551,1970.5,8.4,0.0
2020-08-04,3306.51,6,6000000,0.1,1.3,21684.551,1970.5,8.4,0.0
2020-08-05,3327.77,1,1000000,0.1,1.3,21684.551,1970.5,8.4,0.0
2020-08-06,3349.16,7,7000000,0.1,1.3,21684.551,1970.5,8.4,0.0
2020-08-07,3351.28,4,4000000,0.1,1.3,21684.551,1970.5,8.4,0.0
2020-08-10,3360.47,8,8000000,0.1,1.3,21684.551,1970.5,8.4,0.0
2020-08-11,3333.69,8,8000000,0.1,1.3,21684.551,1970.5,8.4,0.0
2020-08-12,3380.35,3,3000000,0.1,1.3,21684.551,1970.5,8.4,0.0
2020-08-13,3373.43,1,1000000,0.1,1.3,21684.551,1970.5,8.4,0.0
2020-08-14,3372.85,5,5000000,0.1,1.3,21684.551,1970.5,8.4,0.0
2020-08-17,3381.99,8,8000000,0.1,1.3,21684.551,1970.5,8.4,0.0
2020-08-18,3389.78,16,16000000,0.1,1.3,21684.551,1970.5,8.4,0.0
2020-08-19,3374.85,7,7000000,0.1,1.3,21684.551,1970.5,8.4,0.0
2020-08-20,3385.51,7,7000000,0.1,1.3,21684.551,1970.5,8.4,0.0
2020-08-21,3397.16,8,8000000,0.1,1.3,21684.551,1970.5,8.4,0.0
2020-08-24,3431.28,2,2000000,0.1,1.3,21684.551,1970.5,8.4,0.0
2020-08-25,3443.62,14,14000000,0.1,1.3,21684.551,1970.5,8.4,0.0
2020-08-26,3478.73,6,6000000,0.1,1.3,21684.551,1970.5,8.4,0.0
2020-08-27,3484.55,3,3000000,0.1,1.3,21684.551,1970.5,8.4,0.0
2020-08-28,3508.01,9,9000000,0.1,1.3,21684.551,1970.5,8.4,0.0
2020-08-31,3500.31,4,4000000,0.1,1.3,21684.551,1970.5,8.4,0.0
2020-09-01,3526.65,6,6000000,0.09,1.4,21684.551,1893.9,7.8,0.0
2020-09-02,3580.84,7,7000000,0.09,1.4,21684.551,1893.9,7.8,0.0
2020-09-03,3455.06,10,10000000,0.09,1.4,21684.551,1893.9,7.8,0.0
2020-09-04,3426.96,4,4000000,0.09,1.4,21684.551,1893.9,7.8,0.0
2020-09-08,3331.84,12,12000000,0.09,1.4,21684.551,1893.9,7.8,0.0
2020-09-09,3398.96,6,6000000,0.09,1.4,21684.551,1893.9,7.8,0.0
2020-09-10,3339.19,3,3000000,0.09,1.4,21684.551,1893.9,7.8,0.0
2020-09-11,3340.97,1,1000000,0.09,1.4,21684.551,1893.9,7.8,0.0
2020-09-14,3383.54,5,5000000,0.09,1.4,21684.551,1893.9,7.8,0.0
2020-09-15,3401.2,4,4000000,0.09,1.4,21684.551,1893.9,7.8,0.0
2020-09-16,3385.49,6,6000000,0.09,1.4,21684.551,1893.9,7.8,0.0
2020-09-17,3357.01,5,5000000,0.09,1.4,21684.551,1893.9,7.8,0.0
2020-09-18,3319.47,5,5000000,0.09,1.4,21684.551,1893.9,7.8,0.0
2020-09-21,3281.06,3,3000000,0.09,1.4,21684.551,1893.9,7.8,0.0
2020-09-22,3315.57,3,3000000,0.09,1.4,21684.551,1893.9,7.8,0.0
2020-09-23,3236.92,55,55000000,0.09,1.4,21684.551,1893.9,7.8,0.0
2020-09-24,3246.59,5,5000000,0.09,1.4,21684.551,1893.9,7.8,0.0
2020-09-25,3298.46,3,3000000,0.09,1.4,21684.551,1893.9,7.8,0.0
2020-09-28,3351.6,6,6000000,0.09,1.4,21684.551,1893.9,7.8,0.0
2020-09-29,3335.47,7,7000000,0.09,1.4,21684.551,1893.9,7.8,0.0
2020-09-30,3363.0,8,8000000,0.09,1.4,21684.551,1893.9,7.8,0.0
2020-10-01,3380.8,3,3000000,0.09,1.2,22068.767,1879.9,6.9,0.0
2020-10-02,3348.42,2,2000000,0.09,1.2,22068.767,1879.9,6.9,0.0
2020-10-05,3408.6,2,2000000,0.09,1.2,22068.767,1879.9,6.9,0.0
2020-10-06,3360.97,2,2000000,0.09,1.2,22068.767,1879.9,6.9,0.0
2020-10-07,3419.44,5,5000000,0.09,1.2,22068.767,1879.9,6.9,0.0
2020-10-08,3446.83,4,4000000,0.09,1.2,22068.767,1879.9,6.9,0.0
2020-10-09,3477.14,1,1000000,0.09,1.2,22068.767,1879.9,6.9,0.0
2020-10-12,3534.22,6,6000000,0.09,1.2,22068.767,1879.9,6.9,0.0
2020-10-13,3511.93,4,4000000,0.09,1.2,22068.767,1879.9,6.9,0.0
2020-10-14,3488.67,3,3000000,0.09,1.2,22068.767,1879.9,6.9,0.0
2020-10-15,3483.34,2,2000000,0.09,1.2,22068.767,1879.9,6.9,0.0
2020-10-16,3483.81,3,3000000,0.09,1.2,22068.767,1879.9,6.9,0.0
2020-10-19,3426.92,6,6000000,0.09,1.2,22068.767,1879.9,6.9,0.0
2020-10-20,3443.12,5,5000000,0.09,1.2,22068.767,1879.9,6.9,0.0
2020-10-21,3435.56,6,6000000,0.09,1.2,22068.767,1879.9,6.9,0.0
2020-10-22,3453.49,6,6000000,0.09,1.2,22068.767,1879.9,6.9,0.0
2020-10-23,3465.39,4,4000000,0.09,1.2,22068.767,1879.9,6.9,0.0
2020-10-26,3400.97,3,3000000,0.09,1.2,22068.767,1879.9,6.9,0.0
2020-10-27,3390.68,6,6000000,0.09,1.2,22068.767,1879.9,6.9,0.0
2020-10-28,3271.03,2,2000000,0.09,1.2,22068.767,1879.9,6.9,0.0
2020-10-29,3310.11,5,5000000,0.09,1.2,22068.767,1879.9,6.9,0.0
2020-10-30,3269.96,1,1000000,0.09,1.2,22068.767,1879.9,6.9,0.0
2020-11-02,3310.24,10,10000000,0.09,1.2,22068.767,1779.86,6.7,0.0
2020-11-03,3369.16,15,15000000,0.09,1.2,22068.767,1779.86,6.7,0.0
2020-11-04,3443.44,5,5000000,0.09,1.2,22068.767,1779.86,6.7,0.0
2020-11-05,3510.45,4,4000000,0.09,1.2,22068.767,1779.86,6.7,0.0
2020-11-06,3509.44,8,8000000,0.09,1.2,22068.767,1779.86,6.7,0.0
2020-11-09,3550.5,6,6000000,0.09,1.2,22068.767,1779.86,6.7,0.0
2020-11-10,3545.53,4,4000000,0.09,1.2,22068.767,1779.86,6.7,0.0
2020-11-11,3572.66,1,1000000,0.09,1.2,22068.767,1779.86,6.7,0.0
2020-11-12,3537.01,4,4000000,0.09,1.2,22068.767,1779.86,6.7,0.0
2020-11-13,3585.15,5,5000000,0.09,1.2,22068.767,1779.86,6.7,0.0
2020-11-16,3626.91,11,11000000,0.09,1.2,22068.767,1779.86,6.7,0.0
2020-11-17,3609.53,14,14000000,0.09,1.2,22068.767,1779.86,6.7,0.0
2020-11-18,3567.79,3,3000000,0.09,1.2,22068.767,1779.86,6.7,0.0
2020-11-19,3581.87,7,7000000,0.09,1.2,22068.767,1779.86,6.7,0.0
2020-11-20,3557.54,7,7000000,0.09,1.2,22068.767,1779.86,6.7,0.0
2020-11-23,3577.59,6,6000000,0.09,1.2,22068.767,1779.86,6.7,0.0
2020-11-24,3635.41,13,13000000,0.09,1.2,22068.767,1779.86,6.7,0.0
2020-11-25,3629.65,8,8000000,0.09,1.2,22068.767,1779.86,6.7,0.0
2020-11-27,3638.35,3,3000000,0.09,1.2,22068.767,1779.86,6.7,0.0
2020-11-30,3621.63,7,7000000,0.09,1.2,22068.767,1779.86,6.7,0.0
2020-12-01,3662.45,9,9000000,0.09,1.4,22068.767,1895.1,6.7,0.0
2020-12-02,3669.01,6,6000000,0.09,1.4,22068.767,1895.1,6.7,0.0
2020-12-03,3666.72,1,1000000,0.09,1.4,22068.767,1895.1,6.7,0.0
2020-12-04,3699.12,6,6000000,0.09,1.4,22068.767,1895.1,6.7,0.0
2020-12-07,3691.96,4,4000000,0.09,1.4,22068.767,1895.1,6.7,0.0
2020-12-08,3702.25,3,3000000,0.09,1.4,22068.767,1895.1,6.7,0.0
2020-12-09,3672.82,4,4000000,0.09,1.4,22068.767,1895.1,6.7,0.0
2020-12-10,3668.1,8,8000000,0.09,1.4,22068.767,1895.1,6.7,0.0
2020-12-11,3663.46,6,6000000,0.09,1.4,22068.767,1895.1,6.7,0.0
2020-12-14,3647.49,4,4000000,0.09,1.4,22068.767,1895.1,6.7,0.0
2020-12-15,3694.62,6,6000000,0.09,1.4,22068.767,1895.1,6.7,0.0
2020-12-16,3701.17,6,6000000,0.09,1.4,22068.767,1895.1,6.7,0.0
2020-12-17,3722.48,6,6000000,0.09,1.4,22068.767,1895.1,6.7,0.0
2020-12-18,3709.41,11,11000000,0.09,1.4,22068.767,1895.1,6.7,0.0
2020-12-21,3694.92,13,13000000,0.09,1.4,22068.767,1895.1,6.7,0.0
2020-12-22,3687.26,7,7000000,0.09,1.4,22068.767,1895.1,6.7,0.0
2020-12-23,3690.01,3,3000000,0.09,1.4,22068.767,1895.1,6.7,0.0
2020-12-24,3703.06,4,4000000,0.09,1.4,22068.767,1895.1,6.7,0.0
2020-12-28,3735.36,2,2000000,0.09,1.4,22068.767,1895.1,6.7,0.0
2020-12-29,3727.04,5,5000000,0.09,1.4,22068.767,1895.1,6.7,0.0
2020-12-30,3732.04,6,6000000,0.09,1.4,22068.767,1895.1,6.7,0.0
2021-01-04,3700.65,7,7000000,0.09,1.4,22656.793,1849.7,6.4,0.0
2021-01-05,3726.86,4,4000000,0.09,1.4,22656.793,1849.7,6.4,0.0
2021-01-06,3748.14,6,6000000,0.09,1.4,22656.793,1849.7,6.4,0.0
2021-01-07,3803.79,7,7000000,0.09,1.4,22656.793,1849.7,6.4,0.0
2021-01-08,3824.68,2,2000000,0.09,1.4,22656.793,1849.7,6.4,0.0
2021-01-11,3799.61,3,3000000,0.09,1.4,22656.793,1849.7,6.4,0.0
2021-01-12,3801.19,2,2000000,0.09,1.4,22656.793,1849.7,6.4,0.0
2021-01-13,3809.84,4,4000000,0.09,1.4,22656.793,1849.7,6.4,0.0
2021-01-14,3795.54,3,3000000,0.09,1.4,22656.793,1849.7,6.4,0.0
2021-01-15,3768.25,7,7000000,0.09,1.4,22656.793,1849.7,6.4,0.0
2021-01-19,3798.91,9,9000000,0.09,1.4,22656.793,1849.7,6.4,0.0
2021-01-20,3851.85,15,15000000,0.09,1.4,22656.793,1849.7,6.4,0.0
2021-01-21,3853.07,6,6000000,0.09,1.4,22656.793,1849.7,6.4,0.0
2021-01-25,3855.36,5,5000000,0.09,1.4,22656.793,1849.7,6.4,0.0
2021-01-26,3849.62,5,5000000,0.09,1.4,22656.793,1849.7,6.4,0.0
2021-01-27,3750.77,2,2000000,0.09,1.4,22656.793,1849.7,6.4,0.0
2021-01-28,3787.38,4,4000000,0.09,1.4,22656.793,1849.7,6.4,0.0
2021-01-29,3714.24,7,7000000,0.09,1.4,22656.793,1849.7,6.4,0.0
2021-02-01,3773.86,4,4000000,0.08,1.7,22656.793,1728.8,6.2,0.0
2021-02-02,3826.31,8,8000000,0.08,1.7,22656.793,1728.8,6.2,0.0
2021-02-03,3830.17,3,3000000,0.08,1.7,22656.793,1728.8,6.2,0.0
2021-02-04,3871.74,4,4000000,0.08,1.7,22656.793,1728.8,6.2,0.0
2021-02-05,3886.83,6,6000000,0.08,1.7,22656.793,1728.8,6.2,0.0
2021-02-08,3915.59,2,2000000,0.08,1.7,22656.793,1728.8,6.2,0.0
2021-02-09,3911.23,4,4000000,0.08,1.7,22656.793,1728.8,6.2,0.0
2021-02-10,3909.88,2,2000000,0.08,1.7,22656.793,1728.8,6.2,0.0
2021-02-11,3916.38,2,2000000,0.08,1.7,22656.793,1728.8,6.2,0.0
2021-02-12,3934.83,4,4000000,0.08,1.7,22656.793,1728.8,6.2,0.0
2021-02-16,3932.59,5,5000000,0.08,1.7,22656.793,1728.8,6.2,0.0
2021-02-17,3931.33,3,3000000,0.08,1.7,22656.793,1728.8,6.2,0.0
2021-02-18,3913.97,5,5000000,0.08,1.7,22656.793,1728.8,6.2,0.0
2021-02-19,3906.71,1,1000000,0.08,1.7,22656.793,1728.8,6.2,0.0
2021-02-22,3876.5,4,4000000,0.08,1.7,22656.793,1728.8,6.2,0.0
2021-02-23,3881.37,2,2000000,0.08,1.7,22656.793,1728.8,6.2,0.0
2021-02-24,3925.43,1,1000000,0.08,1.7,22656.793,1728.8,6.2,0.0
2021-02-25,3829.34,2,2000000,0.08,1.7,22656.793,1728.8,6.2,0.0
2021-02-26,3811.15,4,4000000,0.08,1.7,22656.793,1728.8,6.2,0.0
2021-03-01,3901.82,8,8000000,0.07,2.6,22656.793,1715.24,6.1,0.0
2021-03-02,3870.29,4,4000000,0.07,2.6,22656.793,1715.24,6.1,0.0
2021-03-03,3819.72,8,8000000,0.07,2.6,22656.793,1715.24,6.1,0.0
2021-03-04,3768.47,10,10000000,0.07,2.6,22656.793,1715.24,6.1,0.0
2021-03-05,3841.94,5,5000000,0.07,2.6,22656.793,1715.24,6.1,0.0
2021-03-08,3821.35,4,4000000,0.07,2.6,22656.793,1715.24,6.1,0.0
2021-03-09,3875.44,7,7000000,0.07,2.6,22656.793,1715.24,6.1,0.0
2021-03-10,3898.81,4,4000000,0.07,2.6,22656.793,1715.24,6.1,0.0
2021-03-11,3939.34,3,3000000,0.07,2.6,22656.793,1715.24,6.1,0.0
2021-03-12,3943.34,3,3000000,0.07,2.6,22656.793,1715.24,6.1,0.0
2021-03-15,3968.94,3,3000000,0.07,2.6,22656.793,1715.24,6.1,0.0
2021-03-16,3962.71,9,9000000,0.07,2.6,22656.793,1715.24,6.1,0.0
2021-03-17,3974.12,6,6000000,0.07,2.6,22656.793,1715.24,6.1,0.0
2021-03-18,3915.46,6,6000000,0.07,2.6,22656.793,1715.24,6.1,0.0
2021-03-19,3913.1,4,4000000,0.07,2.6,22656.793,1715.24,6.1,0.0
2021-03-22,3940.59,6,6000000,0.07,2.6,22656.793,1715.24,6.1,0.0
2021-03-23,3910.52,8,8000000,0.07,2.6,22656.793,1715.24,6.1,0.0
2021-03-24,3889.14,8,8000000,0.07,2.6,22656.793,1715.24,6.1,0.0
2021-03-25,3909.52,2,2000000,0.07,2.6,22656.793,1715.24,6.1,0.0
2021-03-26,3974.54,7,7000000,0.07,2.6,22656.793,1715.24,6.1,0.0
2021-03-29,3971.09,5,5000000,0.07,2.6,22656.793,1715.24,6.1,0.0
2021-03-30,3958.55,9,9000000,0.07,2.6,22656.793,1715.24,6.1,0.0
2021-03-31,3972.89,8,8000000,0.07,2.6,22656.793,1715.24,6.1,0.0
2021-04-01,4019.87,7,7000000,0.07,4.2,23368.861,1767.7,6.1,0.0
2021-04-05,4077.91,3,3000000,0.07,4.2,23368.861,1767.7,6.1,0.0
2021-04-06,4073.94,4,4000000,0.07,4.2,23368.861,1767.7,6.1,0.0
2021-04-07,4079.95,2,2000000,0.07,4.2,23368.861,1767.7,6.1,0.0
2021-04-08,4097.17,6,6000000,0.07,4.2,23368.861,1767.7,6.1,0.0
2021-04-09,4128.8,5,5000000,0.07,4.2,23368.861,1767.7,6.1,0.0
2021-04-12,4127.99,4,4000000,0.07,4.2,23368.861,1767.7,6.1,0.0
2021-04-13,4141.59,4,4000000,0.07,4.2,23368.861,1767.7,6.1,0.0
2021-04-14,4124.66,2,2000000,0.07,4.2,23368.861,1767.7,6.1,0.0
2021-04-15,4170.42,2,2000000,0.07,4.2,23368.861,1767.7,6.1,0.0
2021-04-16,4185.47,3,3000000,0.07,4.2,23368.861,1767.7,6.1,0.0
2021-04-19,4163.26,7,7000000,0.07,4.2,23368.861,1767.7,6.1,0.0
2021-04-20,4134.94,4,4000000,0.07,4.2,23368.861,1767.7,6.1,0.0
2021-04-21,4173.42,6,6000000,0.07,4.2,23368.861,1767.7,6.1,0.0
2021-04-22,4134.98,2,2000000,0.07,4.2,23368.861,1767.7,6.1,0.0
2021-04-23,4180.17,4,4000000,0.07,4.2,23368.861,1767.7,6.1,0.0
2021-04-26,4187.62,1,1000000,0.07,4.2,23368.861,1767.7,6.1,0.0
2021-04-27,4186.72,7,7000000,0.07,4.2,23368.861,1767.7,6.1,0.0
2021-04-28,4183.18,5,5000000,0.07,4.2,23368.861,1767.7,6.1,0.0
2021-04-29,4211.47,3,3000000,0.07,4.2,23368.861,1767.7,6.1,0.0
2021-04-30,4181.17,7,7000000,0.07,4.2,23368.861,1767.7,6.1,0.0
2021-05-03,4192.66,6,6000000,0.06,5.0,23368.861,1904.74,5.8,0.0
2021-05-04,4164.66,9,9000000,0.06,5.0,23368.861,1904.74,5.8,0.0
2021-05-05,4167.59,3,3000000,0.06,5.0,23368.861,1904.74,5.8,0.0
2021-05-06,4201.62,2,2000000,0.06,5.0,23368.861,1904.74,5.8,0.0
2021-05-07,4232.6,4,4000000,0.06,5.0,23368.861,1904.74,5.8,0.0
2021-05-10,4188.43,10,10000000,0.06,5.0,23368.861,1904.74,5.8,0.0
2021-05-11,4152.1,4,4000000,0.06,5.0,23368.861,1904.74,5.8,0.0
2021-05-12,4063.04,8,8000000,0.06,5.0,23368.861,1904.74,5.8,0.0
2021-05-13,4112.5,3,3000000,0.06,5.0,23368.861,1904.74,5.8,0.0
2021-05-14,4173.85,3,3000000,0.06,5.0,23368.861,1904.74,5.8,0.0
2021-05-17,4163.29,5,5000000,0.06,5.0,23368.861,1904.74,5.8,0.0
2021-05-18,4127.83,6,6000000,0.06,5.0,23368.861,1904.74,5.8,0.0
2021-05-19,4115.68,1,1000000,0.06,5.0,23368.861,1904.74,5.8,0.0
2021-05-20,4159.12,5,5000000,0.06,5.0,23368.861,1904.74,5.8,0.0
2021-05-21,4155.86,2,2000000,0.06,5.0,23368.861,1904.74,5.8,0.0
2021-05-24,4197.05,8,8000000,0.06,5.0,23368.861,1904.74,5.8,0.0
2021-05-25,4188.13,2,2000000,0.06,5.0,23368.861,1904.74,5.8,0.0
2021-05-26,4195.99,5,5000000,0.06,5.0,23368.861,1904.74,5.8,0.0
2021-05-27,4200.88,5,5000000,0.06,5.0,23368.861,1904.74,5.8,0.0
2021-05-28,4204.11,6,6000000,0.06,5.0,23368.861,1904.74,5.8,0.0
2021-06-01,4202.04,6,6000000,0.08,5.4,23368.861,1771.6,5.9,0.0
2021-06-02,4208.12,5,5000000,0.08,5.4,23368.861,1771.6,5.9,0.0
2021-06-03,4192.85,5,5000000,0.08,5.4,23368.861,1771.6,5.9,0.0
2021-06-04,4229.89,6,6000000,0.08,5.4,23368.861,1771.6,5.9,0.0
2021-06-07,4226.52,8,8000000,0.08,5.4,23368.861,1771.6,5.9,0.0
2021-06-08,4227.26,4,4000000,0.08,5.4,23368.861,1771.6,5.9,0.0
2021-06-09,4219.55,3,3000000,0.08,5.4,23368.861,1771.6,5.9,0.0
2021-06-10,4239.18,3,3000000,0.08,5.4,23368.861,1771.6,5.9,0.0
2021-06-11,4247.44,1,1000000,0.08,5.4,23368.861,1771.6,5.9,0.0
2021-06-14,4255.15,1,1000000,0.08,5.4,23368.861,1771.6,5.9,0.0
2021-06-15,4246.59,4,4000000,0.08,5.4,23368.861,1771.6,5.9,0.0
2021-06-16,4223.7,6,6000000,0.08,5.4,23368.861,1771.6,5.9,0.0
2021-06-17,4221.86,3,3000000,0.08,5.4,23368.861,1771.6,5.9,0.0
2021-06-18,4166.45,1,1000000,0.08,5.4,23368.861,1771.6,5.9,0.0
2021-06-21,4224.79,6,6000000,0.08,5.4,23368.861,1771.6,5.9,0.0
2021-06-22,4246.44,2,2000000,0.08,5.4,23368.861,1771.6,5.9,0.0
2021-06-23,4241.84,3,3000000,0.08,5.4,23368.861,1771.6,5.9,0.0
2021-06-24,4266.49,3,3000000,0.08,5.4,23368.861,1771.6,5.9,0.0
2021-06-25,4280.7,5,5000000,0.08,5.4,23368.861,1771.6,5.9,0.0
2021-06-28,4290.61,10,10000000,0.08,5.4,23368.861,1771.6,5.9,0.0
2021-06-29,4291.8,5,5000000,0.08,5.4,23368.861,1771.6,5.9,0.0
2021-06-30,4297.5,5,5000000,0.08,5.4,23368.861,1771.6,5.9,0.0
2021-07-01,4319.94,5,5000000,0.1,5.4,23921.991,1814.12,5.4,0.0
2021-07-02,4352.34,5,5000000,0.1,5.4,23921.991,1814.12,5.4,0.0
2021-07-06,4343.54,2,2000000,0.1,5.4,23921.991,1814.12,5.4,0.0
2021-07-07,4358.13,7,7000000,0.1,5.4,23921.991,1814.12,5.4,0.0
2021-07-08,4320.82,2,2000000,0.1,5.4,23921.991,1814.12,5.4,0.0
2021-07-09,4369.55,2,2000000,0.1,5.4,23921.991,1814.12,5.4,0.0
2021-07-12,4384.63,3,3000000,0.1,5.4,23921.991,1814.12,5.4,0.0
2021-07-13,4369.21,6,6000000,0.1,5.4,23921.991,1814.12,5.4,0.0
2021-07-14,4374.3,4,4000000,0.1,5.4,23921.991,1814.12,5.4,0.0
2021-07-15,4360.03,6,6000000,0.1,5.4,23921.991,1814.12,5.4,0.0
2021-07-16,4327.16,4,4000000,0.1,5.4,23921.991,1814.12,5.4,0.0
2021-07-19,4258.49,7,7000000,0.1,5.4,23921.991,1814.12,5.4,0.0
2021-07-20,4323.06,8,8000000,0.1,5.4,23921.991,1814.12,5.4,0.0
2021-07-21,4358.69,4,4000000,0.1,5.4,23921.991,1814.12,5.4,0.0
2021-07-22,4367.48,8,8000000,0.1,5.4,23921.991,1814.12,5.4,0.0
2021-07-23,4411.79,4,4000000,0.1,5.4,23921.991,1814.12,5.4,0.0
2021-07-26,4422.3,5,5000000,0.1,5.4,23921.991,1814.12,5.4,0.0
2021-07-27,4401.46,2,2000000,0.1,5.4,23921.991,1814.12,5.4,0.0
2021-07-28,4400.64,2,2000000,0.1,5.4,23921.991,1814.12,5.4,0.0
2021-07-29,4419.15,3,3000000,0.1,5.4,23921.991,1814.12,5.4,0.0
2021-07-30,4395.26,4,4000000,0.1,5.4,23921.991,1814.12,5.4,0.0
2021-08-02,4387.16,4,4000000,0.09,5.3,23921.991,1815.8,5.1,0.0
2021-08-03,4423.15,3,3000000,0.09,5.3,23921.991,1815.8,5.1,0.0
2021-08-04,4402.66,3,3000000,0.09,5.3,23921.991,1815.8,5.1,0.0
2021-08-05,4429.1,4,4000000,0.09,5.3,23921.991,1815.8,5.1,0.0
2021-08-06,4436.52,5,5000000,0.09,5.3,23921.991,1815.8,5.1,0.0
2021-08-09,4432.35,4,4000000,0.09,5.3,23921.991,1815.8,5.1,0.0
2021-08-10,4436.75,1,1000000,0.09,5.3,23921.991,1815.8,5.1,0.0
2021-08-11,4442.41,4,4000000,0.09,5.3,23921.991,1815.8,5.1,0.0
2021-08-13,4468.0,4,4000000,0.09,5.3,23921.991,1815.8,5.1,0.0
2021-08-16,4479.71,7,7000000,0.09,5.3,23921.991,1815.8,5.1,0.0
2021-08-17,4448.08,8,8000000,0.09,5.3,23921.991,1815.8,5.1,0.0
2021-08-18,4400.27,12,12000000,0.09,5.3,23921.991,1815.8,5.1,0.0
2021-08-19,4405.8,6,6000000,0.09,5.3,23921.991,1815.8,5.1,0.0
2021-08-20,4441.67,2,2000000,0.09,5.3,23921.991,1815.8,5.1,0.0
2021-08-23,4479.53,2,2000000,0.09,5.3,23921.991,1815.8,5.1,0.0
2021-08-24,4486.23,5,5000000,0.09,5.3,23921.991,1815.8,5.1,0.0
2021-08-25,4496.19,5,5000000,0.09,5.3,23921.991,1815.8,5.1,0.0
2021-08-26,4470.0,6,6000000,0.09,5.3,23921.991,1815.8,5.1,0.0
2021-08-27,4509.37,4,4000000,0.09,5.3,23921.991,1815.8,5.1,0.0
2021-08-30,4528.79,7,7000000,0.09,5.3,23921.991,1815.8,5.1,0.0
2021-08-31,4522.68,3,3000000,0.09,5.3,23921.991,1815.8,5.1,0.0
2021-09-01,4524.09,7,7000000,0.08,5.4,23921.991,1756.66,4.7,0.0
2021-09-02,4536.95,4,4000000,0.08,5.4,23921.991,1756.66,4.7,0.0
2021-09-03,4535.43,5,5000000,0.08,5.4,23921.991,1756.66,4.7,0.0
2021-09-07,4520.03,3,3000000,0.08,5.4,23921.991,1756.66,4.7,0.0
2021-09-08,4514.07,5,5000000,0.08,5.4,23921.991,1756.66,4.7,0.0
2021-09-09,4493.28,3,3000000,0.08,5.4,23921.991,1756.66,4.7,0.0
2021-09-10,4458.58,1,1000000,0.08,5.4,23921.991,1756.66,4.7,0.0
2021-09-13,4468.73,1,1000000,0.08,5.4,23921.991,1756.66,4.7,0.0
2021-09-14,4443.05,6,6000000,0.08,5.4,23921.991,1756.66,4.7,0.0
2021-09-15,4480.7,11,11000000,0.08,5.4,23921.991,1756.66,4.7,0.0
2021-09-16,4473.75,3,3000000,0.08,5.4,23921.991,1756.66,4.7,0.0
2021-09-17,4432.99,4,4000000,0.08,5.4,23921.991,1756.66,4.7,0.0
2021-09-20,4357.73,8,8000000,0.08,5.4,23921.991,1756.66,4.7,0.0
2021-09-21,4354.19,5,5000000,0.08,5.4,23921.991,1756.66,4.7,0.0
2021-09-22,4395.64,2,2000000,0.08,5.4,23921.991,1756.66,4.7,0.0
2021-09-23,4448.98,4,4000000,0.08,5.4,23921.991,1756.66,4.7,0.0
2021-09-24,4455.48,6,6000000,0.08,5.4,23921.991,1756.66,4.7,0.0
2021-09-27,4443.11,9,9000000,0.08,5.4,23921.991,1756.66,4.7,0.0
2021-09-28,4352.63,7,7000000,0.08,5.4,23921.991,1756.66,4.7,0.0
2021-09-29,4359.46,9,9000000,0.08,5.4,23921.991,1756.66,4.7,0.0
2021-09-30,4307.54,4,4000000,0.08,5.4,23921.991,1756.66,4.7,0.0
2021-10-01,4357.04,6,6000000,0.08,6.2,24777.038,1783.9,4.5,0.0
2021-10-04,4300.46,8,8000000,0.08,6.2,24777.038,1783.9,4.5,0.0
2021-10-05,4345.72,3,3000000,0.08,6.2,24777.038,1783.9,4.5,0.0
2021-10-06,4363.55,5,5000000,0.08,6.2,24777.038,1783.9,4.5,0.0
2021-10-07,4399.76,5,5000000,0.08,6.2,24777.038,1783.9,4.5,0.0
2021-10-08,4391.34,4,4000000,0.08,6.2,24777.038,1783.9,4.5,0.0
2021-10-11,4361.19,5,5000000,0.08,6.2,24777.038,1783.9,4.5,0.0
2021-10-12,4350.65,5,5000000,0.08,6.2,24777.038,1783.9,4.5,0.0
2021-10-13,4363.8,4,4000000,0.08,6.2,24777.038,1783.9,4.5,0.0
2021-10-14,4438.26,7,7000000,0.08,6.2,24777.038,1783.9,4.5,0.0
2021-10-15,4471.37,3,3000000,0.08,6.2,24777.038,1783.9,4.5,0.0
2021-10-18,4486.46,5,5000000,0.08,6.2,24777.038,1783.9,4.5,0.0
2021-10-19,4519.63,5,5000000,0.08,6.2,24777.038,1783.9,4.5,0.0
2021-10-20,4536.19,7,7000000,0.08,6.2,24777.038,1783.9,4.5,0.0
2021-10-21,4549.78,7,7000000,0.08,6.2,24777.038,1783.9,4.5,0.0
2021-10-22,4544.9,4,4000000,0.08,6.2,24777.038,1783.9,4.5,0.0
2021-10-25,4566.48,3,3000000,0.08,6.2,24777.038,1783.9,4.5,0.0
2021-10-26,4574.79,4,4000000,0.08,6.2,24777.038,1783.9,4.5,0.0
2021-10-27,4551.68,7,7000000,0.08,6.2,24777.038,1783.9,4.5,0.0
2021-10-28,4596.42,5,5000000,0.08,6.2,24777.038,1783.9,4.5,0.0
2021-10-29,4605.38,9,9000000,0.08,6.2,24777.038,1783.9,4.5,0.0
2021-11-01,4613.67,11,11000000,0.08,6.8,24777.038,1775.92,4.2,0.0
2021-11-02,4630.65,4,4000000,0.08,6.8,24777.038,1775.92,4.2,0.0
2021-11-03,4660.57,4,4000000,0.08,6.8,24777.038,1775.92,4.2,0.0
2021-11-04,4680.06,5,5000000,0.08,6.8,24777.038,1775.92,4.2,0.0
2021-11-05,4697.53,5,5000000,0.08,6.8,24777.038,1775.92,4.2,0.0
2021-11-08,4701.7,8,8000000,0.08,6.8,24777.038,1775.92,4.2,0.0
2021-11-09,4685.25,6,6000000,0.08,6.8,24777.038,1775.92,4.2,0.0
2021-11-10,4646.71,8,8000000,0.08,6.8,24777.038,1775.92,4.2,0.0
2021-11-11,4649.27,3,3000000,0.08,6.8,24777.038,1775.92,4.2,0.0
2021-11-12,4682.85,5,5000000,0.08,6.8,24777.038,1775.92,4.2,0.0
2021-11-15,4682.8,5,5000000,0.08,6.8,24777.038,1775.92,4.2,0.0
2021-11-16,4700.9,7,7000000,0.08,6.8,24777.038,1775.92,4.2,0.0
2021-11-17,4688.67,6,6000000,0.08,6.8,24777.038,1775.92,4.2,0.0
2021-11-18,4704.54,6,6000000,0.08,6.8,24777.038,1775.92,4.2,0.0
2021-11-19,4697.96,11,11000000,0.08,6.8,24777.038,1775.92,4.2,0.0
2021-11-22,4682.94,12,12000000,0.08,6.8,24777.038,1775.92,4.2,0.0
2021-11-23,4690.7,5,5000000,0.08,6.8,24777.038,1775.92,4.2,0.0
2021-11-24,4701.46,5,5000000,0.08,6.8,24777.038,1775.92,4.2,0.0
2021-11-26,4594.62,2,2000000,0.08,6.8,24777.038,1775.92,4.2,0.0
2021-11-29,4655.27,8,8000000,0.08,6.8,24777.038,1775.92,4.2,0.0
2021-11-30,4567.0,15,15000000,0.08,6.8,24777.038,1775.92,4.2,0.0
2021-12-01,4513.04,9,9000000,0.08,7.0,24777.038,1828.6,3.9,0.0
2021-12-02,4577.1,9,9000000,0.08,7.0,24777.038,1828.6,3.9,0.0
2021-12-03,4538.43,7,7000000,0.08,7.0,24777.038,1828.6,3.9,0.0
2021-12-06,4591.67,10,10000000,0.08,7.0,24777.038,1828.6,3.9,0.0
2021-12-07,4686.75,5,5000000,0.08,7.0,24777.038,1828.6,3.9,0.0
2021-12-08,4701.21,12,12000000,0.08,7.0,24777.038,1828.6,3.9,0.0
2021-12-09,4667.45,5,5000000,0.08,7.0,24777.038,1828.6,3.9,0.0
2021-12-10,4712.02,5,5000000,0.08,7.0,24777.038,1828.6,3.9,0.0
2021-12-13,4668.97,8,8000000,0.08,7.0,24777.038,1828.6,3.9,0.0
2021-12-14,4634.09,5,5000000,0.08,7.0,24777.038,1828.6,3.9,0.0
2021-12-15,4709.85,4,4000000,0.08,7.0,24777.038,1828.6,3.9,0.0
2021-12-16,4668.67,4,4000000,0.08,7.0,24777.038,1828.6,3.9,0.0
2021-12-17,4620.64,3,3000000,0.08,7.0,24777.038,1828.6,3.9,0.0
2021-12-20,4568.02,10,10000000,0.08,7.0,24777.038,1828.6,3.9,0.0
2021-12-21,4649.23,4,4000000,0.08,7.0,24777.038,1828.6,3.9,0.0
2021-12-22,4696.56,9,9000000,0.08,7.0,24777.038,1828.6,3.9,0.0
2021-12-23,4725.79,8,8000000,0.08,7.0,24777.038,1828.6,3.9,0.0
2021-12-27,4791.19,5,5000000,0.08,7.0,24777.038,1828.6,3.9,0.0
2021-12-28,4786.35,8,8000000,0.08,7.0,24777.038,1828.6,3.9,0.0
2021-12-29,4793.06,17,17000000,0.08,7.0,24777.038,1828.6,3.9,0.0
2021-12-30,4778.73,8,8000000,0.08,7.0,24777.038,1828.6,3.9,0.0
2021-12-31,4766.18,16,16000000,0.08,7.0,24777.038,1828.6,3.9,0.0
2022-01-03,4796.56,13,13000000,0.08,7.5,25215.491,1796.12,4.0,0.0
2022-01-04,4793.54,15,15000000,0.08,7.5,25215.491,1796.12,4.0,0.0
2022-01-05,4700.58,7,7000000,0.08,7.5,25215.491,1796.12,4.0,0.0
2022-01-06,4696.05,5,5000000,0.08,7.5,25215.491,1796.12,4.0,0.0
2022-01-07,4677.03,6,6000000,0.08,7.5,25215.491,1796.12,4.0,0.0
2022-01-10,4670.29,9,9000000,0.08,7.5,25215.491,1796.12,4.0,0.0
2022-01-11,4713.07,7,7000000,0.08,7.5,25215.491,1796.12,4.0,0.0
2022-01-12,4726.35,7,7000000,0.08,7.5,25215.491,1796.12,4.0,0.0
2022-01-13,4659.03,6,6000000,0.08,7.5,25215.491,1796.12,4.0,0.0
2022-01-14,4662.85,8,8000000,0.08,7.5,25215.491,1796.12,4.0,0.0
2022-01-18,4577.11,7,7000000,0.08,7.5,25215.491,1796.12,4.0,0.0
2022-01-19,4532.76,8,8000000,0.08,7.5,25215.491,1796.12,4.0,0.0
2022-01-20,4482.73,8,8000000,0.08,7.5,25215.491,1796.12,4.0,0.0
2022-01-21,4397.94,13,13000000,0.08,7.5,25215.491,1796.12,4.0,0.0
2022-01-24,4410.13,24,24000000,0.08,7.5,25215.491,1796.12,4.0,0.0
2022-01-25,4356.45,8,8000000,0.08,7.5,25215.491,1796.12,4.0,0.0
2022-01-26,4349.93,11,11000000,0.08,7.5,25215.491,1796.12,4.0,0.0
2022-01-27,4326.51,5,5000000,0.08,7.5,25215.491,1796.12,4.0,0.0
2022-01-28,4431.85,7,7000000,0.08,7.5,25215.491,1796.12,4.0,0.0
2022-01-31,4515.55,11,11000000,0.08,7.5,25215.491,1796.12,4.0,0.0
2022-02-01,4546.54,5,5000000,0.08,7.9,25215.491,1900.7,3.8,0.0
2022-02-02,4589.38,8,8000000,0.08,7.9,25215.491,1900.7,3.8,0.0
2022-02-03,4477.44,10,10000000,0.08,7.9,25215.491,1900.7,3.8,0.0
2022-02-04,4500.53,8,8000000,0.08,7.9,25215.491,1900.7,3.8,0.0
2022-02-07,4483.87,12,12000000,0.08,7.9,25215.491,1900.7,3.8,0.0
2022-02-08,4521.54,11,11000000,0.08,7.9,25215.491,1900.7,3.8,0.0
2022-02-09,4587.18,10,10000000,0.08,7.9,25215.491,1900.7,3.8,0.0
2022-02-10,4504.08,7,7000000,0.08,7.9,25215.491,1900.7,3.8,0.0
2022-02-11,4418.64,10,10000000,0.08,7.9,25215.491,1900.7,3.8,0.0
2022-02-14,4401.67,8,8000000,0.08,7.9,25215.491,1900.7,3.8,0.0
2022-02-15,4471.07,7,7000000,0.08,7.9,25215.491,1900.7,3.8,0.0
2022-02-16,4475.01,3,3000000,0.08,7.9,25215.491,1900.7,3.8,0.0
2022-02-17,4380.26,3,3000000,0.08,7.9,25215.491,1900.7,3.8,0.0
2022-02-18,4348.87,6,6000000,0.08,7.9,25215.491,1900.7,3.8,0.0
2022-02-22,4304.76,12,12000000,0.08,7.9,25215.491,1900.7,3.8,0.0
2022-02-23,4225.5,17,17000000,0.08,7.9,25215.491,1900.7,3.8,0.0
2022-02-24,4288.7,13,13000000,0.08,7.9,25215.491,1900.7,3.8,0.0
2022-02-25,4384.65,6,6000000,0.08,7.9,25215.491,1900.7,3.8,0.0
2022-02-28,4373.94,6,6000000,0.08,7.9,25215.491,1900.7,3.8,0.0
2022-03-01,4306.26,8,8000000,0.2,8.5,25215.491,1953.04,3.7,0.0
2022-03-02,4386.54,7,7000000,0.2,8.5,25215.491,1953.04,3.7,0.0
2022-03-03,4363.49,5,5000000,0.2,8.5,25215.491,1953.04,3.7,0.0
2022-03-04,4328.87,9,9000000,0.2,8.5,25215.491,1953.04,3.7,0.0
2022-03-07,4201.09,8,8000000,0.2,8.5,25215.491,1953.04,3.7,0.0
2022-03-08,4170.7,2,2000000,0.2,8.5,25215.491,1953.04,3.7,0.0
2022-03-09,4277.88,7,7000000,0.2,8.5,25215.491,1953.04,3.7,0.0
2022-03-10,4259.52,5,5000000,0.2,8.5,25215.491,1953.04,3.7,0.0
2022-03-11,4204.31,9,9000000,0.2,8.5,25215.491,1953.04,3.7,0.0
2022-03-14,4173.11,12,12000000,0.2,8.5,25215.491,1953.04,3.7,0.0
2022-03-15,4262.45,6,6000000,0.2,8.5,25215.491,1953.04,3.7,0.0
2022-03-16,4357.86,12,12000000,0.2,8.5,25215.491,1953.04,3.7,0.0
2022-03-17,4411.67,6,6000000,0.2,8.5,25215.491,1953.04,3.7,0.0
2022-03-18,4463.12,6,6000000,0.2,8.5,25215.491,1953.04,3.7,0.0
2022-03-21,4461.18,10,10000000,0.2,8.5,25215.491,1953.04,3.7,0.0
2022-03-22,4511.61,4,4000000,0.2,8.5,25215.491,1953.04,3.7,0.0
2022-03-23,4456.24,9,9000000,0.2,8.5,25215.491,1953.04,3.7,0.0
2022-03-24,4520.16,8,8000000,0.2,8.5,25215.491,1953.04,3.7,0.0
2022-03-25,4543.06,5,5000000,0.2,8.5,25215.491,1953.04,3.7,0.0
2022-03-28,4575.52,10,10000000,0.2,8.5,25215.491,1953.04,3.7,0.0
2022-03-29,4631.6,6,6000000,0.2,8.5,25215.491,1953.04,3.7,0.0
2022-03-30,4602.45,6,6000000,0.2,8.5,25215.491,1953.04,3.7,0.0
2022-03-31,4530.41,7,7000000,0.2,8.5,25215.491,1953.04,3.7,0.0
2022-04-01,4545.86,10,10000000,0.33,8.3,25805.791,1911.7,3.7,0.0
2022-04-04,4582.64,11,11000000,0.33,8.3,25805.791,1911.7,3.7,0.0
2022-04-05,4525.12,6,6000000,0.33,8.3,25805.791,1911.7,3.7,0.0
2022-04-06,4481.15,8,8000000,0.33,8.3,25805.791,1911.7,3.7,0.0
2022-04-07,4500.21,7,7000000,0.33,8.3,25805.791,1911.7,3.7,0.0
2022-04-08,4488.28,6,6000000,0.33,8.3,25805.791,1911.7,3.7,0.0
2022-04-11,4412.53,6,6000000,0.33,8.3,25805.791,1911.7,3.7,0.0
2022-04-12,4397.45,5,5000000,0.33,8.3,25805.791,1911.7,3.7,0.0
2022-04-13,4446.59,10,10000000,0.33,8.3,25805.791,1911.7,3.7,0.0
2022-04-14,4392.59,10,10000000,0.33,8.3,25805.791,1911.7,3.7,0.0
2022-04-18,4391.69,7,7000000,0.33,8.3,25805.791,1911.7,3.7,0.0
2022-04-19,4462.21,7,7000000,0.33,8.3,25805.791,1911.7,3.7,0.0
2022-04-20,4459.45,8,8000000,0.33,8.3,25805.791,1911.7,3.7,0.0
2022-04-21,4393.66,4,4000000,0.33,8.3,25805.791,1911.7,3.7,0.0
2022-04-22,4271.78,7,7000000,0.33,8.3,25805.791,1911.7,3.7,0.0
2022-04-25,4296.12,7,7000000,0.33,8.3,25805.791,1911.7,3.7,0.0
2022-04-26,4175.2,8,8000000,0.33,8.3,25805.791,1911.7,3.7,0.0
2022-04-27,4183.96,10,10000000,0.33,8.3,25805.791,1911.7,3.7,0.0
2022-04-28,4287.5,4,4000000,0.33,8.3,25805.791,1911.7,3.7,0.0
2022-04-29,4131.93,16,16000000,0.33,8.3,25805.791,1911.7,3.7,0.0
2022-05-02,4155.38,9,9000000,0.77,8.6,25805.791,1847.26,3.6,0.0
2022-05-03,4175.48,6,6000000,0.77,8.6,25805.791,1847.26,3.6,0.0
2022-05-04,4300.17,8,8000000,0.77,8.6,25805.791,1847.26,3.6,0.0
2022-05-05,4146.87,13,13000000,0.77,8.6,25805.791,1847.26,3.6,0.0
2022-05-06,4123.34,8,8000000,0.77,8.6,25805.791,1847.26,3.6,0.0
2022-05-09,3991.24,18,18000000,0.77,8.6,25805.791,1847.26,3.6,0.0
2022-05-10,4001.05,16,16000000,0.77,8.6,25805.791,1847.26,3.6,0.0
2022-05-11,3935.18,17,17000000,0.77,8.6,25805.791,1847.26,3.6,0.0
2022-05-12,3930.08,11,11000000,0.77,8.6,25805.791,1847.26,3.6,0.0
2022-05-13,4023.89,12,12000000,0.77,8.6,25805.791,1847.26,3.6,0.0
2022-05-16,4008.01,13,13000000,0.77,8.6,25805.791,1847.26,3.6,0.0
2022-05-17,4088.85,6,6000000,0.77,8.6,25805.791,1847.26,3.6,0.0
2022-05-18,3923.68,20,20000000,0.77,8.6,25805.791,1847.26,3.6,0.0
2022-05-19,3900.79,20,20000000,0.77,8.6,25805.791,1847.26,3.6,0.0
2022-05-20,3901.36,19,19000000,0.77,8.6,25805.791,1847.26,3.6,0.0
2022-05-23,3973.75,14,14000000,0.77,8.6,25805.791,1847.26,3.6,0.0
2022-05-24,3941.48,13,13000000,0.77,8.6,25805.791,1847.26,3.6,0.0
2022-05-25,3978.73,10,10000000,0.77,8.6,25805.791,1847.26,3.6,0.0
2022-05-26,4057.84,9,9000000,0.77,8.6,25805.791,1847.26,3.6,0.0
2022-05-27,4158.24,10,10000000,0.77,8.6,25805.791,1847.26,3.6,0.0
2022-05-31,4132.15,7,7000000,0.77,8.6,25805.791,1847.26,3.6,0.0
2022-06-01,4101.23,7,7000000,1.21,9.1,25805.791,1817.4548,3.6,0.0
2022-06-02,4176.82,6,6000000,1.21,9.1,25805.791,1817.4548,3.6,0.0
2022-06-03,4108.54,8,8000000,1.21,9.1,25805.791,1817.4548,3.6,0.0
2022-06-06,4121.43,7,7000000,1.21,9.1,25805.791,1817.4548,3.6,0.0
2022-06-07,4160.68,7,7000000,1.21,9.1,25805.791,1817.4548,3.6,0.0
2022-06-08,4115.77,8,8000000,1.21,9.1,25805.791,1817.4548,3.6,0.0
2022-06-09,4017.82,12,12000000,1.21,9.1,25805.791,1817.4548,3.6,0.0
2022-06-10,3900.86,9,9000000,1.21,9.1,25805.791,1817.4548,3.6,0.0
2022-06-13,3749.63,34,34000000,1.21,9.1,25805.791,1817.4548,3.6,0.0
2022-06-14,3735.48,21,21000000,1.21,9.1,25805.791,1817.4548,3.6,0.0
2022-06-15,3789.99,8,8000000,1.21,9.1,25805.791,1817.4548,3.6,0.0
2022-06-16,3666.77,10,10000000,1.21,9.1,25805.791,1817.4548,3.6,0.0
2022-06-17,3674.84,11,11000000,1.21,9.1,25805.791,1817.4548,3.6,0.0
2022-06-21,3764.79,6,6000000,1.21,9.1,25805.791,1817.4548,3.6,0.0
2022-06-22,3759.89,6,6000000,1.21,9.1,25805.791,1817.4548,3.6,0.0
2022-06-23,3795.73,7,7000000,1.21,9.1,25805.791,1817.4548,3.6,0.0
2022-06-24,3911.74,13,13000000,1.21,9.1,25805.791,1817.4548,3.6,0.0
2022-06-27,3900.11,10,10000000,1.21,9.1,25805.791,1817.4548,3.6,0.0
2022-06-28,3821.55,13,13000000,1.21,9.1,25805.791,1817.4548,3.6,0.0
2022-06-29,3818.83,12,12000000,1.21,9.1,25805.791,1817.4548,3.6,0.0
2022-06-30,3785.38,18,18000000,1.21,9.1,25805.791,1817.4548,3.6,0.0
2022-07-01,3825.33,12,12000000,1.68,8.5,26272.011,1766.4309,3.5,0.0
2022-07-05,3831.39,11,11000000,1.68,8.5,26272.011,1766.4309,3.5,0.0
2022-07-06,3845.08,6,6000000,1.68,8.5,26272.011,1766.4309,3.5,0.0
2022-07-07,3902.62,4,4000000,1.68,8.5,26272.011,1766.4309,3.5,0.0
2022-07-08,3899.38,5,5000000,1.68,8.5,26272.011,1766.4309,3.5,0.0
2022-07-11,3854.43,7,7000000,1.68,8.5,26272.011,1766.4309,3.5,0.0
2022-07-12,3818.8,3,3000000,1.68,8.5,26272.011,1766.4309,3.5,0.0
2022-07-13,3801.78,7,7000000,1.68,8.5,26272.011,1766.4309,3.5,0.0
2022-07-14,3790.38,6,6000000,1.68,8.5,26272.011,1766.4309,3.5,0.0
2022-07-15,3863.16,5,5000000,1.68,8.5,26272.011,1766.4309,3.5,0.0
2022-07-18,3830.85,11,11000000,1.68,8.5,26272.011,1766.4309,3.5,0.0
2022-07-19,3936.69,6,6000000,1.68,8.5,26272.011,1766.4309,3.5,0.0
2022-07-20,3959.9,3,3000000,1.68,8.5,26272.011,1766.4309,3.5,0.0
2022-07-21,3998.95,9,9000000,1.68,8.5,26272.011,1766.4309,3.5,0.0
2022-07-22,3961.63,7,7000000,1.68,8.5,26272.011,1766.4309,3.5,0.0
2022-07-25,3966.84,7,7000000,1.68,8.5,26272.011,1766.4309,3.5,0.0
2022-07-26,3921.05,2,2000000,1.68,8.5,26272.011,1766.4309,3.5,0.0
2022-07-27,4023.61,5,5000000,1.68,8.5,26272.011,1766.4309,3.5,0.0
2022-07-28,4072.43,4,4000000,1.68,8.5,26272.011,1766.4309,3.5,0.0
2022-07-29,4130.29,6,6000000,1.68,8.5,26272.011,1766.4309,3.5,0.0
2022-08-01,4118.63,11,11000000,2.33,8.3,26272.011,1708.58,3.6,0.0
2022-08-02,4091.19,6,6000000,2.33,8.3,26272.011,1708.58,3.6,0.0
2022-08-03,4155.17,6,6000000,2.33,8.3,26272.011,1708.58,3.6,0.0
2022-08-04,4151.94,9,9000000,2.33,8.3,26272.011,1708.58,3.6,0.0
2022-08-05,4145.19,2,2000000,2.33,8.3,26272.011,1708.58,3.6,0.0
2022-08-08,4140.06,9,9000000,2.33,8.3,26272.011,1708.58,3.6,0.0
2022-08-09,4122.47,2,2000000,2.33,8.3,26272.011,1708.58,3.6,0.0
2022-08-10,4210.24,10,10000000,2.33,8.3,26272.011,1708.58,3.6,0.0
2022-08-11,4207.27,6,6000000,2.33,8.3,26272.011,1708.58,3.6,0.0
2022-08-12,4280.15,10,10000000,2.33,8.3,26272.011,1708.58,3.6,0.0
2022-08-15,4297.14,9,9000000,2.33,8.3,26272.011,1708.58,3.6,0.0
2022-08-16,4305.2,4,4000000,2.33,8.3,26272.011,1708.58,3.6,0.0
2022-08-17,4274.04,9,9000000,2.33,8.3,26272.011,1708.58,3.6,0.0
2022-08-18,4283.74,10,10000000,2.33,8.3,26272.011,1708.58,3.6,0.0
2022-08-19,4228.48,6,6000000,2.33,8.3,26272.011,1708.58,3.6,0.0
2022-08-22,4137.99,8,8000000,2.33,8.3,26272.011,1708.58,3.6,0.0
2022-08-23,4128.73,3,3000000,2.33,8.3,26272.011,1708.58,3.6,0.0
2022-08-24,4140.77,5,5000000,2.33,8.3,26272.011,1708.58,3.6,0.0
2022-08-25,4199.12,3,3000000,2.33,8.3,26272.011,1708.58,3.6,0.0
2022-08-26,4057.66,8,8000000,2.33,8.3,26272.011,1708.58,3.6,0.0
2022-08-29,4030.61,8,8000000,2.33,8.3,26272.011,1708.58,3.6,0.0
2022-08-30,3986.16,8,8000000,2.33,8.3,26272.011,1708.58,3.6,0.0
2022-08-31,3955.0,14,14000000,2.33,8.3,26272.011,1708.58,3.6,0.0
2022-09-01,3966.85,16,16000000,2.56,8.2,26272.011,1660.8799,3.5,0.0
2022-09-02,3924.26,8,8000000,2.56,8.2,26272.011,1660.8799,3.5,0.0
2022-09-06,3908.19,8,8000000,2.56,8.2,26272.011,1660.8799,3.5,0.0
2022-09-07,3979.87,6,6000000,2.56,8.2,26272.011,1660.8799,3.5,0.0
2022-09-08,4006.18,6,6000000,2.56,8.2,26272.011,1660.8799,3.5,0.0
2022-09-09,4067.36,8,8000000,2.56,8.2,26272.011,1660.8799,3.5,0.0
2022-09-12,4110.41,11,11000000,2.56,8.2,26272.011,1660.8799,3.5,0.0
2022-09-13,3932.69,14,14000000,2.56,8.2,26272.011,1660.8799,3.5,0.0
2022-09-14,3946.01,11,11000000,2.56,8.2,26272.011,1660.8799,3.5,0.0
2022-09-15,3901.35,10,10000000,2.56,8.2,26272.011,1660.8799,3.5,0.0
2022-09-16,3873.33,11,11000000,2.56,8.2,26272.011,1660.8799,3.5,0.0
2022-09-19,3899.89,10,10000000,2.56,8.2,26272.011,1660.8799,3.5,0.0
2022-09-20,3855.93,7,7000000,2.56,8.2,26272.011,1660.8799,3.5,0.0
2022-09-21,3789.93,10,10000000,2.56,8.2,26272.011,1660.8799,3.5,0.0
2022-09-22,3757.99,7,7000000,2.56,8.2,26272.011,1660.8799,3.5,0.0
2022-09-23,3693.23,14,14000000,2.56,8.2,26272.011,1660.8799,3.5,0.0
2022-09-26,3655.04,11,11000000,2.56,8.2,26272.011,1660.8799,3.5,0.0
2022-09-27,3647.29,14,14000000,2.56,8.2,26272.011,1660.8799,3.5,0.0
2022-09-28,3719.04,7,7000000,2.56,8.2,26272.011,1660.8799,3.5,0.0
2022-09-29,3640.47,15,15000000,2.56,8.2,26272.011,1660.8799,3.5,0.0
2022-09-30,3585.62,15,15000000,2.56,8.2,26272.011,1660.8799,3.5,0.0
2022-10-03,3678.43,14,14000000,3.08,7.7,26734.277,1632.38,3.6,0.0
2022-10-04,3790.93,15,15000000,3.08,7.7,26734.277,1632.38,3.6,0.0
2022-10-05,3783.28,9,9000000,3.08,7.7,26734.277,1632.38,3.6,0.0
2022-10-06,3744.52,5,5000000,3.08,7.7,26734.277,1632.38,3.6,0.0
2022-10-07,3639.66,9,9000000,3.08,7.7,26734.277,1632.38,3.6,0.0
2022-10-10,3612.39,5,5000000,3.08,7.7,26734.277,1632.38,3.6,0.0
2022-10-11,3588.84,6,6000000,3.08,7.7,26734.277,1632.38,3.6,0.0
2022-10-12,3577.03,13,13000000,3.08,7.7,26734.277,1632.38,3.6,0.0
2022-10-13,3669.91,12,12000000,3.08,7.7,26734.277,1632.38,3.6,0.0
2022-10-14,3583.07,13,13000000,3.08,7.7,26734.277,1632.38,3.6,0.0
2022-10-17,3677.95,15,15000000,3.08,7.7,26734.277,1632.38,3.6,0.0
2022-10-18,3719.98,10,10000000,3.08,7.7,26734.277,1632.38,3.6,0.0
2022-10-19,3695.16,13,13000000,3.08,7.7,26734.277,1632.38,3.6,0.0
2022-10-20,3665.78,5,5000000,3.08,7.7,26734.277,1632.38,3.6,0.0
2022-10-21,3752.75,12,12000000,3.08,7.7,26734.277,1632.38,3.6,0.0
2022-10-24,3797.34,7,7000000,3.08,7.7,26734.277,1632.38,3.6,0.0
2022-10-25,3859.11,9,9000000,3.08,7.7,26734.277,1632.38,3.6,0.0
2022-10-26,3830.6,6,6000000,3.08,7.7,26734.277,1632.38,3.6,0.0
2022-10-27,3807.3,7,7000000,3.08,7.7,26734.277,1632.38,3.6,0.0
2022-10-28,3901.06,10,10000000,3.08,7.7,26734.277,1632.38,3.6,0.0
2022-10-31,3871.98,9,9000000,3.08,7.7,26734.277,1632.38,3.6,0.0
2022-11-01,3856.1,7,7000000,3.78,7.1,26734.277,1768.61,3.6,0.0
2022-11-02,3759.69,7,7000000,3.78,7.1,26734.277,1768.61,3.6,0.0
2022-11-03,3719.89,9,9000000,3.78,7.1,26734.277,1768.61,3.6,0.0
2022-11-04,3770.55,6,6000000,3.78,7.1,26734.277,1768.61,3.6,0.0
2022-11-07,3806.8,14,14000000,3.78,7.1,26734.277,1768.61,3.6,0.0
2022-11-08,3828.11,8,8000000,3.78,7.1,26734.277,1768.61,3.6,0.0
2022-11-09,3748.57,14,14000000,3.78,7.1,26734.277,1768.61,3.6,0.0
2022-11-10,3956.37,16,16000000,3.78,7.1,26734.277,1768.61,3.6,0.0
2022-11-11,3992.93,6,6000000,3.78,7.1,26734.277,1768.61,3.6,0.0
2022-11-14,3957.25,8,8000000,3.78,7.1,26734.277,1768.61,3.6,0.0
2022-11-15,3991.73,10,10000000,3.78,7.1,26734.277,1768.61,3.6,0.0
2022-11-16,3958.79,7,7000000,3.78,7.1,26734.277,1768.61,3.6,0.0
2022-11-17,3946.56,6,6000000,3.78,7.1,26734.277,1768.61,3.6,0.0
2022-11-18,3965.34,4,4000000,3.78,7.1,26734.277,1768.61,3.6,0.0
2022-11-21,3949.94,12,12000000,3.78,7.1,26734.277,1768.61,3.6,0.0
2022-11-22,4003.58,11,11000000,3.78,7.1,26734.277,1768.61,3.6,0.0
2022-11-23,4027.26,10,10000000,3.78,7.1,26734.277,1768.61,3.6,0.0
2022-11-25,4026.12,5,5000000,3.78,7.1,26734.277,1768.61,3.6,0.0
2022-11-28,3963.94,11,11000000,3.78,7.1,26734.277,1768.61,3.6,0.0
2022-11-29,3957.63,14,14000000,3.78,7.1,26734.277,1768.61,3.6,0.0
2022-11-30,4080.11,14,14000000,3.78,7.1,26734.277,1768.61,3.6,0.0
2022-12-01,4076.57,15,15000000,4.1,6.5,26734.277,1824.3233,3.5,0.0
2022-12-02,4071.7,6,6000000,4.1,6.5,26734.277,1824.3233,3.5,0.0
2022-12-05,3998.84,9,9000000,4.1,6.5,26734.277,1824.3233,3.5,0.0
2022-12-06,3941.26,9,9000000,4.1,6.5,26734.277,1824.3233,3.5,0.0
2022-12-07,3933.92,7,7000000,4.1,6.5,26734.277,1824.3233,3.5,0.0
2022-12-08,3963.51,7,7000000,4.1,6.5,26734.277,1824.3233,3.5,0.0
2022-12-09,3934.38,10,10000000,4.1,6.5,26734.277,1824.3233,3.5,0.0
2022-12-12,3990.56,13,13000000,4.1,6.5,26734.277,1824.3233,3.5,0.0
2022-12-13,4019.65,19,19000000,4.1,6.5,26734.277,1824.3233,3.5,0.0
2022-12-14,3995.32,9,9000000,4.1,6.5,26734.277,1824.3233,3.5,0.0
2022-12-15,3895.75,11,11000000,4.1,6.5,26734.277,1824.3233,3.5,0.0
2022-12-16,3852.36,9,9000000,4.1,6.5,26734.277,1824.3233,3.5,0.0
2022-12-19,3817.66,14,14000000,4.1,6.5,26734.277,1824.3233,3.5,0.0
2022-12-20,3821.62,11,11000000,4.1,6.5,26734.277,1824.3233,3.5,0.0
2022-12-21,3878.44,11,11000000,4.1,6.5,26734.277,1824.3233,3.5,0.0
2022-12-22,3822.39,10,10000000,4.1,6.5,26734.277,1824.3233,3.5,0.0
2022-12-23,3844.82,9,9000000,4.1,6.5,26734.277,1824.3233,3.5,0.0
2022-12-27,3829.25,15,15000000,4.1,6.5,26734.277,1824.3233,3.5,0.0
2022-12-28,3783.22,17,17000000,4.1,6.5,26734.277,1824.3233,3.5,0.0
2022-12-29,3849.28,12,12000000,4.1,6.5,26734.277,1824.3233,3.5,0.0
2022-12-30,3839.5,19,19000000,4.1,6.5,26734.277,1824.3233,3.5,0.0
2023-01-03,3824.14,19,19000000,4.33,6.4,27164.359,1928.1201,3.5,0.0
2023-01-04,3852.97,16,16000000,4.33,6.4,27164.359,1928.1201,3.5,0.0
2023-01-05,3808.1,11,11000000,4.33,6.4,27164.359,1928.1201,3.5,0.0
2023-01-06,3895.08,19,19000000,4.33,6.4,27164.359,1928.1201,3.5,0.0
2023-01-09,3892.09,20,20000000,4.33,6.4,27164.359,1928.1201,3.5,0.0
2023-01-10,3919.25,18,18000000,4.33,6.4,27164.359,1928.1201,3.5,0.0
2023-01-11,3969.61,11,11000000,4.33,6.4,27164.359,1928.1201,3.5,0.0
2023-01-12,3983.17,8,8000000,4.33,6.4,27164.359,1928.1201,3.5,0.0
2023-01-13,3999.09,14,14000000,4.33,6.4,27164.359,1928.1201,3.5,0.0
2023-01-17,3990.97,15,15000000,4.33,6.4,27164.359,1928.1201,3.5,0.0
2023-01-18,3928.86,6,6000000,4.33,6.4,27164.359,1928.1201,3.5,0.0
2023-01-19,3898.85,11,11000000,4.33,6.4,27164.359,1928.1201,3.5,0.0
2023-01-20,3972.61,13,13000000,4.33,6.4,27164.359,1928.1201,3.5,0.0
2023-01-23,4019.81,21,21000000,4.33,6.4,27164.359,1928.1201,3.5,0.0
2023-01-24,4016.95,25,25000000,4.33,6.4,27164.359,1928.1201,3.5,0.0
2023-01-25,4016.22,15,15000000,4.33,6.4,27164.359,1928.1201,3.5,0.0
2023-01-26,4060.43,16,16000000,4.33,6.4,27164.359,1928.1201,3.5,0.0
2023-01-27,4070.56,16,16000000,4.33,6.4,27164.359,1928.1201,3.5,0.0
2023-01-30,4017.77,13,13000000,4.33,6.4,27164.359,1928.1201,3.5,0.0
2023-01-31,4076.6,16,16000000,4.33,6.4,27164.359,1928.1201,3.5,0.0
2023-02-01,4119.21,21,21000000,4.57,6.0,27164.359,1826.7404,3.6,0.0
2023-02-02,4179.76,17,17000000,4.57,6.0,27164.359,1826.7404,3.6,0.0
2023-02-03,4136.48,10,10000000,4.57,6.0,27164.359,1826.7404,3.6,0.0
2023-02-06,4111.08,19,19000000,4.57,6.0,27164.359,1826.7404,3.6,0.0
2023-02-07,4164.0,15,15000000,4.57,6.0,27164.359,1826.7404,3.6,0.0
2023-02-08,4117.86,14,14000000,4.57,6.0,27164.359,1826.7404,3.6,0.0
2023-02-09,4081.5,13,13000000,4.57,6.0,27164.359,1826.7404,3.6,0.0
2023-02-10,4090.46,7,7000000,4.57,6.0,27164.359,1826.7404,3.6,0.0
2023-02-13,4137.29,19,19000000,4.57,6.0,27164.359,1826.7404,3.6,0.0
2023-02-14,4136.13,11,11000000,4.57,6.0,27164.359,1826.7404,3.6,0.0
2023-02-15,4147.6,15,15000000,4.57,6.0,27164.359,1826.7404,3.6,0.0
2023-02-16,4090.41,22,22000000,4.57,6.0,27164.359,1826.7404,3.6,0.0
2023-02-17,4079.09,17,17000000,4.57,6.0,27164.359,1826.7404,3.6,0.0
2023-02-21,3997.34,25,25000000,4.57,6.0,27164.359,1826.7404,3.6,0.0
2023-02-22,3991.05,20,20000000,4.57,6.0,27164.359,1826.7404,3.6,0.0
2023-02-23,4012.32,13,13000000,4.57,6.0,27164.359,1826.7404,3.6,0.0
2023-02-24,3970.04,20,20000000,4.57,6.0,27164.359,1826.7404,3.6,0.0
2023-02-27,3982.24,12,12000000,4.57,6.0,27164.359,1826.7404,3.6,0.0
2023-02-28,3970.15,14,14000000,4.57,6.0,27164.359,1826.7404,3.6,0.0
2023-03-01,3951.39,21,21000000,4.65,5.0,27164.359,1969.5459,3.5,0.0
2023-03-02,3981.35,17,17000000,4.65,5.0,27164.359,1969.5459,3.5,0.0
2023-03-03,4045.64,18,18000000,4.65,5.0,27164.359,1969.5459,3.5,0.0
2023-03-06,4048.42,29,29000000,4.65,5.0,27164.359,1969.5459,3.5,0.0
2023-03-07,3986.37,24,24000000,4.65,5.0,27164.359,1969.5459,3.5,0.0
2023-03-08,3992.01,15,15000000,4.65,5.0,27164.359,1969.5459,3.5,0.0
2023-03-09,3918.32,26,26000000,4.65,5.0,27164.359,1969.5459,3.5,0.0
2023-03-10,3861.59,17,17000000,4.65,5.0,27164.359,1969.5459,3.5,0.0
2023-03-13,3855.76,21,21000000,4.65,5.0,27164.359,1969.5459,3.5,0.0
2023-03-14,3919.29,17,17000000,4.65,5.0,27164.359,1969.5459,3.5,0.0
2023-03-15,3891.93,24,24000000,4.65,5.0,27164.359,1969.5459,3.5,0.0
2023-03-16,3960.28,14,14000000,4.65,5.0,27164.359,1969.5459,3.5,0.0
2023-03-17,3916.64,23,23000000,4.65,5.0,27164.359,1969.5459,3.5,0.0
2023-03-20,3951.57,19,19000000,4.65,5.0,27164.359,1969.5459,3.5,0.0
2023-03-21,4002.87,15,15000000,4.65,5.0,27164.359,1969.5459,3.5,0.0
2023-03-22,3936.97,23,23000000,4.65,5.0,27164.359,1969.5459,3.5,0.0
2023-03-23,3948.72,16,16000000,4.65,5.0,27164.359,1969.5459,3.5,0.0
2023-03-24,3970.99,13,13000000,4.65,5.0,27164.359,1969.5459,3.5,0.0
2023-03-27,3977.53,13,13000000,4.65,5.0,27164.359,1969.5459,3.5,0.0
2023-03-28,3971.27,11,11000000,4.65,5.0,27164.359,1969.5459,3.5,0.0
2023-03-29,4027.81,17,17000000,4.65,5.0,27164.359,1969.5459,3.5,0.0
2023-03-30,4050.83,18,18000000,4.65,5.0,27164.359,1969.5459,3.5,0.0
2023-03-31,4109.31,26,26000000,4.65,5.0,27164.359,1969.5459,3.5,0.0
2023-04-03,4124.51,29,29000000,4.83,4.9,27453.815,1990.6,3.4,0.0
2023-04-04,4100.6,23,23000000,4.83,4.9,27453.815,1990.6,3.4,0.0
2023-04-05,4090.38,25,25000000,4.83,4.9,27453.815,1990.6,3.4,0.0
2023-04-06,4105.02,19,19000000,4.83,4.9,27453.815,1990.6,3.4,0.0
2023-04-10,4109.11,20,20000000,4.83,4.9,27453.815,1990.6,3.4,0.0
2023-04-11,4108.94,15,15000000,4.83,4.9,27453.815,1990.6,3.4,0.0
2023-04-12,4091.95,11,11000000,4.83,4.9,27453.815,1990.6,3.4,0.0
2023-04-13,4146.22,17,17000000,4.83,4.9,27453.815,1990.6,3.4,0.0
2023-04-14,4137.64,20,20000000,4.83,4.9,27453.815,1990.6,3.4,0.0
2023-04-17,4151.32,22,22000000,4.83,4.9,27453.815,1990.6,3.4,0.0
2023-04-18,4154.87,23,23000000,4.83,4.9,27453.815,1990.6,3.4,0.0
2023-04-19,4154.52,27,27000000,4.83,4.9,27453.815,1990.6,3.4,0.0
2023-04-20,4129.79,10,10000000,4.83,4.9,27453.815,1990.6,3.4,0.0
2023-05-01,4167.87,21,21000000,5.06,4.0,27453.815,1965.2,3.6,0.0
2023-05-02,4119.58,16,16000000,5.06,4.0,27453.815,1965.2,3.6,0.0
2023-05-03,4090.75,16,16000000,5.06,4.0,27453.815,1965.2,3.6,0.0
2023-05-04,4061.22,13,13000000,5.06,4.0,27453.815,1965.2,3.6,0.0
2023-05-05,4136.25,18,18000000,5.06,4.0,27453.815,1965.2,3.6,0.0
2023-05-08,4138.12,19,19000000,5.06,4.0,27453.815,1965.2,3.6,0.0
2023-05-09,4119.17,18,18000000,5.06,4.0,27453.815,1965.2,3.6,0.0
2023-05-10,4137.64,16,16000000,5.06,4.0,27453.815,1965.2,3.6,0.0
2023-05-11,4130.62,20,20000000,5.06,4.0,27453.815,1965.2,3.6,0.0
2023-05-12,4124.08,24,24000000,5.06,4.0,27453.815,1965.2,3.6,0.0
2023-05-15,4136.28,21,21000000,5.06,4.0,27453.815,1965.2,3.6,0.0
2023-05-16,4109.9,14,14000000,5.06,4.0,27453.815,1965.2,3.6,0.0
2023-05-17,4158.77,19,19000000,5.06,4.0,27453.815,1965.2,3.6,0.0
2023-05-18,4198.05,22,22000000,5.06,4.0,27453.815,1965.2,3.6,0.0
2023-05-19,4191.98,22,22000000,5.06,4.0,27453.815,1965.2,3.6,0.0
2023-05-22,4192.63,31,31000000,5.06,4.0,27453.815,1965.2,3.6,0.0
2023-05-23,4145.58,17,17000000,5.06,4.0,27453.815,1965.2,3.6,0.0
2023-05-24,4115.24,9,9000000,5.06,4.0,27453.815,1965.2,3.6,0.0
2023-05-25,4151.28,16,16000000,5.06,4.0,27453.815,1965.2,3.6,0.0
2023-05-26,4205.45,17,17000000,5.06,4.0,27453.815,1965.2,3.6,0.0
2023-05-30,4205.52,26,26000000,5.06,4.0,27453.815,1965.2,3.6,0.0
2023-05-31,4179.83,26,26000000,5.06,4.0,27453.815,1965.2,3.6,0.0
2023-06-01,4221.02,19,19000000,5.08,3.0,27453.815,1919.5693,3.6,0.0
2023-06-02,4282.37,27,27000000,5.08,3.0,27453.815,1919.5693,3.6,0.0
2023-06-05,4273.79,19,19000000,5.08,3.0,27453.815,1919.5693,3.6,0.0
2023-06-06,4283.85,11,11000000,5.08,3.0,27453.815,1919.5693,3.6,0.0
2023-06-07,4267.52,13,13000000,5.08,3.0,27453.815,1919.5693,3.6,0.0
2023-06-08,4293.93,16,16000000,5.08,3.0,27453.815,1919.5693,3.6,0.0
2023-06-09,4298.86,17,17000000,5.08,3.0,27453.815,1919.5693,3.6,0.0
2023-06-12,4338.93,22,22000000,5.08,3.0,27453.815,1919.5693,3.6,0.0
2023-06-13,4369.01,24,24000000,5.08,3.0,27453.815,1919.5693,3.6,0.0
2023-06-14,4372.59,25,25000000,5.08,3.0,27453.815,1919.5693,3.6,0.0
2023-06-15,4425.84,23,23000000,5.08,3.0,27453.815,1919.5693,3.6,0.0
2023-06-16,4409.59,34,34000000,5.08,3.0,27453.815,1919.5693,3.6,0.0
2023-06-20,4388.71,17,17000000,5.08,3.0,27453.815,1919.5693,3.6,0.0
2023-06-21,4365.69,25,25000000,5.08,3.0,27453.815,1919.5693,3.6,0.0
2023-06-22,4381.89,13,13000000,5.08,3.0,27453.815,1919.5693,3.6,0.0
2023-06-23,4348.33,23,23000000,5.08,3.0,27453.815,1919.5693,3.6,0.0
2023-06-26,4328.82,22,22000000,5.08,3.0,27453.815,1919.5693,3.6,0.0
2023-06-27,4378.41,17,17000000,5.08,3.0,27453.815,1919.5693,3.6,0.0
2023-06-28,4376.86,23,23000000,5.08,3.0,27453.815,1919.5693,3.6,0.0
2023-06-29,4396.44,14,14000000,5.08,3.0,27453.815,1919.5693,3.6,0.0
2023-06-30,4450.38,20,20000000,5.08,3.0,27453.815,1919.5693,3.6,0.0
2023-07-03,4455.59,11,11000000,5.12,3.2,27967.697,1964.3387,3.5,0.0
2023-07-05,4446.82,26,26000000,5.12,3.2,27967.697,1964.3387,3.5,0.0
2023-07-06,4411.59,24,24000000,5.12,3.2,27967.697,1964.3387,3.5,0.0
2023-07-07,4398.95,23,23000000,5.12,3.2,27967.697,1964.3387,3.5,0.0
2023-07-10,4409.53,17,17000000,5.12,3.2,27967.697,1964.3387,3.5,0.0
2023-07-11,4439.26,15,15000000,5.12,3.2,27967.697,1964.3387,3.5,0.0
2023-07-12,4472.16,16,16000000,5.12,3.2,27967.697,1964.3387,3.5,0.0
2023-07-13,4510.04,18,18000000,5.12,3.2,27967.697,1964.3387,3.5,0.0
2023-07-14,4505.42,12,12000000,5.12,3.2,27967.697,1964.3387,3.5,0.0
2023-07-17,4522.79,35,35000000,5.12,3.2,27967.697,1964.3387,3.5,0.0
2023-07-18,4554.98,22,22000000,5.12,3.2,27967.697,1964.3387,3.5,0.0
2023-07-19,4565.72,18,18000000,5.12,3.2,27967.697,1964.3387,3.5,0.0
2023-07-20,4534.87,27,27000000,5.12,3.2,27967.697,1964.3387,3.5,0.0
2023-07-21,4536.34,20,20000000,5.12,3.2,27967.697,1964.3387,3.5,0.0
2023-07-24,4554.64,27,27000000,5.12,3.2,27967.697,1964.3387,3.5,0.0
2023-07-25,4567.46,17,17000000,5.12,3.2,27967.697,1964.3387,3.5,0.0
2023-07-26,4566.75,21,21000000,5.12,3.2,27967.697,1964.3387,3.5,0.0
2023-07-27,4537.41,18,18000000,5.12,3.2,27967.697,1964.3387,3.5,0.0
2023-07-28,4582.23,22,22000000,5.12,3.2,27967.697,1964.3387,3.5,0.0
2023-07-31,4588.96,19,19000000,5.12,3.2,27967.697,1964.3387,3.5,0.0
2023-08-01,4576.73,26,26000000,5.33,3.7,27967.697,1939.8281,3.7,0.0
2023-08-02,4513.39,22,22000000,5.33,3.7,27967.697,1939.8281,3.7,0.0
2023-08-03,4501.89,16,16000000,5.33,3.7,27967.697,1939.8281,3.7,0.0
2023-08-04,4478.03,20,20000000,5.33,3.7,27967.697,1939.8281,3.7,0.0
2023-08-07,4518.44,25,25000000,5.33,3.7,27967.697,1939.8281,3.7,0.0
2023-08-08,4499.38,25,25000000,5.33,3.7,27967.697,1939.8281,3.7,0.0
2023-08-09,4467.71,29,29000000,5.33,3.7,27967.697,1939.8281,3.7,0.0
2023-08-10,4468.83,16,16000000,5.33,3.7,27967.697,1939.8281,3.7,0.0
2023-08-11,4464.05,12,12000000,5.33,3.7,27967.697,1939.8281,3.7,0.0
2023-08-14,4489.72,18,18000000,5.33,3.7,27967.697,1939.8281,3.7,0.0
2023-08-15,4437.86,19,19000000,5.33,3.7,27967.697,1939.8281,3.7,0.0
2023-08-16,4404.33,14,14000000,5.33,3.7,27967.697,1939.8281,3.7,0.0
2023-08-17,4370.36,14,14000000,5.33,3.7,27967.697,1939.8281,3.7,0.0
2023-08-18,4369.71,16,16000000,5.33,3.7,27967.697,1939.8281,3.7,0.0
2023-08-21,4399.77,28,28000000,5.33,3.7,27967.697,1939.8281,3.7,0.0
2023-08-22,4387.55,27,27000000,5.33,3.7,27967.697,1939.8281,3.7,0.0
2023-08-23,4436.01,19,19000000,5.33,3.7,27967.697,1939.8281,3.7,0.0
2023-08-24,4376.31,26,26000000,5.33,3.7,27967.697,1939.8281,3.7,0.0
2023-08-25,4405.71,22,22000000,5.33,3.7,27967.697,1939.8281,3.7,0.0
2023-08-28,4433.31,21,21000000,5.33,3.7,27967.697,1939.8281,3.7,0.0
2023-08-29,4497.63,10,10000000,5.33,3.7,27967.697,1939.8281,3.7,0.0
2023-08-30,4514.87,24,24000000,5.33,3.7,27967.697,1939.8281,3.7,0.0
2023-08-31,4507.66,17,17000000,5.33,3.7,27967.697,1939.8281,3.7,0.0
2023-09-01,4515.77,25,25000000,5.33,3.7,27967.697,1848.4898,3.8,0.0
2023-09-05,4496.83,27,27000000,5.33,3.7,27967.697,1848.4898,3.8,0.0
2023-09-06,4465.48,23,23000000,5.33,3.7,27967.697,1848.4898,3.8,0.0
2023-09-07,4451.14,20,20000000,5.33,3.7,27967.697,1848.4898,3.8,0.0
2023-09-08,4457.49,21,21000000,5.33,3.7,27967.697,1848.4898,3.8,0.0
2023-09-11,4487.46,16,16000000,5.33,3.7,27967.697,1848.4898,3.8,0.0
2023-09-12,4461.9,33,33000000,5.33,3.7,27967.697,1848.4898,3.8,0.0
2023-09-13,4467.44,22,22000000,5.33,3.7,27967.697,1848.4898,3.8,0.0
2023-09-14,4505.1,18,18000000,5.33,3.7,27967.697,1848.4898,3.8,0.0
2023-09-15,4450.32,24,24000000,5.33,3.7,27967.697,1848.4898,3.8,0.0
2023-09-18,4453.53,14,14000000,5.33,3.7,27967.697,1848.4898,3.8,0.0
2023-09-19,4443.95,15,15000000,5.33,3.7,27967.697,1848.4898,3.8,0.0
2023-09-20,4402.2,21,21000000,5.33,3.7,27967.697,1848.4898,3.8,0.0
2023-09-21,4330.0,13,13000000,5.33,3.7,27967.697,1848.4898,3.8,0.0
2023-09-22,4320.06,17,17000000,5.33,3.7,27967.697,1848.4898,3.8,0.0
2023-09-25,4337.44,15,15000000,5.33,3.7,27967.697,1848.4898,3.8,0.0
2023-09-26,4273.53,5,5000000,5.33,3.7,27967.697,1848.4898,3.8,0.0
2023-09-27,4274.51,14,14000000,5.33,3.7,27967.697,1848.4898,3.8,0.0
2023-09-28,4299.7,13,13000000,5.33,3.7,27967.697,1848.4898,3.8,0.0
2023-09-29,4288.05,31,31000000,5.33,3.7,27967.697,1848.4898,3.8,0.0
2023-10-02,4288.39,24,24000000,5.33,3.2,28296.967,1984.0109,3.9,0.0
2023-10-03,4229.45,29,29000000,5.33,3.2,28296.967,1984.0109,3.9,0.0
2023-10-04,4263.75,18,18000000,5.33,3.2,28296.967,1984.0109,3.9,0.0
2023-10-05,4258.19,12,12000000,5.33,3.2,28296.967,1984.0109,3.9,0.0
2023-10-06,4308.5,21,21000000,5.33,3.2,28296.967,1984.0109,3.9,0.0
2023-10-09,4335.66,21,21000000,5.33,3.2,28296.967,1984.0109,3.9,0.0
2023-10-10,4358.24,20,20000000,5.33,3.2,28296.967,1984.0109,3.9,0.0
2023-10-11,4376.95,24,24000000,5.33,3.2,28296.967,1984.0109,3.9,0.0
2023-10-12,4349.61,15,15000000,5.33,3.2,28296.967,1984.0109,3.9,0.0
2023-10-13,4327.78,22,22000000,5.33,3.2,28296.967,1984.0109,3.9,0.0
2023-10-16,4373.63,33,33000000,5.33,3.2,28296.967,1984.0109,3.9,0.0
2023-10-17,4373.2,21,21000000,5.33,3.2,28296.967,1984.0109,3.9,0.0
2023-10-18,4314.6,23,23000000,5.33,3.2,28296.967,1984.0109,3.9,0.0
2023-10-19,4278.0,23,23000000,5.33,3.2,28296.967,1984.0109,3.9,0.0
2023-10-20,4224.16,28,28000000,5.33,3.2,28296.967,1984.0109,3.9,0.0
2023-10-23,4217.04,18,18000000,5.33,3.2,28296.967,1984.0109,3.9,0.0
2023-10-24,4247.68,16,16000000,5.33,3.2,28296.967,1984.0109,3.9,0.0
2023-10-25,4186.77,14,14000000,5.33,3.2,28296.967,1984.0109,3.9,0.0
2023-10-26,4137.23,19,19000000,5.33,3.2,28296.967,1984.0109,3.9,0.0
2023-10-27,4117.37,21,21000000,5.33,3.2,28296.967,1984.0109,3.9,0.0
2023-10-30,4166.82,34,34000000,5.33,3.2,28296.967,1984.0109,3.9,0.0
2023-10-31,4193.8,21,21000000,5.33,3.2,28296.967,1984.0109,3.9,0.0
2023-11-01,4237.86,21,21000000,5.33,3.1,28296.967,2044.8957,3.7,0.0
2023-11-02,4317.78,17,17000000,5.33,3.1,28296.967,2044.8957,3.7,0.0
2023-11-03,4358.34,13,13000000,5.33,3.1,28296.967,2044.8957,3.7,0.0
2023-11-06,4365.98,25,25000000,5.33,3.1,28296.967,2044.8957,3.7,0.0
2023-11-07,4378.38,24,24000000,5.33,3.1,28296.967,2044.8957,3.7,0.0
2023-11-08,4382.78,24,24000000,5.33,3.1,28296.967,2044.8957,3.7,0.0
2023-11-09,4347.35,19,19000000,5.33,3.1,28296.967,2044.8957,3.7,0.0
2023-11-10,4415.24,15,15000000,5.33,3.1,28296.967,2044.8957,3.7,0.0
2023-11-13,4411.55,23,23000000,5.33,3.1,28296.967,2044.8957,3.7,0.0
2023-11-14,4495.7,21,21000000,5.33,3.1,28296.967,2044.8957,3.7,0.0
2023-11-15,4502.88,18,18000000,5.33,3.1,28296.967,2044.8957,3.7,0.0
2023-11-16,4508.24,20,20000000,5.33,3.1,28296.967,2044.8957,3.7,0.0
2023-11-17,4514.02,21,21000000,5.33,3.1,28296.967,2044.8957,3.7,0.0
2023-11-20,4547.38,26,26000000,5.33,3.1,28296.967,2044.8957,3.7,0.0
2023-11-21,4538.19,27,27000000,5.33,3.1,28296.967,2044.8957,3.7,0.0
2023-11-22,4556.62,38,38000000,5.33,3.1,28296.967,2044.8957,3.7,0.0
2023-11-24,4559.34,16,16000000,5.33,3.1,28296.967,2044.8957,3.7,0.0
2023-11-27,4550.43,22,22000000,5.33,3.1,28296.967,2044.8957,3.7,0.0
2023-11-28,4554.89,14,14000000,5.33,3.1,28296.967,2044.8957,3.7,0.0
2023-11-29,4550.58,15,15000000,5.33,3.1,28296.967,2044.8957,3.7,0.0
2023-11-30,4567.8,15,15000000,5.33,3.1,28296.967,2044.8957,3.7,0.0
2023-12-01,4594.63,20,20000000,5.33,3.4,28296.967,2062.9233,3.8,0.0
2023-12-04,4569.78,30,30000000,5.33,3.4,28296.967,2062.9233,3.8,0.0
2023-12-05,4567.18,27,27000000,5.33,3.4,28296.967,2062.9233,3.8,0.0
2023-12-06,4549.34,18,18000000,5.33,3.4,28296.967,2062.9233,3.8,0.0
2023-12-07,4585.59,25,25000000,5.33,3.4,28296.967,2062.9233,3.8,0.0
2023-12-08,4604.37,20,20000000,5.33,3.4,28296.967,2062.9233,3.8,0.0
2023-12-11,4622.44,39,39000000,5.33,3.4,28296.967,2062.9233,3.8,0.0
2023-12-12,4643.7,17,17000000,5.33,3.4,28296.967,2062.9233,3.8,0.0
2023-12-13,4707.09,23,23000000,5.33,3.4,28296.967,2062.9233,3.8,0.0
2023-12-14,4719.55,18,18000000,5.33,3.4,28296.967,2062.9233,3.8,0.0
2023-12-15,4719.19,20,20000000,5.33,3.4,28296.967,2062.9233,3.8,0.0
2023-12-18,4740.56,21,21000000,5.33,3.4,28296.967,2062.9233,3.8,0.0
2023-12-19,4768.37,16,16000000,5.33,3.4,28296.967,2062.9233,3.8,0.0
2023-12-20,4698.35,16,16000000,5.33,3.4,28296.967,2062.9233,3.8,0.0
2023-12-21,4746.75,24,24000000,5.33,3.4,28296.967,2062.9233,3.8,0.0
2023-12-22,4754.63,16,16000000,5.33,3.4,28296.967,2062.9233,3.8,0.0
2023-12-26,4774.75,21,21000000,5.33,3.4,28296.967,2062.9233,3.8,0.0
2023-12-27,4781.58,20,20000000,5.33,3.4,28296.967,2062.9233,3.8,0.0
2023-12-28,4783.35,22,22000000,5.33,3.4,28296.967,2062.9233,3.8,0.0
2023-12-29,4769.83,25,25000000,5.33,3.4,28296.967,2062.9233,3.8,0.0
2024-01-02,4742.83,24,24000000,5.33,3.1,28624.069,2039.1538,3.7,0.0
2024-01-03,4704.81,18,18000000,5.33,3.1,28624.069,2039.1538,3.7,0.0
2024-01-04,4688.68,18,18000000,5.33,3.1,28624.069,2039.1538,3.7,0.0
2024-01-05,4697.24,18,18000000,5.33,3.1,28624.069,2039.1538,3.7,0.0
2024-01-08,4763.54,28,28000000,5.33,3.1,28624.069,2039.1538,3.7,0.0
2024-01-09,4756.5,19,19000000,5.33,3.1,28624.069,2039.1538,3.7,0.0
2024-01-10,4783.45,24,24000000,5.33,3.1,28624.069,2039.1538,3.7,0.0
2024-01-11,4780.24,20,20000000,5.33,3.1,28624.069,2039.1538,3.7,0.0
2024-01-12,4783.83,17,17000000,5.33,3.1,28624.069,2039.1538,3.7,0.0
2024-01-16,4765.98,12,12000000,5.33,3.1,28624.069,2039.1538,3.7,0.0
2024-01-17,4739.21,5,5000000,5.33,3.1,28624.069,2039.1538,3.7,0.0
2024-01-18,4780.94,8,8000000,5.33,3.1,28624.069,2039.1538,3.7,0.0
2024-01-19,4839.81,49,49000000,5.33,3.1,28624.069,2039.1538,3.7,0.0
2024-01-22,4850.43,32,32000000,5.33,3.1,28624.069,2039.1538,3.7,0.0
2024-01-23,4864.6,11,11000000,5.33,3.1,28624.069,2039.1538,3.7,0.0
2024-01-24,4868.55,15,15000000,5.33,3.1,28624.069,2039.1538,3.7,0.0
2024-01-25,4894.16,14,14000000,5.33,3.1,28624.069,2039.1538,3.7,0.0
2024-01-26,4890.97,17,17000000,5.33,3.1,28624.069,2039.1538,3.7,0.0
2024-01-29,4927.93,9,9000000,5.33,3.1,28624.069,2039.1538,3.7,0.0
2024-01-30,4924.97,12,12000000,5.33,3.1,28624.069,2039.1538,3.7,0.0
2024-01-31,4845.65,18,18000000,5.33,3.1,28624.069,2039.1538,3.7,0.0
2024-02-01,4906.19,11,11000000,5.33,3.2,28624.069,2044.1997,3.9,0.0
2024-02-02,4958.61,13,13000000,5.33,3.2,28624.069,2044.1997,3.9,0.0
2024-02-05,4942.81,5,5000000,5.33,3.2,28624.069,2044.1997,3.9,0.0
2024-02-06,4954.23,8,8000000,5.33,3.2,28624.069,2044.1997,3.9,0.0
2024-02-07,4995.06,9,9000000,5.33,3.2,28624.069,2044.1997,3.9,0.0
2024-02-08,4997.91,27,27000000,5.33,3.2,28624.069,2044.1997,3.9,0.0
2024-02-09,5026.61,34,34000000,5.33,3.2,28624.069,2044.1997,3.9,0.0
2024-02-12,5021.84,24,24000000,5.33,3.2,28624.069,2044.1997,3.9,0.0
2024-02-13,4953.17,15,15000000,5.33,3.2,28624.069,2044.1997,3.9,0.0
2024-02-14,5000.62,16,16000000,5.33,3.2,28624.069,2044.1997,3.9,0.0
2024-02-15,5029.73,28,28000000,5.33,3.2,28624.069,2044.1997,3.9,0.0
2024-02-16,5005.57,29,29000000,5.33,3.2,28624.069,2044.1997,3.9,0.0
2024-02-20,4975.51,25,25000000,5.33,3.2,28624.069,2044.1997,3.9,0.0
2024-02-21,4981.8,11,11000000,5.33,3.2,28624.069,2044.1997,3.9,0.0
2024-02-22,5087.03,26,26000000,5.33,3.2,28624.069,2044.1997,3.9,0.0
2024-02-23,5088.8,23,23000000,5.33,3.2,28624.069,2044.1997,3.9,0.0
2024-02-26,5069.53,17,17000000,5.33,3.2,28624.069,2044.1997,3.9,0.0
2024-02-27,5078.18,21,21000000,5.33,3.2,28624.069,2044.1997,3.9,0.0
2024-02-28,5069.76,19,19000000,5.33,3.2,28624.069,2044.1997,3.9,0.0
2024-02-29,5096.27,22,22000000,5.33,3.2,28624.069,2044.1997,3.9,0.0
2024-03-01,5137.08,31,31000000,5.33,3.5,28624.069,2231.5551,3.9,0.0
2024-03-04,5130.95,31,31000000,5.33,3.5,28624.069,2231.5551,3.9,0.0
