headline,summary,content,url,image_url,published_date,author,source_name
Glen Powell addresses possibility that he’s playing the next James Bond,Does Glen Powell want the license to kill?,"Glen Powell doesn’t want the license to kill.
The “Chad Powers” star, 36, shut down the possibility that he’s playing the next James Bond. 
Im Texan. A Texan should not play James Bond, Powell told… [+3336 chars]",https://nypost.com/2025/08/20/entertainment/glen-powell-gives-blunt-response-to-james-bond-role-rumors/,https://nypost.com/wp-content/uploads/sites/2/2025/08/109841438.jpg?quality=75&strip=all&w=1024,2025-08-20 17:34:03+00:00,Eric Todisco,New York Post
Tech Stocks Are Under Pressure. Why Some Wall Street Analysts Say That May Not Last,"In this article:
Tech stocks are having a rough day, extending their recent slump amid a sector rotation away from big tech leaders.
The Nasdaq lost close to 1% in recent trading, and the S&P 500 slid 0.4% as tech sector losses weighed on the indexes. The Dow…","In this article:Tech stocks are having a rough day, extending their recent slump amid a sector rotation away from big tech leaders.The Nasdaq lost close to 1% in recent trading, and the S&amp;P 500 s… [+154 chars]",https://biztoc.com/x/fabde479f66f48af,https://biztoc.com/cdn/fabde479f66f48af_s.webp,2025-08-20 17:26:27+00:00,finance.yahoo.com,Biztoc.com
Nasdaq's Slide Eases. Here's What's Happening to Wall Street's Favorite Stocks,"4 min ago
Nasdaq's Slide Eases. Here's What's Happening to Wall Street's Favorite Stocks.
The technology stock selloff abated slightly in early afternoon trading.
The Nasdaq Composite pared its decline to 1.1%, while the S&P 500 was down 0.5%. The Dow was mov…",4 min agoNasdaq's Slide Eases. Here's What's Happening to Wall Street's Favorite Stocks.The technology stock selloff abated slightly in early afternoon trading.The Nasdaq Composite pared its decline … [+144 chars],https://biztoc.com/x/2eb0fc61656f6057,https://biztoc.com/cdn/2eb0fc61656f6057_s.webp,2025-08-20 17:14:45+00:00,barrons.com,Biztoc.com
Tech sell-off dampens mood on Wall Street,"Euronext Dublin finished 1.6% lower, dragged down by Cavan-based insulation specialist Kingspan","Global markets were higher on Wednesday before a tech sell-off on Wall Street extended into a second day and dampened the mood.
Dublin
Euronext Dublin finished 1.6 per cent lower, dragged down by i… [+3625 chars]",https://www.irishtimes.com/business/2025/08/20/tech-sell-off-dampens-mood-on-wall-street/,https://www.irishtimes.com/resizer/v2/RMFCO4VAFKYLXDJA5APOHKOKZU.jpg?smart=true&auth=408eb23d83021dd1d13b0255793452bd79d9479a925928cf22dc3d976d046bc2&width=1200&height=630,2025-08-20 17:03:07+00:00,Colin Gleeson,The Irish Times
Nasdaq Down 1%; Lowe's Posts Upbeat Earnings,"U.S. stocks traded lower midway through trading, with the Nasdaq Composite falling more than 200 points on Wednesday.
The Dow traded down 0.07% to 44,891.07 while the NASDAQ fell 1% to 21,101.73. The S&P 500 also fell, dropping, 0.47% to 6,381.22.
Check This …","U.S. stocks traded lower midway through trading, with the Nasdaq Composite falling more than 200 points on Wednesday.The Dow traded down 0.07% to 44,891.07 while the NASDAQ fell 1% to 21,101.73. The … [+149 chars]",https://biztoc.com/x/4a9f3c04e2c14e44,https://biztoc.com/cdn/4a9f3c04e2c14e44_s.webp,2025-08-20 17:03:04+00:00,benzinga.com,Biztoc.com
3 James Bond Movies That Are Secretly Remakes,"The James Bond franchise has often jumped between different genres and tones, but three of the movies are actually remakes in disguise.","Of the 25 James Bond movies currently in existence, three of them are actually remakes. The James Bond movie franchise is currently in a state of flux. With longtime producers Barbara Broccoli and Mi… [+3708 chars]",https://screenrant.com/james-bond-movies-remakes/,https://static1.srcdn.com/wordpress/wp-content/uploads/2025/06/with-no-time-to-die-daniel-craig-achieved-what-only-1-other-james-bond-actor-has.jpg,2025-08-20 17:00:14+00:00,Padraig Cotter,Screen Rant
Terror threat level: NZ Security Intelligence Service spy agency warns Kiwis need to step up to combat terror,The latest SIS report deems China a 'particularly assertive and powerful actor'.,"Among them is competition between global powers, namely the United States and China. The report also highlighted Russias influence in Europe, conflict and humanitarian crises in the Middle East, and … [+3132 chars]",https://www.nzherald.co.nz/nz/politics/terror-threat-level-nz-security-intelligence-service-spy-agency-warns-kiwis-need-to-step-up-to-combat-terror/OD3WSXSJG5BUJK3WWGHPD5PJSI/,https://www.nzherald.co.nz/resizer/v2/4Y7CX4PT64JHY4JR45COO7XTW4.jpg?auth=1af8e73ff1c62bdfb0cfa89afb3f95ee0d68d9ca482652ffa67a1f8236c71d6d&width=1200&height=675&quality=70&smart=true,2025-08-20 17:00:00+00:00,Adam Pearse,New Zealand Herald
Society Insider: East Imperial founder Tony Burt’s new business with chef Peter Gordon; Sir Colin Giltrap’s family motorsport legacy; Kylie Bax’s model agent Kim Larking’s new venture,"Plus, Giltrap’s family motorsport legacy; Kylie Bax’s NZ agent’s new charitable venture.","The New Zealand-based business went on to sell some 33 million bottles of its products in more than 20 countries. 
Then the Covid pandemic hit, dealing a heavy blow to trading, while mounting pressu… [+15719 chars]",https://www.nzherald.co.nz/lifestyle/society-insider-east-imperial-founder-tony-burts-new-business-with-chef-peter-gordon-sir-colin-giltraps-family-motorsport-legacy-kylie-baxs-model-agent-kim-larkings-new-venture/WOZ2C6OIYNCT7FHYMBLTOJ7JIE/,https://www.nzherald.co.nz/resizer/v2/FBYH736DDBHHXCLLSHH654XTPE.jpg?auth=989f04b44adb1c5e32a16053f49561871842b4aabbd595c80db32d3ab0d8a77a&width=1200&height=675&quality=70&focal=4132%2C726&smart=false,2025-08-20 17:00:00+00:00,Ricardo Simich,New Zealand Herald
US tech stocks plunge as investor scramble to understand new market realities,"Nvidia, Palantir and other superstar stocks that had surged in the mania surrounding artificial-intelligence technology dragged Wall Street lower again on Wednesday. The S&P 500 dropped 1pc and the tech heavy Nasdaq share index was 1.8pc lower. Nvidia, whose …","Nvidia, Palantir and other superstar stocks that had surged in the mania surrounding artificial-intelligence technology dragged Wall Street lower again on Wednesday. The S&amp;P 500 dropped 1pc and t… [+2294 chars]",https://www.independent.ie/business/technology/us-tech-stocks-plunge-as-investor-scramble-to-understand-new-market-realities/a1364270338.html,https://focus.independent.ie/thumbor/h5bIBc0m-zNnFU_C4p7w0WDoe1o=/0x0:3238x2158/629x0/prod-mh-ireland/055222da-30cc-4dcc-a6f2-f2768b71fab8/d8ac9979-9aac-4ad4-8574-66a3f2dc0b63/055222da-30cc-4dcc-a6f2-f2768b71fab8.jpg,2025-08-20 16:52:08+00:00,Donal O'Donovan,Independent.ie
Stock futures mixed as investors await retail earnings and Fed comments,"U.S. stock index futures were subdued on Tuesday morning. Investors are waiting for earnings reports from major retailers to get insights into consumer spending and the impact of tariffs. Home Depot shares inched up before its quarterly results, which could p…",U.S. stock index futures were subdued on Tuesday morning. Investors are waiting for earnings reports from major retailers to get insights into consumer spending and the impact of tariffs. Home Depot … [+1749 chars],https://techpinions.com/stock-futures-mixed-as-investors-await-retail-earnings-and-fed-comments/,,2025-08-20 16:47:00+00:00,Jeff Baumgart,Techpinions.com
Nasdaq slides again as AI jitters rattle tech investors,"NEW YORK :Tech stocks are leading declines on Wall Street, with worries about AI spurring debates about its future. The Nasdaq Composite is down around 2.4 per cent over the last two days, the worst two-day fall since April.The semiconductor index was down 1.…","NEW YORK :Tech stocks are leading declines on Wall Street, with worries about AI spurring debates about its future. The Nasdaq Composite is down around 2.4 per cent over the last two days, the worst … [+5490 chars]",https://www.channelnewsasia.com/business/nasdaq-slides-again-ai-jitters-rattle-tech-investors-5305321,"https://dam.mediacorp.sg/image/upload/s--kiGq0klv--/fl_relative,g_south_east,l_mediacorp:cna:watermark:2024-04:reuters_1,w_0.1/f_auto,q_auto/c_fill,g_auto,h_676,w_1200/v1/one-cms/core/2025-08-20t164433z_1_lynxmpel7j0rf_rtroptp_3_markets-stocks.jpg?itok=S5wWi4BZ",2025-08-20 16:44:33+00:00,,CNA
Nasdaq slides again as AI jitters rattle tech investors,"NEW YORK (Reuters) -Tech stocks are leading declines on Wall Street, with worries about AI spurring debates about its future.  The Nasdaq Composite is down...","NEW YORK (Reuters) -Tech stocks are leading declines on Wall Street, with worries about AI spurring debates about its future. The Nasdaq Composite is down around 2.4% over the last two days, the wors… [+5572 chars]",https://finance.yahoo.com/news/nasdaq-slides-again-ai-jitters-164433602.html,https://media.zenfs.com/en/reuters-finance.com/75063700a25b1d8eed1684e1253376c1,2025-08-20 16:44:33+00:00,Reuters,Yahoo Entertainment
Nasdaq drops for 2nd day as AI jitters rattle tech investors,"NEW YORK :Tech stocks led declines on Wall Street, with worries about AI spurring debates about its future. The Nasdaq Composite dropped 2.2 per cent over the last two days, the worst two-day fall since August 1st.The semiconductor index was down 1.4 per cent…","NEW YORK :Tech stocks led declines on Wall Street, with worries about AI spurring debates about its future. The Nasdaq Composite dropped 2.2 per cent over the last two days, the worst two-day fall si… [+6993 chars]",https://www.channelnewsasia.com/business/nasdaq-drops-2nd-day-ai-jitters-rattle-tech-investors-5305321,"https://dam.mediacorp.sg/image/upload/s--kiGq0klv--/fl_relative,g_south_east,l_mediacorp:cna:watermark:2024-04:reuters_1,w_0.1/f_auto,q_auto/c_fill,g_auto,h_676,w_1200/v1/one-cms/core/2025-08-20t164433z_1_lynxmpel7j0rf_rtroptp_3_markets-stocks.jpg?itok=S5wWi4BZ",2025-08-20 16:44:33+00:00,,CNA
"Firefox 142 rolls out its Pocket replacement, plus more AI features","With the latest update to Firefox 142, Mozilla is once again introducing various new features and improvements to its well-known browser. The coming improvements will help to better protect user privacy, and the developers have also addressed several security…","Firefox 142 brings a curated news overview on the New Tab page instead of the Pocket service, which was discontinued in July. The news overview is organized by topic, and users can select or deselect… [+1043 chars]",https://www.pcworld.com/article/2883724/firefox-142-rolls-out-its-pocket-replacement-plus-more-ai-features.html,https://www.pcworld.com/wp-content/uploads/2025/08/Firefox-logo-on-a-Windows-laptop-screen-1.jpg?quality=50&strip=all&w=1024,2025-08-20 16:23:27+00:00,Frank Ziemann,PCWorld
2027 BMW X5 (G65) Spied Testing at Nürburgring With Inline-Six and V8 Power,"After catching a glimpse of the new 2027 BMW G65 X5 interior for the first time just last month, we’re back with even more spy footage. This time, it’s nearly three minutes of the next-generation...
First published by https://www.bmwblog.com","After catching a glimpse of the new 2027 BMW G65 X5 interior for the first time just last month, were back with even more spy footage. This time, its nearly three minutes of the next-generation 2027 … [+2204 chars]",https://www.bmwblog.com/2025/08/20/2027-bmw-x5-g65-nurburgring-inline-six-and-v8/,https://cdn.bmwblog.com/wp-content/uploads/2025/04/2027-bmw-x5-g65-spy-photos-07.jpg,2025-08-20 16:20:03+00:00,Steven Paul,BMWBLOG
Full Trailer for Korean Conspiracy Thriller 'Tempest' with Jun Ji-hyun,"""If things go wrong, it could escalate to World War 3."" Wow this looks like it might be terrific - this trailer is a must watch. Hulu has debuted the main official trailer for a Korean conspiracy thriller political series titled Tempest in the US, also known …","by Alex BillingtonAugust 20, 2025Source:YouTube
""If things go wrong, it could escalate to World War 3."" Wow this looks like it might be terrific - this trailer is a must watch. Hulu has debuted the … [+2630 chars]",https://www.firstshowing.net/2025/full-trailer-for-korean-conspiracy-thriller-tempest-with-jun-ji-hyun/,https://media2.firstshowing.net/firstshowing/img17/TempesthulumainimagebigTW4.jpg,2025-08-20 16:16:03+00:00,Alex Billington,First Showing
"Some of Disco Elysium's best ideas are still around in Zero Parades, but the CRPG thriller has an almost impossible task ahead of it","Gamescom 2025 | Zero Parades is an spy thriller CRPG where you're an ""anti-Bond"" who's haunted by her past failures, but can it step out from Disco Elysium's shadow?","Many people's first encounter with ZA/UM – the studio behind the runaway success of Disco Elysium – is of an alcoholic, middle-aged detective in poor health desperately attempting to put himself back… [+4590 chars]",https://www.gamesradar.com/games/rpg/some-of-disco-elysiums-best-ideas-are-still-around-in-zero-parades-but-the-crpg-thriller-has-an-almost-impossible-task-ahead-of-it/,https://cdn.mos.cms.futurecdn.net/Dka6WWbQPLdDERpbfFEuz9.jpg,2025-08-20 16:14:53+00:00,"alistair.jones@futurenet.com (Ali Jones) , Ali Jones",GamesRadar+
Harvard dropouts to launch 'always on' AI smart glasses that listen and record every conversation | TechCrunch,"After developing a facial recognition app for Meta’s Ray-Ban glasses and doxing random people, two former Harvard students are now launching a startup that makes smart glasses with an always-on microphone.","Two former Harvard students are launching a pair of always-on AI-powered smart glasses that listen to, record, and transcribe every conversation, and then display relevant information to the wearer i… [+6114 chars]",https://techcrunch.com/2025/08/20/harvard-dropouts-to-launch-always-on-ai-smart-glasses-that-listen-and-record-every-conversation/,"https://techcrunch.com/wp-content/uploads/2025/08/halo-ai-smart-glasses-rendering.jpeg?resize=1200,1078",2025-08-20 16:05:51+00:00,Lorenzo Franceschi-bicchierai,TechCrunch
"Tariffs will take a $100 million bite out of Estée Lauder’s bottom line, company says","Nvidia, Palantir and other superstar stocks that had surged in the mania surrounding artificial-intelligence technology are dragging Wall Street lower again on Wednesday.
The S&P 500 dropped 1% and was on track for its worst day since the first of the month. …","Nvidia, Palantir and other superstar stocks that had surged in the mania surrounding artificial-intelligence technology are dragging Wall Street lower again on Wednesday.The S&amp;P 500 dropped 1% an… [+142 chars]",https://biztoc.com/x/d995f60c883492d2,https://biztoc.com/cdn/d995f60c883492d2_s.webp,2025-08-20 15:56:06+00:00,fortune.com,Biztoc.com
Two Labour-run councils 'considering all options' to challenge migrant hotel use,Wirral and Tamworth council leaders say they are exploring their options after Epping Forest District Council in Essex won an interim High Court injunction to stop migrants from being accommodated at The Bell Hotel.,"Two Labour-run councils have said they are considering taking legal action to stop the use of hotels to house migrants in their areas after Epping council won a temporary injunction on Tuesday.
The … [+5809 chars]",https://news.sky.com/story/two-labour-run-councils-considering-all-options-to-challenge-migrant-hotel-use-13415299,https://e3.365dm.com/25/07/1600x900/skynews-bell-hotel-epping_6978336.png?20250819164714,2025-08-20 15:35:00+00:00,,Sky.com
"Calm Surface, Chaotic Undercurrent: Volatility Is An Investor’s Friend","Like a modern-day Rip Van Winkle, if you had gone to sleep on Jan. 1 and woken up on June 30, you might think the first half of 2025 was smooth sailing for investors.","Scene on the Hudson (Rip Van Winkle), 1845. Artist James Hamilton. (Photo by Heritage Art/Heritage Images via Getty Images)
Heritage Images via Getty Images
Like a modern-day Rip Van Winkle, if you… [+5894 chars]",https://www.forbes.com/sites/johnbuckingham/2025/08/20/calm-surface-chaotic-undercurrent-volatility-is-an-investors-friend/,https://imageio.forbes.com/specials-images/imageserve/68a562b34b7faad66ff197cc/0x0.jpg?format=jpg&height=900&width=1600&fit=bounds,2025-08-20 15:33:48+00:00,"John Buckingham, Contributor, 
 John Buckingham, Contributor
 https://www.forbes.com/sites/johnbuckingham/",Forbes
The D Brief: Where troops are in DC; Warships to Venezuela; NSA data chief loses clearance; SecDef’s sprawling security; And a bit more.,,"Update: More than 2,000 National Guard troops have been assigned to the nations capital as part of President Trumps crime emergency announced in an executive order nine days ago. But the troops arent… [+10893 chars]",https://www.defenseone.com/threats/2025/08/the-d-brief-august-20-2025/407566/,https://cdn.defenseone.com/media/img/cd/2025/08/20/DB_lander/open-graph.png,2025-08-20 15:30:24+00:00,Ben Watson and Bradley Peniston,Defense One
Fake Antivirus App Spreads Android Malware to Spy on Russian Users,"Doctor Web warns of Android.Backdoor.916.origin, a fake antivirus app that spies on Russian users by stealing data, streaming…","Doctor Web warns of Android.Backdoor.916.origin, a fake antivirus app that spies on Russian users by stealing data, streaming audio and video.
Cybersecurity researchers at Doctor Web are warning abo… [+3330 chars]",https://hackread.com/fake-antivirus-app-android-malware-spy-russian-users/,https://hackread.com/wp-content/uploads/2025/08/fake-antivirus-app-android-malware-spy-russian-users-2.jpg,2025-08-20 15:13:38+00:00,Waqas,HackRead
What’s Really Happening in the Stock Market Today,"11 min ago
What’s Really Happening in the Stock Market Today
Wall Street isn’t done selling some of its favorite stocks this week.
The S&P 500 fell 1% on Wednesday, while the Nasdaq Composite dropped 1.7%. The Dow Jones Industrial Average fell 125 points, or …","11 min agoWhats Really Happening in the Stock Market TodayWall Street isnt done selling some of its favorite stocks this week.The S&amp;P 500 fell 1% on Wednesday, while the Nasdaq Composite dropped … [+143 chars]",https://biztoc.com/x/e2ad06a36bdbf82c,https://biztoc.com/cdn/e2ad06a36bdbf82c_s.webp,2025-08-20 15:11:47+00:00,barrons.com,Biztoc.com
"'Big Short' investor Michael Burry has gone from bear to bull on stocks, portfolio gurus say","Michael Burry has overhauled his stock portfolio, swapping bearish puts for bullish calls and backing ailing businesses like Lululemon and VF.","Michael Burry, the investor of ""The Big Short"" fame.Jim Spellman/Getty Images
<ul><li>Michael Burry appears to have shifted from bearish to bullish last quarter, portfolio gurus say.</li><li>The ""Bi… [+4373 chars]",https://www.businessinsider.com/big-short-michael-burry-bear-bull-stock-portfolio-market-outlook-2025-8,https://i.insider.com/68a4a138cfc04e97619ba2b6?width=1200&format=jpeg,2025-08-20 15:01:39+00:00,Theron Mohamed,Business Insider
Spy x Family: Loid Finally Has a Lead on the Main Villain’s Biggest Secret,"Image Courtesy of WIT Studio
Warning: Spoilers Ahead for Spy x Family Chapter 121! The Spy x Family manga is currently in a crucial phase as the story circles back to the villain’s biggest secret after several months. In January 2025, Chapter 109 unpacked a m…","Warning: Spoilers Ahead for Spy x Family Chapter 121!
The Spy x Family manga is currently in a crucial phase as the story circles back to the villain’s biggest secret after several months. In Januar… [+4037 chars]",http://comicbook.com/anime/news/spy-x-family-loid-donovan-villain-secret/,"https://comicbook.com/wp-content/uploads/sites/4/2025/08/Spy-x-Family-Twilight.jpeg?resize=2000,1125",2025-08-20 15:00:00+00:00,Tulisha Srivastava,ComicBook.com
New York City’s Film Forum Union ‘Disturbed and Disappointed’ by Roman Polanski’s ‘An Officer and a Spy’ Screenings,The Film Forum union in New York City was 'disturbed' that the theater is screening Roman Polanski's 'An Officer and a Spy' as its U.S. premiere.,"Workers at Film Forum in New York City are calling out the theater’s programmers for the ongoing theatrical run of “An Officer and a Spy,” Roman Polanski‘s 2019 film that is finally screening in the … [+3666 chars]",https://www.indiewire.com/news/breaking-news/film-forum-union-protests-polanski-officer-and-a-spy-1235146278/,https://www.indiewire.com/wp-content/uploads/2019/08/an_officer_and_a_spy.jpg?w=650,2025-08-20 15:00:00+00:00,Brian Welk,IndieWire
"Wall Street tech selloff deepens, European shares steady","MUMBAI/SAN FRANCISCO :Wall Street shares dropped on Wednesday, with a tech selloff extending into a second day, while a key meeting of central bankers later this week remained in focus for currency and rates traders.The S&P 500 declined 0.5 per cent and the t…","MUMBAI/SAN FRANCISCO :Wall Street shares dropped on Wednesday, with a tech selloff extending into a second day, while a key meeting of central bankers later this week remained in focus for currency a… [+3506 chars]",https://www.channelnewsasia.com/business/wall-street-tech-selloff-deepens-european-shares-steady-5303721,"https://dam.mediacorp.sg/image/upload/s--wslKOSBS--/fl_relative,g_south_east,l_mediacorp:cna:watermark:2024-04:reuters_1,w_0.1/f_auto,q_auto/c_fill,g_auto,h_676,w_1200/v1/one-cms/core/2025-08-20t145502z_1_lynxmpel7j0of_rtroptp_3_usa-stocks.jpg?itok=WbrNUTBT",2025-08-20 14:50:48+00:00,,CNA
"Wall Street drops as tech selloff persists, European shares steady",MUMBAI :Shares on Wall Street dropped for a second successive day on Wednesday as weakness in the tech sector persisted while a key meeting of central bankers later this week remained in focus for currency and rates traders. The S&P 500 declined 0.8 per cent …,MUMBAI :Shares on Wall Street dropped for a second successive day on Wednesday as weakness in the tech sector persisted while a key meeting of central bankers later this week remained in focus for cu… [+3523 chars],https://www.channelnewsasia.com/business/wall-street-drops-tech-selloff-persists-european-shares-steady-5303721,"https://dam.mediacorp.sg/image/upload/s--wslKOSBS--/fl_relative,g_south_east,l_mediacorp:cna:watermark:2024-04:reuters_1,w_0.1/f_auto,q_auto/c_fill,g_auto,h_676,w_1200/v1/one-cms/core/2025-08-20t145502z_1_lynxmpel7j0of_rtroptp_3_usa-stocks.jpg?itok=WbrNUTBT",2025-08-20 14:50:48+00:00,,CNA
"S&P 500 Retailer Rallies, Raises Guidance 'Despite Higher Tariff Costs'","S&P 500 component TJX reported better-than-expected quarterly earnings before the stock market Wednesday.
The post S&P 500 Retailer Rallies, Raises Guidance 'Despite Higher Tariff Costs' appeared first on Investor's Business Daily.","S&amp;P 500 component TJX reported better-than-expected quarterly earnings before the stock market Wednesday.The post S&amp;P 500 Retailer Rallies, Raises Guidance 'Despite Higher Tariff Costs' appea… [+98 chars]",https://biztoc.com/x/15c3fcd0faaa117a,https://biztoc.com/cdn/950/og.png,2025-08-20 14:37:36+00:00,investors.com,Biztoc.com
XRP price slips below $3: Market caution grows ahead of Fed chair Jerome Powell's speech,"XRP price today: XRP's recent rally stalled below $3, currently trading at $2.90, weighed down by significant whale sell-offs totaling 460 million tokens. Analysts are eyeing key support levels at $2.85, $2.74, and $2.63, with technical indicators like RSI si…","XRP price today: XRP, Ripples cryptocurrency, is back in the spotlight, but not for the reasons bullish investors might hope. After briefly holding above the $3 mark, the token has slipped to $2.90, … [+3542 chars]",https://economictimes.indiatimes.com/news/international/us/xrp-price-today-slips-below-3-market-caution-grows-ahead-of-fed-chair-jerome-powells-speech-crypto-news/articleshow/123411744.cms,"https://img.etimg.com/thumb/msid-123412950,width-1200,height-630,imgsize-1883096,overlay-economictimes/articleshow.jpg",2025-08-20 14:36:10+00:00,Shreya Biswas,The Times of India
Big investors ditch tech ahead of expected September stocks slump,"Big investors, fearful of September's typical seasonal declines, exited profitable stock positions on Tuesday, according to investors and trading company research, a sign the selloff in tech may be driven by a broad aversion to risk.","Big investors, fearful of September's typical seasonal declines, exited profitable stock positions on Tuesday, according to investors and trading company research, a sign the selloff in tech may be d… [+2315 chars]",https://economictimes.indiatimes.com/tech/technology/big-investors-ditch-tech-ahead-of-expected-september-stocks-slump/articleshow/123414589.cms,"https://img.etimg.com/thumb/width-1200,height-900,imgsize-57718,resizemode-75,msid-123414589/tech/technology/big-investors-ditch-tech-ahead-of-expected-september-stocks-slump.jpg",2025-08-20 14:35:53+00:00,Reuters,The Times of India
Big investors ditch tech ahead of expected September stocks slump,"Big investors, fearful of September's typical seasonal declines, exited profitable stock positions on Tuesday, according to investors and trading company research, a sign the selloff in tech may be driven by a broad aversion to risk.","Big investors, fearful of September's typical seasonal declines, exited profitable stock positions on Tuesday, according to investors and trading company research, a sign the selloff in tech may be d… [+2377 chars]",https://economictimes.indiatimes.com/markets/stocks/news/big-investors-ditch-tech-ahead-of-expected-september-stocks-slump/articleshow/123413041.cms,"https://img.etimg.com/thumb/msid-123413059,width-1200,height-630,imgsize-57718,overlay-etmarkets/articleshow.jpg",2025-08-20 14:35:53+00:00,Reuters,The Times of India
Big investors ditch tech ahead of expected September stocks slump,"LONDON (Reuters) -Big investors, fearful of September's typical seasonal declines, exited profitable stock positions on Tuesday, according to investors and...","By Nell Mackenzie
LONDON (Reuters) -Big investors, fearful of September's typical seasonal declines, exited profitable stock positions on Tuesday, according to investors and trading company research… [+2428 chars]",https://finance.yahoo.com/news/big-investors-ditch-tech-ahead-143349441.html,https://media.zenfs.com/en/reuters.com/39a8ff224c67dd652d08ea360711c937,2025-08-20 14:33:49+00:00,Nell Mackenzie,Yahoo Entertainment
The Girl on the Train review: Laura Whitmore dominates the stage in this enthralling Paula Hawkins adaptation,Theatre: Loveday Ingram’s subtle direction is complemented by strong performances in the stage version of the bestselling novel,"The Girl on the Train
Everyman, Cork
The episodic structure of this stage retelling of Paula Hawkinss bestselling novel is a challenge overcome by a brightly sustained performance from Laura Whitmo… [+2920 chars]",https://www.irishtimes.com/culture/stage/review/2025/08/20/the-girl-on-the-train-review-laura-whitmore-dominates-the-stage-in-this-enthralling-paula-hawkins-adaptation/,https://www.irishtimes.com/resizer/v2/CY73DVMU5JD4NLMWPWB7X2XKAA.jpg?smart=true&auth=d06741fdfd91c9c01733e656e009c3b69b2e0d32b160bc5b866977f7fc90f559&width=1200&height=630,2025-08-20 14:33:13+00:00,Mary Leland,The Irish Times
Stock Market Today: Target's new man at the top,Retail earnings from TJX and Lowe's are set to top today's earnings,"Stock Market Today: Target's new man at the top originally appeared on TheStreet.
This live blog is refreshed periodically throughout the day with the latest updates from the market. To find the lat… [+4671 chars]",https://www.thestreet.com/investing/stock-market-today-august-20-2025,https://media.zenfs.com/en/thestreet_881/50cbda3511e2db9ae314ed99ce56adc8,2025-08-20 14:30:06+00:00,Noah Weidner,TheStreet
fxpodcast: VFX Supervisor Sue Rowe talks Andor season 2,"Scanline VFX brings grit, glass, and grounded physics to Andor season 2 and Sue Rowe reveals how they did it.","For Disneys Andor season 2, the acclaimed Star Wars political spy thriller, the creative brief was clear: keep it grounded, gritty, and cinematic; more Rogue One than space opera spectacle. Visual Ef… [+3175 chars]",https://www.fxguide.com/fxpodcasts/fxpodcast-vfx-supervisor-sue-rowe-talks-andor-season-2/,https://www.fxguide.com/wp-content/uploads/2024/05/featured-fxpodcasts.jpg,2025-08-20 14:26:37+00:00,Mike Seymour,Fxguide.com
Is the Vanguard Dividend Appreciation ETF a Buy Now?,"In this article:
Key Points
-
The Vanguard Dividend Appreciation ETF focuses on established companies that raise dividends.
-
It offers diversification away from the ""Magnificent Seven,"" which form a big chunk of the S&P 500.
-
The ETF isn't cheap right now, …","In this article:Key Points-The Vanguard Dividend Appreciation ETF focuses on established companies that raise dividends.-It offers diversification away from the ""Magnificent Seven,"" which form a big … [+148 chars]",https://biztoc.com/x/571af8be03086e7b,https://biztoc.com/cdn/571af8be03086e7b_s.webp,2025-08-20 14:15:31+00:00,finance.yahoo.com,Biztoc.com
"Wall Street holds steadier following mixed profit reports from Target, Lowe’s and other retailers","By STAN CHOE, Associated Press Business Writer
NEW YORK (AP) — Wall Street is holding a bit steadier on Wednesday following the prior day’s swoon for Nvidia, Palantir and other darlings swept up in the mania around artificial-intelligence technology.
The S&P …","By STAN CHOE, Associated Press Business WriterNEW YORK (AP) Wall Street is holding a bit steadier on Wednesday following the prior days swoon for Nvidia, Palantir and other darlings swept up in the m… [+144 chars]",https://biztoc.com/x/e5f198636376dd34,https://biztoc.com/cdn/e5f198636376dd34_s.webp,2025-08-20 14:15:21+00:00,bostonherald.com,Biztoc.com
Target CEO Brian Cornell proves boycotts work,Target announced Wednesday that Brian Cornell will step down as CEO on February 1 2026 after leading the retail giant through 11 years of dramatic highs and crushing lows. The departure comes as Target faces its third consecutive quarter of declining sales an…,Target announced Wednesday that Brian Cornell will step down as CEO on February 1 2026 after leading the retail giant through 11 years of dramatic highs and crushing lows. The departure comes as Targ… [+5239 chars],https://rollingout.com/2025/08/20/target-ceo-brian-proves-boycotts-work/,https://rollingout.com/wp-content/uploads/2025/08/shutterstock_2423980511-scaled.jpg,2025-08-20 14:06:12+00:00,Vera Emoghene,Rolling Out
Characterization of eclosion hormone receptor function reveals differential hormonal control of ecdysis during Drosophila development,"Author summary Hormones and neuromodulators are important regulators of animal behavior. In insects, one of the best studied behaviors influenced by hormones is ecdysis, which allows the animal to shed the remains of its exoskeleton at the end of each molt. E…","Abstract
Neuromodulators and peptide hormones play important roles in regulating animal behavior. A well-studied example is ecdysis, which is used by insects to shed their exoskeleton at the end of … [+70807 chars]",https://journals.plos.org/plosgenetics/article?id=10.1371/journal.pgen.1011672,https://journals.plos.org/plosgenetics/article/figure/image?id=10.1371/journal.pgen.1011672.g008&size=inline,2025-08-20 14:00:00+00:00,"Valeria Silva, Robert Scott, Paulina Guajardo, Haojiang Luan, Ruben Herzog, Benjamin H. White, John Ewer",Plos.org
Persistent type I interferon signaling within the brain of people with HIV on ART with cognitive impairment,"Author summary Up to 50% of people with HIV (PWH) experience HIV-associated neurocognitive disorders (HAND), even in the era of modern antiretroviral therapy (ART). However, the underlying molecular mechanisms of HAND pathogenesis remain poorly understood. By…","Citation: Tang Y, Xie L, Shabangu CS, Li D, da Silva Prates G, Manickam A, et al. (2025) Persistent type I interferon signaling within the brain of people with HIV on ART with cognitive impairment. P… [+68917 chars]",https://journals.plos.org/plospathogens/article?id=10.1371/journal.ppat.1013411,https://journals.plos.org/plospathogens/article/figure/image?id=10.1371/journal.ppat.1013411.g010&size=inline,2025-08-20 14:00:00+00:00,"Yuyang Tang, Ling Xie, Ciniso Sylvester Shabangu, Dajiang Li, Gabriela da Silva Prates, Ashokkumar Manickam, Lilly M. Wong, Antoine Chaillon, Edward P. Browne, Sara Gianella, Wenzhe Ho, David M. Margolis, Xian Chen, Wenhui Hu, Guochun Jiang",Plos.org
"Retail Earnings Drive Divergence As Target Slips, Lowe’s And TJX Rise",Tech stocks slid while retail earnings painted a mixed picture. Investors now await Powell’s Jackson Hole speech for clarity on rates and market direction.,"Shares of Lowe's are indicated higher following strong sales guidance. (Photo by Justin Sullivan/Getty Images)
Getty Images
Key Takeaways
<ul><li>Tech Stocks Decline While Retail Earnings Lift Sel… [+4242 chars]",https://www.forbes.com/sites/jjkinahan/2025/08/20/retail-earnings-drive-divergence-as-target-slips-lowes-and-tjx-rise/,https://imageio.forbes.com/specials-images/imageserve/68a5c573a84a542495ce1f41/0x0.jpg?format=jpg&height=900&width=1600&fit=bounds,2025-08-20 13:58:11+00:00,"JJ Kinahan, Senior Contributor, 
 JJ Kinahan, Senior Contributor
 https://www.forbes.com/sites/jjkinahan/",Forbes
Dow Surges 100 Points; Target Shares Fall After Q2 Results,"U.S. stocks traded mixed this morning, with the Dow Jones index gaining more than 100 points on Wednesday.
Following the market opening Wednesday, The Dow traded up 0.23% to 45,024.57 while the NASDAQ fell 0.49% to 21,211.00. The S&P 500 also fell, dropping, …","U.S. stocks traded mixed this morning, with the Dow Jones index gaining more than 100 points on Wednesday.Following the market opening Wednesday, The Dow traded up 0.23% to 45,024.57 while the NASDAQ… [+149 chars]",https://biztoc.com/x/91a3b862e5e7c300,https://biztoc.com/cdn/91a3b862e5e7c300_s.webp,2025-08-20 13:53:20+00:00,benzinga.com,Biztoc.com
John Boyne responds to Polari Prize cancellation,Author John Boyne has spoken out after Polari Prize organisers halted this year’s literary competition following backlash over his inclusion. The Boy in the Striped Pyjamas author described LGBTQ+ literary awards’ plan to pause proceedings this year as an “in…,"Author John Boyne has spoken out after Polari Prize organisers halted this year’s literary competition following backlash over his inclusion. 
The Boy in the Striped Pyjamas author described LGBTQ+ … [+4303 chars]",https://www.thepinknews.com/2025/08/20/john-boyne-polari-prize-cancellsation-statement/,https://www.thepinknews.com/wp-content/uploads/2025/08/John-Boyne-1.jpg,2025-08-20 13:49:18+00:00,Amelia Hansford,Thepinknews.com
"Markets Are Quiet, With Dow Hovering Near Record","7 min ago
Markets Are Quiet, With Dow Hovering Near Record
The stock market was calm at the start of Wednesday’s session, but Wall Street has yet to buy the recent dip in some of this year’s biggest winners.
The Dow Jones Industrial Average rose 60 points, or…","7 min agoMarkets Are Quiet, With Dow Hovering Near RecordThe stock market was calm at the start of Wednesdays session, but Wall Street has yet to buy the recent dip in some of this years biggest winn… [+143 chars]",https://biztoc.com/x/64d96cf503791e93,https://biztoc.com/cdn/64d96cf503791e93_s.webp,2025-08-20 13:41:41+00:00,barrons.com,Biztoc.com
Wall Street drifts in premarket trading while Target tumbles on sluggish sales and a CEO change,"Wall Street continues to drift Wednesday while news of a leadership change at Target took some of the spotlight away from the latest batch of corporate earnings reports.
Futures for the S&P 500 were 0.2% lower before the bell, while the Dow Jones Industrial A…",Wall Street continues to drift Wednesday while news of a leadership change at Target took some of the spotlight away from the latest batch of corporate earnings reports.Futures for the S&amp;P 500 we… [+156 chars],https://biztoc.com/x/3b3d688de81c09f9,https://biztoc.com/cdn/3b3d688de81c09f9_s.webp,2025-08-20 13:41:33+00:00,chicagotribune.com,Biztoc.com
Bigbear.ai: BBAI Stock To $1?,Trading at 8x trailing revenue—nearly three times its four-year average of 3x—the stock appears highly exposed to market corrections.,"CANADA - 2025/05/14: In this photo illustration, the BigBear AI (Big Bear) logo is seen displayed on a smartphone screen. (Photo Illustration by Thomas Fuller/SOPA Images/LightRocket via Getty Images… [+5027 chars]",https://www.forbes.com/sites/greatspeculations/2025/08/20/bigbearai-bbai-stock-to-1/,https://imageio.forbes.com/specials-images/imageserve/68957876cb6aee841e4d08f2/0x0.jpg?format=jpg&height=900&width=1600&fit=bounds,2025-08-20 13:37:57+00:00,"Trefis Team, Contributor, 
 Trefis Team, Contributor
 https://www.forbes.com/sites/greatspeculations/people/trefis/",Forbes
"US Stock Market Today: S&P 500, Nasdaq Edge Lower; Dow Jones Sees Modest Uptick","Wall Street's main indexes opened largely mixed on Wednesday as investors shied away from a rally in tech stocks. Near market open, the Dow Jones Industrial Average was up 64.69 points, or 0.14%, to 44,986.96. The S&P 500 fell 10.33 points, or 0.16%, to 6,401…","Wall Street's main indices opened largely mixed on Wednesday as investors shied away from a rally in tech stocks.
Minutes into the trade, the Dow Jones Industrial Average was up 64.69 points, or 0.1… [+205 chars]",https://www.ndtvprofit.com/markets/us-stock-market-today-sp-500-nasdaq-edge-lower-dow-jones-sees-modest-uptick,https://media.assettype.com/bloombergquint%2F2025-08-20%2F8kooqypt%2Flo-lo-CeVj8lPBJSc-unsplash.jpg?w=1200&auto=format%2Ccompress&ogImage=true,2025-08-20 13:37:24+00:00,Divya Prata,Ndtvprofit.com
"S&P 500, Dow, Nasdaq futures dip amid retail earnings concerns and anticipation of Fed meeting insights","US stock futures today: S&P 500, Dow, Nasdaq futures experienced a slight dip Wednesday morning as investors digested retail earnings reports and awaited insights from the Federal Reserve's upcoming meeting minutes. Retailers like Target and Estee Lauder face…",US stock futures today: US stock index futures dipped on Wednesday morning as investors processed a wave of retail earnings and awaited signals from the Federal Reserve ahead of its highly anticipate… [+4586 chars],https://economictimes.indiatimes.com/news/international/us/us-stock-futures-today-latest-news-sp-500-dow-nasdaq-futures-dip-amid-retail-earnings-concerns-and-anticipation-of-fed-meeting-insightsus-retail-earnings-august-2025/articleshow/123411012.cms,"https://img.etimg.com/thumb/msid-123411666,width-1200,height-630,imgsize-92166,overlay-economictimes/articleshow.jpg",2025-08-20 13:25:41+00:00,Shreya Biswas,The Times of India
‘Secret data’: How Fauci and the Deep State suppressed intel in historic deception,'I was called a conspiracy person. The real conspiracy was the decision to suppress that information from the American public',"Dr. Anthony S. Fauci, Director of the National Institute of Allergy and Infectious Diseases, and a member of the White House Coronavirus Task Force delivers remarks at a coronavirus (COVID-19) update… [+15276 chars]",https://www.wnd.com/2025/08/secret-data-how-fauci-deep-state-suppressed-intel/,https://www.wnd.com/wp-content/uploads/2020/04/anthony-fauci-coronavirus-podium-jpg.jpg,2025-08-20 13:23:11+00:00,"Emily Kopp, Daily Caller News Foundation",Wnd.com
Nancy Pelosi clashed with CNN when asked about insider trading — should lawmakers be allowed to trade stocks?,What legendary investors know.,"CNN
Moneywise and Yahoo Finance LLC may earn commission or revenue through links in the content below.
Former House Speaker Nancy Pelosi wasnt having it when CNNs Jake Tapper pressed her about insi… [+5828 chars]",https://finance.yahoo.com/news/nancy-pelosi-clashed-cnn-asked-125500574.html,https://media.zenfs.com/en/moneywise_ecomm_711/381553887c948117a3ab1e436e6c1547,2025-08-20 12:55:00+00:00,Jing Pan,Yahoo Entertainment
Morning Minute: Ghost Month Returns - Will Bitcoin Buck the Trend?,Price action has been spooky already heading into the infamous 'Ghost Month' kicking off this Saturday - will it get worse?,Morning Minute is a daily newsletter written by Tyler Warner. The analysis and opinions expressed are his own and do not necessarily reflect those of Decrypt. Subscribe to the Morning Minute on Subst… [+4865 chars],https://decrypt.co/335989/morning-minute-ghost-month-returns-will-bitcoin-buck-the-trend,https://cdn.decrypt.co/resize/1024/height/512/wp-content/uploads/2025/06/Bitcoin-decrypt-style-27-gID_7.jpg,2025-08-20 12:46:41+00:00,Tyler Warner,Decrypt
Option Care Health Announces Chief Financial Officer Transition,"Mike Shapiro to Step Down After 10 Years With the Company; Meenal Sethna Named EVP and CFO Effective October 1, 2025 Mike Shapiro to Step Down After 10 Years With the Company; Meenal Sethna Named EVP and CFO Effective October 1, 2025","BANNOCKBURN, Ill., Aug. 20, 2025 (GLOBE NEWSWIRE) -- Option Care Health, Inc. (the Company or Option Care Health) (Nasdaq: OPCH), the nations largest independent provider of home and alternate site i… [+4716 chars]",https://www.globenewswire.com/news-release/2025/08/20/3136411/0/en/Option-Care-Health-Announces-Chief-Financial-Officer-Transition.html,,2025-08-20 12:45:00+00:00,"Option Care Health, Inc.",GlobeNewswire
My 2 Favorite Stocks to Buy Right Now,"In this article:
Key Points
-
Consumer discretionary stocks are outperforming the broader market, with sector-focused ETFs outpacing the S&P 500 over the past year.
-
Uber's proven business growth makes the stock look downright cheap.
-
Fiverr's profits are e…","In this article:Key Points-Consumer discretionary stocks are outperforming the broader market, with sector-focused ETFs outpacing the S&amp;P 500 over the past year.-Uber's proven business growth mak… [+149 chars]",https://biztoc.com/x/269f321fc742b2cf,https://biztoc.com/cdn/269f321fc742b2cf_s.webp,2025-08-20 12:34:53+00:00,finance.yahoo.com,Biztoc.com
"La-Z-Boy Posts Downbeat Q1 Results, Joins James Hardie Industries, Alcon And Other Big Stocks Moving Lower In Wednesday's Pre-Market Session","U.S. stock futures were slightly lower this morning, with the S&P 500 futures falling around 0.1% on Wednesday.
Shares of La-Z-Boy Incorporated (NYSE:LZB) fell sharply in pre-market trading as the company reported weaker-than-expected financial results for th…","U.S. stock futures were slightly lower this morning, with the S&amp;P 500 futures falling around 0.1% on Wednesday.Shares of La-Z-Boy Incorporated (NYSE:LZB) fell sharply in pre-market trading as the… [+146 chars]",https://biztoc.com/x/c366961e3a446ec1,https://biztoc.com/cdn/c366961e3a446ec1_s.webp,2025-08-20 12:34:29+00:00,benzinga.com,Biztoc.com
Nvidia (NASDAQ: NVDA) Stock Price Prediction for 2025: Where Will It Be in 1 Year (Aug 20),"Shares of Nvidia Corp. (NASDAQ: NVDA) have surged 29.6% over the past 90 days but have pulled back 3.3% in the past week. The stock is still 30.8% higher than at the beginning of the year, easily outperforming the S&P 500 and Nasdaq in that time. However, the…","Shares of Nvidia Corp. (NASDAQ: NVDA) have surged 29.6% over the past 90 days but have pulled back 3.3% in the past week. The stock is still 30.8% higher than at the beginning of the year, easily out… [+151 chars]",https://biztoc.com/x/0d2b6f5904da8cd3,https://biztoc.com/cdn/950/og.png,2025-08-20 12:34:16+00:00,247wallst.com,Biztoc.com
Intel Stock To $60?,The Trump administration could take a 10% stake in the company. Will this finally be the catalyst Intel stock needs to drive a rally?,"Intel stock (NASDAQ: INTC) surged nearly 7% on Tuesday after reports that the Trump administration could take a 10% stake in the company by converting CHIPS Act grants into equity. Moreover, Japans S… [+7949 chars]",https://www.forbes.com/sites/greatspeculations/2025/08/20/intel-stock-to-60/,https://imageio.forbes.com/specials-images/imageserve/64bf6c9a8f604a7572105e80/0x0.jpg?format=jpg&height=900&width=1600&fit=bounds,2025-08-20 12:33:45+00:00,"Trefis Team, Contributor, 
 Trefis Team, Contributor
 https://www.forbes.com/sites/greatspeculations/people/trefis/",Forbes
Understanding Market Corrections To Invest Smarter,"Investors are nervous about how stocks will do in September, but the Viper Report’s Tom Aspray advises focusing on the technical outlook to invest smarter.","The stock market has had a wild ride since the spring lows, but as is often the case, some average inve
getty
stors just got back into the stock market recently. The feedback I get from many is tha… [+6436 chars]",https://www.forbes.com/sites/tomaspray/2025/08/20/understanding-market-corrections-to-invest-smarter/,https://imageio.forbes.com/specials-images/imageserve/68a5bbc78e7d8d51e2b6b059/0x0.jpg?format=jpg&height=900&width=1600&fit=bounds,2025-08-20 12:27:16+00:00,"Tom Aspray, Contributor, 
 Tom Aspray, Contributor
 https://www.forbes.com/sites/tomaspray/",Forbes
SPDR S&P 500 ETF Trust: Pivot points,"See the rest of the story here.

thefly.com provides the latest financial news as it breaks. Known as a leader in market intelligence, The Fly's real-time, streaming news feed keeps individual investors, professional money managers, active traders, and corpor…","Earnings calls, analyst events, roadshows and more",https://thefly.com/permalinks/entry.php/id4186273/SPY-SPDR-SampP--ETF-Trust-Pivot-points,https://thefly.com/images/meta/technicalanalysis.jpg,2025-08-20 12:21:08+00:00,,Thefly.com
Consumer Strength Signal Flashing Short-Term Caution Sign,"Longer term, historical pops in XLY/XLP relative strength show up better for bulls",Comparing the Consumer Discretionary Select Sector SPDR Fund (XLY) to the Consumer Staples Select Sector SPDR Fund (XLP) is a popular way to measure the strength of the consumer. The XLY is a consume… [+2507 chars],https://finance.yahoo.com/news/consumer-strength-signal-flashing-short-121956952.html,https://media.zenfs.com/en/schaeffers_investment_research_24/81fbe22c75b90549373780b0c426225b,2025-08-20 12:19:56+00:00,Rocky White,Yahoo Entertainment
WAR WITH VENEZUELA?,"The U.S. deployed three Navy missile destroyers and around 4,000 military personnel to the waters off Venezuela in effort to thwart cartels.","The U.S. and Venezuela appear to be heading towards a standoff with neither country indicating a willingness to back down.
The Venezuelan government on Monday mobilized more than four million militi… [+6093 chars]",https://time.com/7310889/trump-maduro-venezuela-militia-us-navy-military-deployment-drug-cartels/,https://api.time.com/wp-content/uploads/2025/08/venezuela-militia.jpg?quality=85&crop=0px%2C17px%2C1023px%2C536px&resize=1200%2C628&strip,2025-08-20 12:19:36+00:00,Miranda Jeyaretnam,Time
"Earnings live: Target stock dives, Lowe's returns to sales growth, Estée Lauder forecast disappoints","Earnings live: Target stock dives, Lowe's returns to sales growth, Estée Lauder forecast disappoints
In this article:
Second quarter earnings season is winding down, and with most of the reports in, the results have been mostly positive.
Over 92% of S&P 500 i…","Earnings live: Target stock dives, Lowe's returns to sales growth, Estée Lauder forecast disappointsIn this article:Second quarter earnings season is winding down, and with most of the reports in, th… [+152 chars]",https://biztoc.com/x/3efc72cc7303e676,https://biztoc.com/cdn/3efc72cc7303e676_s.webp,2025-08-20 12:12:03+00:00,finance.yahoo.com,Biztoc.com
"Earnings live: Target stock dives, Lowe's returns to sales growth, Estée Lauder forecast disappoints","The gush of second quarter earnings reports is beginning to slow to a trickle, and with most of the reports in, the results have been mostly positive.","Second quarter earnings season is winding down, and with most of the reports in, the results have been mostly positive.
Over 92% of S&amp;P 500 index companies have reported results, and as of Aug. … [+13845 chars]",https://finance.yahoo.com/news/live/earnings-live-target-stock-dives-lowes-returns-to-sales-growth-estee-lauder-forecast-disappoints-120540698.html,https://s.yimg.com/ny/api/res/1.2/HavuRcGJMSDzagVSfLSQqw--/YXBwaWQ9aGlnaGxhbmRlcjt3PTEyMDA7aD04MDA-/https://s.yimg.com/os/creatr-uploaded-images/2025-08/dafefbc0-7dbd-11f0-aabb-6da47a1121fe,2025-08-20 12:05:40+00:00,Yahoo Finance,Yahoo Entertainment
7 Hot Stocks Take Over As Palantir Drops In Troubling Sell-Off,"Can you believe it? Red-hot AI stock Palantir (PLTR) is dropping. But don't worry, plenty of S&P 500 stocks are stepping up to fill the void.
Shares of seven S&P 500 stocks, including Dayforce (DAY), Paramount Skydance (PSKY) and UnitedHealth Group (UNH), jum…","Can you believe it? Red-hot AI stock Palantir (PLTR) is dropping. But don't worry, plenty of S&amp;P 500 stocks are stepping up to fill the void.Shares of seven S&amp;P 500 stocks, including Dayforce… [+147 chars]",https://biztoc.com/x/4e4949e19984a873,https://biztoc.com/cdn/4e4949e19984a873_s.webp,2025-08-20 12:01:00+00:00,investors.com,Biztoc.com
EXCLUSIVE: How Fauci And A Deep State Cabal Suppressed Intel In Historic Deception,Senior American intelligence officials broke protocol to conceal classified intelligence that COVID-19 came from a lab from the president and the public.,"Senior American intelligence officials broke protocol to conceal classified intelligence that COVID-19 came from a lab from the president and the public, granting Anthony Fauci’s inner circle extraor… [+17088 chars]",https://dailycaller.com/2025/08/20/exclusive-fauci-deep-state-cabal-suppressed-intel/,"https://images.dailycaller.com/image/width=1280,height=549,fit=cover,format=webp,f=auto/https://cdn01.dailycaller.com/wp-content/uploads/2025/08/Untitled-700-x-300-px-21-1.png",2025-08-20 12:00:39+00:00,Emily Kopp,The Daily Caller
"Stock Market News Review: SPY, QQQ Tumble on Alarming AI Report as Momentum Fades","Both the S&P 500 ETF (SPY) and the Nasdaq 100 ETF (QQQ) finished Tuesday’s trading session in negative territory following a report from MIT that cast doubt on the sustainability of AI.
Elevate Your Investing Strategy:
- Take advantage of TipRanks Premium at …",Both the S&amp;P 500 ETF (SPY) and the Nasdaq 100 ETF (QQQ) finished Tuesdays trading session in negative territory following a report from MIT that cast doubt on the sustainability of AI.Elevate You… [+150 chars],https://biztoc.com/x/9703c99584b3d0c9,https://biztoc.com/cdn/9703c99584b3d0c9_s.webp,2025-08-20 12:00:27+00:00,tipranks.com,Biztoc.com
"Tuesday was a key day, as momentum plays flopped while value stocks rallied. But was it a shift or a blip? - MarketWatch","Tuesday was a key day, as momentum plays flopped while value stocks rallied. But was it a shift or a blip?MarketWatch Stock market today: Dow, S&P 500, Nasdaq futures slide after bruising day for techYahoo Finance Big Pullback in Stocks That Many Expected Has…",The Fine Print: The following comments are owned by whoever posted them. We are not responsible for them in any way.,https://slashdot.org/firehose.pl?op=view&amp;id=178778330,,2025-08-20 11:54:44+00:00,feedfeeder,Slashdot.org
"S&P 500 Futures Decline in Premarket Trading; James Hardie Industries, Alcon Lag",,"{ window.open(this.href, '_blank'); }, 200); return false;""&gt;Why did Asia stocks tumble after US tech selloff? { window.open(this.href, '_blank'); }, 200); return false;""&gt;How will US steel tarif… [+738 chars]",https://biztoc.com/x/3de21442c8fbcc10,https://biztoc.com/cdn/3de21442c8fbcc10_s.webp,2025-08-20 11:38:15+00:00,barrons.com,Biztoc.com
"Stock Market Today: Dow Futures Edge Down Ahead of Fed Minutes, Investors Eye Retail Earnings — Live Updates - The Wall Street Journal","Stock Market Today: Dow Futures Edge Down Ahead of Fed Minutes, Investors Eye Retail Earnings — Live UpdatesThe Wall Street Journal S&P 500 futures slip as investors weigh retail earnings, await Fed minutes: Live updatesCNBC US stock futures lower as investor…",The Fine Print: The following comments are owned by whoever posted them. We are not responsible for them in any way.,https://slashdot.org/firehose.pl?op=view&amp;id=178777954,,2025-08-20 11:32:40+00:00,feedfeeder,Slashdot.org
Angelina Jolie has no plans to write a memoir: ‘There is no way she would do this’,"I’ve noticed something really funny this summer. Suddenly, Jennifer Aniston has a new boyfriend and she’s giving him an old-school media rollout. And for various reasons, Angelina Jolie has been making news for her personal and professional life too. Like, th…","Ive noticed something really funny this summer. Suddenly, Jennifer Aniston has a new boyfriend and shes giving him an old-school media rollout. And for various reasons, Angelina Jolie has been making… [+4598 chars]",https://www.celebitchy.com/936899/angelina_jolie_has_no_plans_to_write_a_memoir_there_is_no_way_she_would_do_this/,,2025-08-20 11:14:24+00:00,Kaiser,Celebitchy.com
"YieldMax® ETFs Announces Distributions on FIAT, ULTY, AMDY, CVNY, HOOY, and Others","YieldMax® ETFs Announces Distributions on 
FIAT, ULTY, AMDY, CVNY, HOOY, and Others......","CHICAGO, MILWAUKEE and NEW YORK, Aug. 20, 2025 (GLOBE NEWSWIRE) -- YieldMax® today announced distributions for the YieldMax®Weekly Payers and Group C ETFs listed in the table below.
<table><tr><td>E… [+34356 chars]",https://www.globenewswire.com/news-release/2025/08/20/3136312/0/en/YieldMax-ETFs-Announces-Distributions-on-FIAT-ULTY-AMDY-CVNY-HOOY-and-Others.html,https://ml.globenewswire.com/Resource/Download/fb1a8d5f-8b96-4381-a9a5-7c4eb17a6830,2025-08-20 11:13:00+00:00,YieldMax,GlobeNewswire
Michael Burry is Betting Big on This 1 S&P 500 Stock That’s Down 40% in 2025,,"{ window.open(this.href, '_blank'); }, 200); return false;""&gt;Why did Asia stocks tumble after US tech selloff? { window.open(this.href, '_blank'); }, 200); return false;""&gt;How will US steel tarif… [+738 chars]",https://biztoc.com/x/d8d8bf028856d348,https://biztoc.com/cdn/950/og.png,2025-08-20 11:04:40+00:00,barchart.com,Biztoc.com
"Buy, Sell Or Hold Cava Stock?","For investors willing to take on greater risk, it might even present itself as a Buy on weakness, given the firm’s robust growth trajectory and solid financial...","CANADA - 2025/06/15: In this photo illustration, the Cava Group logo is seen displayed on a smartphone screen. (Photo Illustration by Thomas Fuller/SOPA Images/LightRocket via Getty Images)
SOPA Ima… [+4018 chars]",https://www.forbes.com/sites/greatspeculations/2025/08/20/buy-sell-or-hold-cava-stock/,https://imageio.forbes.com/specials-images/imageserve/68a55f4ad18f4812ac524aa3/0x0.jpg?format=jpg&height=900&width=1600&fit=bounds,2025-08-20 11:00:37+00:00,"Trefis Team, Contributor, 
 Trefis Team, Contributor
 https://www.forbes.com/sites/greatspeculations/people/trefis/",Forbes
Michael Burry is Betting Big on This 1 S&P 500 Stock That’s Down 40% in 2025,,"If you click 'Accept all', we and our partners, including 236 who are part of the IAB Transparency &amp; Consent Framework, will also store and/or access information on a device (in other words, use … [+714 chars]",https://consent.yahoo.com/v2/collectConsent?sessionId=1_cc-session_5ee7cd07-bc50-4fc8-974c-523f64cabde6,,2025-08-20 11:00:02+00:00,,Yahoo Entertainment
Links 8/20/2025,"Our riveting daily links: radioactive Walmart shrimp, pandemic preparedness worries, China bees thrive as US' die, England drought, Trump hearts Netanyahu, EU smackdown re Russia...or Plan B? opposition to license plate scans, US new housing starts crash, gen…","SOME DECENT REPORTING AT LAST!!! 
'There has definitely been a change in the character of the immune response since 2019, says Tim Henrich, immunologist and senior author of the study. Its certainly… [+7764 chars]",https://www.nakedcapitalism.com/2025/08/links-8-20-2025.html,https://www.nakedcapitalism.com/wp-content/uploads/2025/08/Screenshot-2025-08-19-at-10.08.03 PM.png,2025-08-20 10:55:46+00:00,Yves Smith,Nakedcapitalism.com
Oracle: ORCL Stock To $160?,At 12x trailing revenues—nearly twice its four-year average—the shares face several headwinds that could catalyze a sharp pullback.,"INDIA - 2025/07/12: In this photo illustration, an Oracle logo is seen displayed on a smartphone with the flag of Indonesia in the background. (Photo Illustration by Avishek Das/SOPA Images/LightRock… [+4007 chars]",https://www.forbes.com/sites/greatspeculations/2025/08/20/oracle-orcl-stock-to-160/,https://imageio.forbes.com/specials-images/imageserve/68a5a7c4bf1eddcbf9fa628d/0x0.jpg?format=jpg&height=900&width=1600&fit=bounds,2025-08-20 10:50:35+00:00,"Trefis Team, Contributor, 
 Trefis Team, Contributor
 https://www.forbes.com/sites/greatspeculations/people/trefis/",Forbes
Goldman Sachs says we’re on the verge of a stablecoin gold rush worth trillions,"U.S. Treasury Secretary Scott Bessent believes stablecoins will buoy the market for U.S. Treasuries, and the government will sell more short-term debt to...","<ul><li>Goldman Sachs and U.S. Treasury Secretary Scott Bessent expect a stablecoin gold rush, driven by new regulations and massive potential for payment market expansion. Stablecoins, which must be… [+4466 chars]",https://finance.yahoo.com/news/goldman-sachs-says-verge-stablecoin-104117655.html,https://s.yimg.com/ny/api/res/1.2/1NCaGJr4FuSVFmp8JGw8Hg--/YXBwaWQ9aGlnaGxhbmRlcjt3PTEyMDA7aD04MDA-/https://media.zenfs.com/en/fortune_175/50fd3c18a85c844d2e8742fe3cbf4da3,2025-08-20 10:41:17+00:00,Jim Edwards,Yahoo Entertainment
Goldman Sachs says we’re on the verge of a stablecoin gold rush worth trillions,"U.S. Treasury Secretary Scott Bessent believes stablecoins will buoy the market for U.S. Treasuries, and the government will sell more short-term debt to meet that demand.","U.S. Treasury Secretary Scott Bessent believes stablecoins will buoy the market for U.S. Treasuries, and the government will sell more short-term debt to meet that demand, according to the Financial … [+3811 chars]",https://fortune.com/2025/08/20/goldman-sachs-stablecoin-gold-rush/,"https://fortune.com/img-assets/wp-content/uploads/2025/05/GettyImages-2213266213-e1746818775695.jpg?resize=1200,600",2025-08-20 10:41:17+00:00,Jim Edwards,Fortune
"Wall St futures slip after tech selloff; earnings, Fed meet in focus","The tech sector was behind much of the market recovery from the April selloff, but investors have started to take stock of the elevated valuations, sending...","(Reuters) -U.S. stock index futures declined on Wednesday, following a tech selloff on Wall Street, as investors geared up for more retail earnings and a crucial Federal Reserve symposium later this … [+2417 chars]",https://finance.yahoo.com/news/wall-st-futures-slip-tech-103423256.html,https://media.zenfs.com/en/reuters-finance.com/7b5f25e139e2cb834c075a6be9a6ddd6,2025-08-20 10:34:23+00:00,Reuters,Yahoo Entertainment
"Dow Jones Futures: Palantir, Oracle, AMD Break Key Levels, Lead Growth Sell-Off; What To Do Now","Dow Jones futures fell slightly overnight, along with S&P 500 futures and Nasdaq futures. The stock market rally technically was mixed Tuesday, with the Dow eking out a tiny gain. The Nasdaq skidded as high-octane growth names tumbled, including Palantir Tech…","Dow Jones futures fell slightly overnight, along with S&amp;P 500 futures and Nasdaq futures. The stock market rally technically was mixed Tuesday, with the Dow eking out a tiny gain. The Nasdaq skid… [+145 chars]",https://biztoc.com/x/82b100b32a5d729d,https://biztoc.com/cdn/82b100b32a5d729d_s.webp,2025-08-20 10:31:26+00:00,investors.com,Biztoc.com
Markets Fall Further After Tech Selloff Ahead of Crunch Fed Minutes,"Dow, S&P 500, and Nasdaq futures are falling in premarket trading as the stock market braces for the Federal Reserve's minutes and any clues about interest-rate cuts.","Futures for the main stock indexes retreated before the market opened on Wednesday, continuing to fall after a tech selloff in the previous session. Minutes from the Federal Reserves last meeting and… [+615 chars]",https://www.barrons.com/livecoverage/stock-market-news-today-082025,https://images.barrons.com/im-64229781,2025-08-20 10:18:26+00:00,Brian Swint,Barron's
Map Shows US Military Plane off Chinese Coast,The U.S. Air Force operates a fleet of spy aircraft for different types of reconnaissance missions and deploys them to overseas locations.,"A Newsweek map shows a United States military plane—deployed in the western Pacific—flying close to China's coastline on two consecutive days, possibly for intelligence gathering.
The U.S. Pacific A… [+3433 chars]",https://www.newsweek.com/map-shows-us-military-plane-off-chinese-coast-2116115,https://d.newsweek.com/en/full/2705860/us-air-force-rc-135v-w-rivet-joint-aircraft.jpg,2025-08-20 10:12:57+00:00,Ryan Chan,Newsweek
"Asian Shares, Nasdaq Futures Fall After Tech Slide: Markets Wrap - Bloomberg.com","Asian Shares, Nasdaq Futures Fall After Tech Slide: Markets WrapBloomberg.com Stock market today: Dow, S&P 500, Nasdaq mixed as Home Depot leads out big retail earningsYahoo Finance US tech stocks hit by concerns over future of AI boomFinancial Times Nvidia-L…",The Fine Print: The following comments are owned by whoever posted them. We are not responsible for them in any way.,https://slashdot.org/firehose.pl?op=view&amp;id=178777446,,2025-08-20 10:12:38+00:00,feedfeeder,Slashdot.org
"Global shares are mixed, while Labubu maker Pop Mart soars 12.5% in Hong Kong","Global shares are mostly lower, tracking a decline on Wall Street led by technology shares including Nvidia and other artificial-intelligence stars","TOKYO -- Global shares were mostly lower on Wednesday, tracking a decline on Wall Street led by technology shares including Nvidia and other artificial-intelligence stars. 
France's CAC 40 slipped 0… [+3287 chars]",https://abcnews.go.com/Business/wireStory/global-shares-mixed-labubu-maker-pop-mart-soars-124799822,https://i.abcnewsfe.com/a/0a27ce22-3c3f-4147-919b-3e29c78b10b2/wirestory_aef1ba36b77da6b63c1d66b31f7c12c9_16x9.jpg?w=1600,2025-08-20 10:06:30+00:00,YURI KAGEYAMA AP business writer,ABC News
What's Happening With Bullish Stock,"Additionally, it owns Coin Desk, a prominent crypto news and data provider, which affords it media influence and the capacity to combine market intelligence...","NEW YORK, NEW YORK - AUGUST 13: The company logo of cryptocurrency exchange Bullish is displayed on a banner at the New York Stock Exchange during morning trading on August 13, 2025 in New York City.… [+4139 chars]",https://www.forbes.com/sites/greatspeculations/2025/08/20/whats-happening-with-bullish-stock/,https://imageio.forbes.com/specials-images/imageserve/68a55ca4f85d74548479038c/0x0.jpg?format=jpg&height=900&width=1600&fit=bounds,2025-08-20 09:30:54+00:00,"Trefis Team, Contributor, 
 Trefis Team, Contributor
 https://www.forbes.com/sites/greatspeculations/people/trefis/",Forbes
Bank of America says buy these 10 ultra-cheap stocks primed to rebound,Bank of America says large-cap dominance in the stock market may soon be over.,"Bank of America says large-cap dominance inoof the stock market may soon be over.
The bank's economic regime indicator shows the US economy hovering between downturn and recovery phases. If it start… [+2031 chars]",https://www.businessinsider.com/stocks-to-buy-where-to-invest-now-cheap-companies-bofa-2025-8,https://i.insider.com/6553d34422cf74a5739725c5?width=1200&format=jpeg,2025-08-20 09:15:03+00:00,wedwards@businessinsider.com (William Edwards),Business Insider
What CEOs are saying about the alleged AI bubble,Also: All the news and watercooler chat from Fortune.,"Good morning. Are we in an AI bubble? And if so, how should CEOs be thinking about that? None other than Sam Altman is opining that investors are overexcited about AI. Yet, as my colleague Sharon Gol… [+6202 chars]",https://fortune.com/2025/08/20/ceos-fear-ai-user-interface-for-everything/,"https://fortune.com/img-assets/wp-content/uploads/2025/04/GettyImages-2197091542-e1744671229805.jpg?resize=1200,600",2025-08-20 09:08:43+00:00,Diane Brady,Fortune
Washington state’s radical new law turns priests into government informants,"Catholic bishops sue Washington over SB 5375 mandate requiring clergy to report child maltreatment, including cases involving traditional beliefs on abortion and sexuality.","Washington state recently passed one of the most extreme anti-religious-liberty laws in America. If it is allowed to go into full effect, it could have a far-reaching impact on protections for clergy… [+5693 chars]",https://www.foxnews.com/opinion/washington-states-radical-new-law-turns-priests-government-informants,https://static.foxnews.com/foxnews.com/content/uploads/2025/05/ferguson-confessional.png,2025-08-20 09:00:10+00:00,,Fox News
US Tech Stocks Hit By Concerns Over Future of AI Boom,"US tech stocks sold off as warnings that the hype surrounding AI could be overdone hit some of the year's best-performing shares. From a report: Nvidia, the chips group that has surged to become the world's first $4tn company on the back of AI, fell 3.5 per c…","Nvidia, the chips group that has surged to become the world's first $4tn company on the back of AI, fell 3.5 per cent on Tuesday, while software group Palantir dropped 9.4 per cent and chip designer … [+752 chars]",https://tech.slashdot.org/story/25/08/20/0821214/us-tech-stocks-hit-by-concerns-over-future-of-ai-boom,https://a.fsdn.com/sd/topics/ai_64.png,2025-08-20 08:30:00+00:00,msmash,Slashdot.org
"Stock Market Today: Dow, S&P 500, Nasdaq Set to Open Down Ahead of Fed Minutes; Palantir, Nvidia, Intel, More Movers","LIVE
Dow Set to Open Down Ahead of Fed Minutes
S&P 500 and Nasdaq futures are also falling in premarket trading after a tech selloff in the previous session.
Last Updated:
Aug. 20, 2025 at 3:56 AM ET
Key Events
Latest Updates
Futures for the main stock indexe…","LIVEDow Set to Open Down Ahead of Fed MinutesS&amp;P 500 and Nasdaq futures are also falling in premarket trading after a tech selloff in the previous session.Last Updated:Aug. 20, 2025 at 3:56 AM ET… [+143 chars]",https://biztoc.com/x/934a5fb160dbc819,https://biztoc.com/cdn/934a5fb160dbc819_s.webp,2025-08-20 08:06:04+00:00,barrons.com,Biztoc.com
"Shah Rukh Khan mopped the floor on Phir Bhi Dil Hai Hindustani set, recalls Faruk Kabir: ‘SRK doesn’t show attitude, scold or scream’","Shah Rukh Khan corrects even junior artists very affectionately. The biggest lesson you can learn from him is humility, says Faruk Kabir who worked as an Assistant Director on Phir Bhi Dil Hai Hindustani, Khan's 2000 production debut.","Faruk Kabir may be making spy and action thrillers like Salakkar and the Khuda Haafiz franchise now, but his roots go back to Aziz Mirza’s 2000 film Phir Bhi Dil Hai Hindustani, starring Shah Rukh Kh… [+2626 chars]",https://indianexpress.com/article/entertainment/bollywood/shah-rukh-khan-mopped-the-floor-on-phir-bhi-dil-hai-hindustani-set-recalls-faruk-kabir-srk-doesnt-show-attitude-scold-or-scream-10200186/,https://images.indianexpress.com/2025/08/MixCollage-20-Aug-2025-12-41-PM-4475.jpg,2025-08-20 08:03:46+00:00,Entertainment Desk,The Indian Express
"Video: Trailer & Key Art - Hulu Original K-Drama ""Tempest""","The new spy thriller with an international cast, including Gianna Jun, Gang Dongwon, John Cho and more, is launching with three episodes on September 10 on Hulu and Disney+.","TRAILER &amp; KEY ART HULU ORIGINAL K-DRAMA ""TEMPEST""
When an assassination attempt is made on a presidential candidate, a multinational conspiracy involving rogue nations, security agencies, and cl… [+1588 chars]",http://www.thefutoncritic.com/video/2025/08/20/video-trailer-and-key-art-hulu-original-k-drama-tempest-511512/20250820hulu01/,,2025-08-20 08:00:00+00:00,,Thefutoncritic.com
National Bank of Canada FI Reduces Stock Holdings in Invesco S&P 500 Equal Weight Utilities ETF $RSPU,"National Bank of Canada FI decreased its holdings in Invesco S&P 500 Equal Weight Utilities ETF (NYSEARCA:RSPU – Free Report) by 27.5% in the first quarter, according to its most recent Form 13F filing with the Securities & Exchange Commission. The firm owned…","National Bank of Canada FI decreased its holdings in Invesco S&amp;P 500 Equal Weight Utilities ETF (NYSEARCA:RSPU – Free Report) by 27.5% in the first quarter, according to its most recent Form 13F … [+2841 chars]",https://www.etfdailynews.com/2025/08/20/national-bank-of-canada-fi-reduces-stock-holdings-in-invesco-sp-500-equal-weight-utilities-etf-rspu/,https://www.americanbankingnews.com/wp-content/timthumb/timthumb.php?src=https://www.marketbeat.com/logos/generic-stocks3.jpg&w=240&h=240&zc=2,2025-08-20 07:58:49+00:00,MarketBeat News,ETF Daily News
"HighTower Advisors LLC Sells 8,340 Shares of Invesco S&P 500 Equal Weight Technology ETF $RSPT","HighTower Advisors LLC decreased its stake in shares of Invesco S&P 500 Equal Weight Technology ETF (NYSEARCA:RSPT – Free Report) by 5.0% in the 1st quarter, according to its most recent 13F filing with the SEC. The firm owned 157,884 shares of the company’s …","HighTower Advisors LLC decreased its stake in shares of Invesco S&amp;P 500 Equal Weight Technology ETF (NYSEARCA:RSPT – Free Report) by 5.0% in the 1st quarter, according to its most recent 13F fili… [+3204 chars]",https://www.etfdailynews.com/2025/08/20/hightower-advisors-llc-sells-8340-shares-of-invesco-sp-500-equal-weight-technology-etf-rspt/,https://www.americanbankingnews.com/wp-content/timthumb/timthumb.php?src=https://www.marketbeat.com/logos/invesco-sp-500-equal-weight-technology-etf-logo-1200x675.jpg?v=20230807085542&w=240&h=240&zc=2,2025-08-20 07:52:49+00:00,MarketBeat News,ETF Daily News
Innovator U.S. Equity Power Buffer ETF – January $PJAN Shares Bought by HighTower Advisors LLC,"HighTower Advisors LLC increased its stake in Innovator U.S. Equity Power Buffer ETF – January (BATS:PJAN – Free Report) by 12.1% in the first quarter, HoldingsChannel.com reports. The firm owned 137,940 shares of the company’s stock after acquiring an additi…","HighTower Advisors LLC increased its stake in Innovator U.S. Equity Power Buffer ETF – January (BATS:PJAN – Free Report) by 12.1% in the first quarter, HoldingsChannel.com reports. The firm owned 137… [+3306 chars]",https://www.etfdailynews.com/2025/08/20/innovator-u-s-equity-power-buffer-etf-january-pjan-shares-bought-by-hightower-advisors-llc/,https://www.americanbankingnews.com/wp-content/timthumb/timthumb.php?src=https://www.marketbeat.com/logos/innovator-us-equity-power-buffer-etf---january-logo-1200x675.png?v=20230316164943&w=240&h=240&zc=2,2025-08-20 07:52:49+00:00,MarketBeat News,ETF Daily News
"HighTower Advisors LLC Buys 32,231 Shares of Innovator U.S. Equity Power Buffer ETF – March $PMAR","HighTower Advisors LLC lifted its holdings in shares of Innovator U.S. Equity Power Buffer ETF – March (BATS:PMAR – Free Report) by 25.8% in the first quarter, HoldingsChannel.com reports. The fund owned 157,230 shares of the company’s stock after acquiring a…","HighTower Advisors LLC lifted its holdings in shares of Innovator U.S. Equity Power Buffer ETF – March (BATS:PMAR – Free Report) by 25.8% in the first quarter, HoldingsChannel.com reports. The fund o… [+2582 chars]",https://www.etfdailynews.com/2025/08/20/hightower-advisors-llc-buys-32231-shares-of-innovator-u-s-equity-power-buffer-etf-march-pmar/,https://www.americanbankingnews.com/wp-content/timthumb/timthumb.php?src=https://www.marketbeat.com/logos/innovator-us-equity-power-buffer-etf---march-logo-1200x675.png?v=20241220115839&w=240&h=240&zc=2,2025-08-20 07:52:48+00:00,MarketBeat News,ETF Daily News
"HighTower Advisors LLC Sells 8,281 Shares of Innovator Equity Defined Protection ETF – 2 Yr to July 2026 $AJUL","HighTower Advisors LLC reduced its holdings in shares of Innovator Equity Defined Protection ETF – 2 Yr to July 2026 (BATS:AJUL – Free Report) by 3.5% in the 1st quarter, HoldingsChannel.com reports. The fund owned 225,035 shares of the company’s stock after …","HighTower Advisors LLC reduced its holdings in shares of Innovator Equity Defined Protection ETF – 2 Yr to July 2026 (BATS:AJUL – Free Report) by 3.5% in the 1st quarter, HoldingsChannel.com reports.… [+2703 chars]",https://www.etfdailynews.com/2025/08/20/hightower-advisors-llc-sells-8281-shares-of-innovator-equity-defined-protection-etf-2-yr-to-july-2026-ajul/,https://www.americanbankingnews.com/wp-content/timthumb/timthumb.php?src=https://www.marketbeat.com/logos/generic-stocks2.jpg&w=240&h=240&zc=2,2025-08-20 07:52:45+00:00,MarketBeat News,ETF Daily News
Spirax-Sarco Engineering (LON:SPX) Stock Price Passes Above Two Hundred Day Moving Average – Here’s What Happened,"Spirax-Sarco Engineering plc (LON:SPX – Get Free Report)’s share price passed above its 200-day moving average during trading on Tuesday . The stock has a 200-day moving average of GBX 6,398.94 ($86.33) and traded as high as GBX 7,255 ($97.88). Spirax-Sarco E…","Spirax-Sarco Engineering plc (LON:SPX – Get Free Report)’s share price passed above its 200-day moving average during trading on Tuesday . The stock has a 200-day moving average of GBX 6,398.94 ($86.… [+2571 chars]",https://www.etfdailynews.com/2025/08/20/spirax-sarco-engineering-lonspx-stock-price-passes-above-two-hundred-day-moving-average-heres-what-happened/,https://www.americanbankingnews.com/wp-content/timthumb/timthumb.php?src=https://www.marketbeat.com/logos/spirax-sarco-engineering-logo-1200x675.jpg&w=240&h=240&zc=2,2025-08-20 07:46:57+00:00,MarketBeat News,ETF Daily News
Simplex Trading LLC Trims Stake in ProShares Ultra VIX Short-Term Futures ETF $UVXY,"Simplex Trading LLC reduced its position in shares of ProShares Ultra VIX Short-Term Futures ETF (BATS:UVXY – Free Report) by 78.5% during the 1st quarter, according to the company in its most recent 13F filing with the Securities & Exchange Commission. The i…","Simplex Trading LLC reduced its position in shares of ProShares Ultra VIX Short-Term Futures ETF (BATS:UVXY – Free Report) by 78.5% during the 1st quarter, according to the company in its most recent… [+2757 chars]",https://www.etfdailynews.com/2025/08/20/simplex-trading-llc-trims-stake-in-proshares-ultra-vix-short-term-futures-etf-uvxy/,https://www.americanbankingnews.com/wp-content/timthumb/timthumb.php?src=https://www.marketbeat.com/logos/proshares-ultra-vix-short-term-futures-etf-logo-1200x675.png?v=20250309172425&w=240&h=240&zc=2,2025-08-20 07:38:54+00:00,MarketBeat News,ETF Daily News
"Simplex Trading LLC Sells 2,811 Shares of ProShares VIX Mid-Term Futures ETF $VIXM","Simplex Trading LLC cut its position in shares of ProShares VIX Mid-Term Futures ETF (BATS:VIXM – Free Report) by 17.7% during the 1st quarter, HoldingsChannel reports. The firm owned 13,042 shares of the company’s stock after selling 2,811 shares during the …","Simplex Trading LLC cut its position in shares of ProShares VIX Mid-Term Futures ETF (BATS:VIXM – Free Report) by 17.7% during the 1st quarter, HoldingsChannel reports. The firm owned 13,042 shares o… [+1609 chars]",https://www.etfdailynews.com/2025/08/20/simplex-trading-llc-sells-2811-shares-of-proshares-vix-mid-term-futures-etf-vixm/,https://www.americanbankingnews.com/wp-content/timthumb/timthumb.php?src=https://www.marketbeat.com/logos/proshares-vix-mid-term-futures-etf-logo-1200x675.png?v=20230214140703&w=240&h=240&zc=2,2025-08-20 07:38:54+00:00,MarketBeat News,ETF Daily News
"Palantir, AMD, Oracle And Nvidia Decline After-Hours: Here's What You Should Know","U.S. markets ended mixed on Tuesday, with several AI-related stocks facing pressure after the closing bell. The Dow Jones Industrial Average rose slightly by 0.02% to 44,922.27. Meanwhile, the S&P 500 fell 0.6% to 6,411.37, and the NASDAQ dropped nearly 1.5% …","U.S. markets ended mixed on Tuesday, with several AI-related stocks facing pressure after the closing bell. The Dow Jones Industrial Average rose slightly by 0.02% to 44,922.27. Meanwhile, the S&amp;… [+151 chars]",https://biztoc.com/x/46adf332efac5973,https://biztoc.com/cdn/950/og.png,2025-08-20 07:20:36+00:00,benzinga.com,Biztoc.com
LPL Financial LLC Decreases Stock Holdings in AllianzIM U.S. Large Cap Buffer20 Jul ETF $JULW,"LPL Financial LLC cut its position in AllianzIM U.S. Large Cap Buffer20 Jul ETF (NYSEARCA:JULW – Free Report) by 2.2% in the first quarter, HoldingsChannel.com reports. The firm owned 64,600 shares of the company’s stock after selling 1,480 shares during the …","LPL Financial LLC cut its position in AllianzIM U.S. Large Cap Buffer20 Jul ETF (NYSEARCA:JULW – Free Report) by 2.2% in the first quarter, HoldingsChannel.com reports. The firm owned 64,600 shares o… [+2873 chars]",https://www.etfdailynews.com/2025/08/20/lpl-financial-llc-decreases-stock-holdings-in-allianzim-u-s-large-cap-buffer20-jul-etf-julw/,https://www.americanbankingnews.com/wp-content/timthumb/timthumb.php?src=https://www.marketbeat.com/logos/generic-stocks.jpg&w=240&h=240&zc=2,2025-08-20 07:12:59+00:00,MarketBeat News,ETF Daily News
"Asian shares retreat, tracking tech losses on Wall Street","Asian shares retreated on Wednesday, tracking a decline on Wall Street led by technology shares including Nvidia and other stars that have been riding the mania surrounding artificial-intelligence. Benchmarks fell in Japan, South Korea and Taiwan, pulled lowe…","Asian shares retreated on Wednesday, tracking a decline on Wall Street led by technology shares including Nvidia and other stars that have been riding the mania surrounding artificial-intelligence.
… [+4027 chars]",https://japantoday.com/category/business/asian-shares-retreat-tracking-tech-losses-on-wall-street,,2025-08-20 07:08:52+00:00,,Japan Today
Seoul blocks elderly ex-North Korean spy from going North: Civic group,SEOUL: An elderly North Korean ex-spy who spent decades in jail in the South and has pleaded to be sent to the North was prevented on Wednesday (Aug 20) from crossing the border by South Korean sol,SEOUL: An elderly North Korean ex-spy who spent decades in jail in the South and has pleaded to be sent to the North was prevented on Wednesday (Aug 20) from crossing the border by South Korean soldi… [+774 chars],https://www.channelnewsasia.com/east-asia/seoul-blocks-elderly-ex-north-korean-spy-going-north-civic-group-5304211,"https://dam.mediacorp.sg/image/upload/s--SAip7fnj--/c_crop,h_576,w_1024,x_0,y_53/fl_relative,g_south_east,l_mediacorp:cna:watermark:2023-11:afp_watermark_14112023,w_0.1/f_auto,q_auto/c_fill,g_auto,h_676,w_1200/v1/mediacorp/cna/image/2025/08/20/000_69yj6zq.jpg?itok=6MyqncHm",2025-08-20 07:01:15+00:00,,CNA
NZ soldier sentenced to two years’ detention for attempted espionage,"A military court sentenced a New Zealand soldier on Wednesday to two years’ detention for attempting to spy for a foreign power. The soldier, whose name has been suppressed, admitted to attempted espionage, accessing a computer system for a dishonest purpose …","A New Zealand soldier convicted of attempted spying stands in a makeshift courtroom at the Linton Military Camp in New Zealand - Copyright AFP Richard A. Brooks
A military court sentenced a New Zeal… [+4142 chars]",https://www.digitaljournal.com/world/nz-soldier-sentenced-to-two-years-detention-for-attempted-espionage-2/article,https://www.digitaljournal.com/wp-content/uploads/2025/08/5b176489fbfcafed4c1479291095472f5141dc60-1.jpg,2025-08-20 06:52:20+00:00,AFP,Digital Journal
NZ Soldier Sentenced To Two Years' Detention For Attempted Espionage,A military court sentenced a New Zealand soldier on Wednesday to two years' detention for attempting to spy for a foreign power.,"A military court sentenced a New Zealand soldier on Wednesday to two years' detention for attempting to spy for a foreign power.
The soldier, whose name has been suppressed, admitted to attempted es… [+3939 chars]",https://www.ibtimes.com/nz-soldier-sentenced-two-years-detention-attempted-espionage-3781266,https://d.ibtimes.com/en/full/4617006/new-zealand-soldier-convicted-attempted-spying-stands-makeshift-courtroom-linton-military.jpg,2025-08-20 06:51:22+00:00,Ben STRANG,International Business Times
Intuitive Machines to Acquire KinetX Expanding Role in Deep Space Navigation and Mars Relay Services,"Los Angeles CA (SPX) Aug 18, 2025


Intuitive Machines has signed a definitive agreement to acquire Arizona-based KinetX, an aerospace company with more than three decades of experience in deep space navigation, systems engineering, ground software, and const…","Intuitive Machines to Acquire KinetX Expanding Role in Deep Space Navigation and Mars Relay Servicesby Clarence OxfordLos Angeles CA (SPX) Aug 13, 2025
Intuitive Machines has signed a definitive agr… [+2307 chars]",https://www.spacedaily.com/reports/Intuitive_Machines_to_Acquire_KinetX_Expanding_Role_in_Deep_Space_Navigation_and_Mars_Relay_Services_999.html,https://www.spxdaily.com/images-hg/intuitive-machines-odysseus-lander-earth-orbit-australia-ocean-hg.jpg,2025-08-20 06:49:21+00:00,,Space Daily
Dynamic satellite design advanced through Space RCO industry forum,"Los Angeles CA (SPX) Aug 18, 2025


The Space Rapid Capabilities Office convened its Agile Satellite Industry Engagement Day on July 30, bringing 13 selected industry participants together for intensive technical dialogue on next-generation satellite developm…","Dynamic satellite design advanced through Space RCO industry forumby Clarence OxfordLos Angeles CA (SPX) Aug 13, 2025
The Space Rapid Capabilities Office convened its Agile Satellite Industry Engage… [+1782 chars]",https://www.spacedaily.com/reports/Dynamic_satellite_design_advanced_through_Space_RCO_industry_forum_999.html,https://www.spxdaily.com/images-hg/sierra-space-abm-tranche-2-tracking-layer-satellite-artwork-hg.jpg,2025-08-20 06:49:21+00:00,,Space Daily
ICEYE introduces Scan Wide mode to enhance SAR satellite imaging capacity,"Los Angeles CA (SPX) Aug 18, 2025


ICEYE has launched its latest Synthetic Aperture Radar (SAR) imaging mode, Scan Wide, delivering the largest scene coverage in its portfolio. With this mode, users can capture up to 60,000 km in a single scene or 120,000 km…","ICEYE introduces Scan Wide mode to enhance SAR satellite imaging capacityby Clarence OxfordLos Angeles CA (SPX) Aug 13, 2025
ICEYE has launched its latest Synthetic Aperture Radar (SAR) imaging mode… [+1767 chars]",https://www.spacedaily.com/reports/ICEYE_introduces_Scan_Wide_mode_to_enhance_SAR_satellite_imaging_capacity_999.html,https://www.spxdaily.com/images-hg/iceye-marker-hg.jpg,2025-08-20 06:49:21+00:00,,Space Daily
Indian Private Space Consortium to Build First National Earth Observation Satellite Network,"Tokyo, Japan (SPX) Aug 18, 2025


In a milestone for India's space sector, a private consortium will design, deploy, and operate the nation's first Earth Observation Satellite System (EOSS). The planned 12-satellite network will be completed within four to fi…","Indian Private Space Consortium to Build First National Earth Observation Satellite Networkby Riko SeiboTokyo, Japan (SPX) Aug 13, 2025
In a milestone for India's space sector, a private consortium … [+4836 chars]",https://www.spacedaily.com/reports/Indian_Private_Space_Consortium_to_Build_First_National_Earth_Observation_Satellite_Network_999.html,https://www.spxdaily.com/images-hg/axelglobe-hodoyoshi-earth-observation-marker-grus-constellation-hg.jpg,2025-08-20 06:49:21+00:00,,Space Daily
Is Fusion Energy Becoming the Space Race of This Century,"Los Angeles CA (SPX) Aug 20, 2025


Encouraged by the potential of clean, continuous, high-density power, commercial investment in fusion energy has grown to more than US$9.6 billion over the last five years, according to IDTechEx analysis. 

Around 50 startu…","Is Fusion Energy Becoming the Space Race of This Centuryby Clarence OxfordLos Angeles CA (SPX) Aug 20, 2025
Encouraged by the potential of clean, continuous, high-density power, commercial investmen… [+3325 chars]",https://www.spacedaily.com/reports/Is_Fusion_Energy_Becoming_the_Space_Race_of_This_Century_999.html,https://www.spxdaily.com/images-hg/fusion-10-petawatt-limit-coherently-tiled-titanium-sapphire-laser-amplification-hg.jpg,2025-08-20 06:49:21+00:00,,Space Daily
Head-To-Head Analysis: Bolt Projects (BSLK) vs. Its Rivals,"Volatility & Risk Bolt Projects has a beta of 0.17, suggesting that its share price is 83% less volatile than the S&P 500. Comparatively, Bolt Projects’ peers have a beta of 0.64, suggesting that their average share price is 36% less volatile than the S&P 500…","Volatility &amp; Risk
Bolt Projects has a beta of 0.17, suggesting that its share price is 83% less volatile than the S&amp;P 500. Comparatively, Bolt Projects’ peers have a beta of 0.64, suggesting… [+2394 chars]",https://www.etfdailynews.com/2025/08/20/head-to-head-analysis-bolt-projects-bslk-vs-its-rivals/,https://www.americanbankingnews.com/wp-content/timthumb/timthumb.php?src=https://www.marketbeat.com/logos/bolt-projects-holdings-inc-logo-1200x675.png?v=20250319061230&w=240&h=240&zc=2,2025-08-20 06:44:51+00:00,MarketBeat News,ETF Daily News
Spy Chief Tulsi Gabbard Says UK Dropped Demand For Apple Encryption Backdoor After Pushback From Trump Administration,"Apple Inc. (NASDAQ:AAPL) has scored a major victory in its long-running fight to protect user privacy, with U.S. intelligence chief Tulsi Gabbard announcing that Britain has dropped its demand for a backdoor into the company's encrypted services.
Britain Drop…","Apple Inc. (NASDAQ:AAPL) has scored a major victory in its long-running fight to protect user privacy, with U.S. intelligence chief Tulsi Gabbard announcing that Britain has dropped its demand for a … [+146 chars]",https://biztoc.com/x/fb22cd0525100d86,https://biztoc.com/cdn/fb22cd0525100d86_s.webp,2025-08-20 06:25:14+00:00,benzinga.com,Biztoc.com
"News Today Live Updates, 20 August | Delhi CM Rekha Gupta ‘attacked’; NDA’s V-P candidate files nomination; and more","Big Breaking News Today LIVE Updates, 20 August | The government is likely to bring a law that could place a blanket ban on all online gaming services.","News Today Live Updates: Get the latest news updates from India and all around the world. Stay updated with breaking news today.Big Breaking News Today LIVE Updates, 20 August: Delhi Chief Minister R… [+8095 chars]",https://indianexpress.com/article/india/latest-news-today-live-updates-world-india-cities-news-delhi-mumbai-bengaluru-08-20-2025-news-headlines-10199773/,https://images.indianexpress.com/2025/08/breaking-news-2.jpg,2025-08-20 06:18:07+00:00,Express Web Desk,The Indian Express
"NZ sharemarket rallies past 13,000 points after Reserve Bank rate cut – Market close",Results from Fletcher Building and Spark received mixed market reactions.,"The Reserve Bank cut the OCR today by 25 basis points to 3%, in line with market expectations. 
The Kiwi dollar fell after the decision, while in the interest rate markets, the two-year swap rate fe… [+2969 chars]",https://www.nzherald.co.nz/business/markets/shares/nz-sharemarket-rallies-past-13000-points-after-reserve-bank-rate-cut-market-close/OF67DXO5JVCQHNLHDQ7WJEMRQE/,https://www.nzherald.co.nz/resizer/v2/J6RAIZ7OUVBFTC7JQNVQ6CMHSM.jpg?auth=2a841b5ac852b80f9b299dd19e512c6882f8e12b8055599f82dd884407692060&width=1200&height=675&quality=70&smart=true,2025-08-20 06:07:45+00:00,Tom Raynel,New Zealand Herald
"Documents reveal CIA’s Angleton aided Israelâs theft of U.S. nuclear material, shielded terrorists","James Angleton, CIA’s counterintelligence chief, secretly partnered with Israeli intelligence to bypass U.S. oversight, enabling nuclear material theft and shielding Zionist terrorists. Israeli agents diverted hundreds of kilograms of U.S. weapons-grade urani…","<ul><li>James Angleton, CIAs counterintelligence chief, secretly partnered with Israeli intelligence to bypass U.S. oversight, enabling nuclear material theft and shielding Zionist terrorists.</li><l… [+4362 chars]",https://www.naturalnews.com/2025-08-20-cias-angleton-aided-israels-theft-us-nuclear-material.html,https://www.naturalnews.com/wp-content/uploads/sites/91/2025/08/CIA-Lobby-Floor.jpg,2025-08-20 06:00:00+00:00,Willow Tohi,Naturalnews.com
AI & economic liberty: Will decentralized tech save human autonomy?,"Centralization Threatens Freedom: Big Tech and globalist elites risk monopolizing AI, enabling authoritarian control, labor displacement, and cognitive dependence, while transhumanist surveillance looms. Libertarian Resistance Emerges: Decentralized AI models…","<ul><li>Centralization Threatens Freedom: Big Tech and globalist elites risk monopolizing AI, enabling authoritarian control, labor displacement, and cognitive dependence, while transhumanist surveil… [+5976 chars]",https://www.naturalnews.com/2025-08-20-will-decentralized-tech-save-human-autonomy.html,https://www.naturalnews.com/wp-content/uploads/sites/91/2025/08/2025-08-20-BBN-Interview-with-Tom-Woods.jpg,2025-08-20 06:00:00+00:00,Finn Heartley,Naturalnews.com
Radar eavesdropping: Your smartphone’s tiny vibrations could reveal private conversations,"Researchers at Penn State demonstrated that millimeter-wave radar can detect microscopic vibrations (7 micrometers) from smartphone speakers, allowing partial reconstruction of conversations from up to 10 feet away—without hacking or breaching encryption. Usi…","<ul><li>Researchers at Penn State demonstrated that millimeter-wave radar can detect microscopic vibrations (7 micrometers) from smartphone speakers, allowing partial reconstruction of conversations … [+6090 chars]",https://www.naturalnews.com/2025-08-20-smartphones-tiny-vibrations-could-reveal-private-conversations.html,https://www.naturalnews.com/wp-content/uploads/sites/91/2025/08/Three-People-Cell-Phones.jpg,2025-08-20 06:00:00+00:00,Ava Grace,Naturalnews.com
"Powell likely to play ‘Owl,’ watch data at Jackson Hole: Ed Yardeni",Ed Yardeni anticipates Fed Chair Jerome Powell to adopt a wait-and-see approach at the Jackson Hole Symposium. Upcoming inflation and payroll data will influence the Fed's decision on rate cuts. Yardeni believes inflation is stickier than perceived. He forese…,"""The payroll employment number is expected to bounce back, and as a result, I am not convinced that the Fed will actually cut rates. I know the markets think so, but I humbly and respectfully disagre… [+4199 chars]",https://economictimes.indiatimes.com/markets/expert-view/powell-likely-to-play-owl-watch-data-at-jackson-hole-ed-yardeni/articleshow/123401719.cms,"https://img.etimg.com/thumb/msid-123401706,width-1200,height-630,imgsize-26272,overlay-etmarkets/articleshow.jpg",2025-08-20 05:57:05+00:00,ET Now,The Times of India
"The Indo Daily: Secret messages, codewords and a phone smashed with an axe – The Irishman caught in 'biggest corporate espionage case of the century'",his week on The Indo Daily we are looking back at some of our best investigative episodes from 2025 so far. Today’s episode was first released on April 8th 2025;,his week on The Indo Daily we are looking back at some of our best investigative episodes from 2025 so far. Todays episode was first released on April 8th 2025;Earlier this year a spy trail of secret… [+1598 chars],https://www.independent.ie/podcasts/the-indo-daily/the-indo-daily-secret-messages-codewords-and-a-phone-smashed-with-an-axe-the-irishman-caught-in-biggest-corporate-espionage-case-of-the-century/a589424729.html,https://focus.independent.ie/thumbor/jDQcFBNRnJ6sntNCLNJdm9_6lRA=/0x1000:3000x3000/629x0/prod-mh-ireland/266e000a-3031-4664-874d-4afb2992c93b/4a9f69c5-6cf3-4941-9c95-f2e7d6330821/266e000a-3031-4664-874d-4afb2992c93b.jpg,2025-08-20 05:41:15+00:00,Irish Independent,Independent.ie
Is Angelina Jolie Leaving Hollywood?,Angelina Jolie is reportedly planning to sell her house in the United States and relocate abroad with her children.,"IMAGE: Angelina Jolie at Cannes 2025. Photograph: Manon Cruz/Reuters
Angelina Jolie is reportedly planning to sell her house in the United States and relocate abroad with her children.
According to… [+1723 chars]",https://www.rediff.com/movies/report/is-angelina-jolie-leaving-hollywood/20250820.htm,https://im.rediff.com/movies/2025/aug/20angelina1.jpg,2025-08-20 05:34:52+00:00,Nikhil Lakshman,Rediff.com
Dow briefly hits record high as Home Depot puts focus on retail earnings - Reuters,"Dow briefly hits record high as Home Depot puts focus on retail earningsReuters Stock market today: S&P 500, Nasdaq slide as Home Depot leads out retail earningsYahoo Finance Wall Street falls on Jackson Hole jittersReuters Global Markets Mostly Lower as Fed …","In 1914, the first crossword puzzle was printed in a newspaper. The
creator received $4000 down ... and $3000 across.",https://slashdot.org/firehose.pl?op=view&amp;id=178775832,,2025-08-20 05:32:35+00:00,feedfeeder,Slashdot.org
CerraCap backs Space Kinetic to accelerate space superiority and missile defense,"Los Angeles CA (SPX) Aug 20, 2025 - CerraCap Ventures has invested in Space Kinetic Corp., a cleared national security innovator based in Albuquerque, New Mexico. The move aligns with CerraCap's push to speed space defense technologies and bolster the United …","CerraCap backs Space Kinetic to accelerate space superiority and missile defenseby Clarence OxfordLos Angeles CA (SPX) Aug 20, 2025
CerraCap Ventures has invested in Space Kinetic Corp., a cleared n… [+3579 chars]",https://www.spacewar.com/reports/CerraCap_backs_Space_Kinetic_to_accelerate_space_superiority_and_missile_defense_999.html,https://www.spxdaily.com/images-hg/abm-spix-hg.jpg,2025-08-20 05:25:35+00:00,,Spacewar.com
Global Invacom launches modular auto deploy XY antenna for multi orbit mission critical networks,"London, UK (SPX) Aug 20, 2025


Global Skyware, a unit of Global Invacom Group, has introduced the XY antenna, a field-ready platform engineered for rapid response operations. The system emphasizes modularity, flexibility and fast assembly, supporting both on…","Global Invacom launches modular auto deploy XY antenna for multi orbit mission critical networksby Sophie JenkinsLondon, UK (SPX) Aug 20, 2025
Global Skyware, a unit of Global Invacom Group, has int… [+2179 chars]",https://www.spacedaily.com/reports/Global_Invacom_launches_modular_auto_deploy_XY_antenna_for_multi_orbit_mission_critical_networks_999.html,https://www.spxdaily.com/images-hg/large-satellite-constellation-above-lofar-telescope-hg.jpg,2025-08-20 05:25:35+00:00,,Space Daily
New model shows how collapsing matter and voids shape cosmic evolution,"Sydney, Australia (SPX) Aug 20, 2025


A University of Queensland researcher has developed a mathematical framework that incorporates collapsing regions of matter and expanding cosmic voids to explain the universe's evolution in greater detail than the standa…","New model shows how collapsing matter and voids shape cosmic evolutionby Simon MansfieldSydney, Australia (SPX) Aug 20, 2025
A University of Queensland researcher has developed a mathematical framew… [+2466 chars]",https://www.spacedaily.com/reports/New_model_shows_how_collapsing_matter_and_voids_shape_cosmic_evolution_999.html,https://www.spxdaily.com/images-hg/computer-simulation-of-universe-low-density-void-hg.jpg,2025-08-20 05:25:35+00:00,,Space Daily
Rotation corrected orbit method promises centimeter level precision for mega constellations,"Tokyo, Japan (SPX) Aug 20, 2025


Precise orbit determination is becoming increasingly critical for satellite navigation, positioning and timing as Low Earth Orbit constellations expand worldwide. Researchers have introduced a new method that combines inter-s…","Rotation corrected orbit method promises centimeter level precision for mega constellationsby Riko SeiboTokyo, Japan (SPX) Aug 20, 2025
Precise orbit determination is becoming increasingly critical … [+3055 chars]",https://www.spacedaily.com/reports/Rotation_corrected_orbit_method_promises_centimeter_level_precision_for_mega_constellations_999.html,https://www.spxdaily.com/images-hg/satellite-constellation-mixed-marker-hg.jpg,2025-08-20 05:25:35+00:00,,Space Daily
Supernovae: How to spot them at record speed,"Paris, France (SPX) Aug 20, 2025


Supernovae appear to our eyes-and to astronomical instruments-as brilliant flashes that flare up in the sky without warning, in places where nothing was visible just moments before. The flash is caused by the colossal explos…","Supernovae: How to spot them at record speedby Erica MarchandParis, France (SPX) Aug 20, 2025
Supernovae appear to our eyes-and to astronomical instruments-as brilliant flashes that flare up in the … [+4777 chars]",https://www.spacedaily.com/reports/Supernovae_How_to_spot_them_at_record_speed_999.html,https://www.spxdaily.com/images-hg/sphere-shaped-phenomenon-supernovae-star-formation-hg.jpg,2025-08-20 05:25:35+00:00,,Space Daily
BlackSky expands non Earth imaging partnership with HEO under new seven figure contract,"Los Angeles CA (SPX) Aug 20, 2025


BlackSky Technology Inc. has signed a seven figure Gen 2 space domain awareness expansion contract with HEO to provide fully automated low latency non Earth imaging services for defense, intelligence and commercial missions…","BlackSky expands non Earth imaging partnership with HEO under new seven figure contractby Clarence OxfordLos Angeles CA (SPX) Aug 20, 2025
BlackSky Technology Inc. has signed a seven figure Gen 2 sp… [+2469 chars]",https://www.spacewar.com/reports/BlackSky_expands_non_Earth_imaging_partnership_with_HEO_under_new_seven_figure_contract_999.html,https://www.spxdaily.com/images-hg/blacksky-logo-hg.jpg,2025-08-20 05:25:35+00:00,,Spacewar.com
Nullspace secures 25M seed funding to advance RF and quantum simulation software,"Los Angeles CA (SPX) Aug 20, 2025


Nullspace, a deep tech company creating next-generation electromagnetic simulation software, has raised $2.5 million in seed financing. The round was led by Fathom Fund with participation from Golden Seeds LLC and several s…","Nullspace secures 25M seed funding to advance RF and quantum simulation softwareby Clarence OxfordLos Angeles CA (SPX) Aug 20, 2025
Nullspace, a deep tech company creating next-generation electromag… [+2135 chars]",https://www.spacedaily.com/reports/Nullspace_secures_25M_seed_funding_to_advance_RF_and_quantum_simulation_software_999.html,https://www.spxdaily.com/images-hg/secure-global-quantum-communication-marker-hg.jpg,2025-08-20 05:25:35+00:00,,Space Daily
SpinLaunch secures 30 million to speed Meridian Space constellation development,"Long Beach CA (SPX) Aug 20, 2025


SpinLaunch has closed 30 million in funding to accelerate development and commercialization of Meridian Space, its low-earth orbit satellite broadband constellation. The round includes new capital from existing investors led…","SpinLaunch secures 30 million to speed Meridian Space constellation developmentby Clarence OxfordLong Beach CA (SPX) Aug 20, 2025
SpinLaunch has closed 30 million in funding to accelerate developmen… [+2070 chars]",https://www.spacedaily.com/reports/SpinLaunch_secures_30_million_to_speed_Meridian_Space_constellation_development_999.html,https://www.spxdaily.com/images-hg/spinlaunch-crane-assembly-marker-hg.jpg,2025-08-20 05:25:35+00:00,,Space Daily
PREFIRE CubeSats to operate through 2026 as mission expands worldwide,"Los Angeles CA (SPX) Aug 20, 2025


NASA has extended the PREFIRE mission through September 2026 and broadened its scope from the poles to the entire planet. The twin shoebox-size CubeSats measure how water vapor, clouds, and other components of Earths system…","PREFIRE CubeSats to operate through 2026 as mission expands worldwideby Clarence OxfordLos Angeles CA (SPX) Aug 20, 2025
NASA has extended the PREFIRE mission through September 2026 and broadened it… [+2765 chars]",https://www.spacedaily.com/reports/PREFIRE_CubeSats_to_operate_through_2026_as_mission_expands_worldwide_999.html,https://www.spxdaily.com/images-hg/arctic-prefire-mission-concept-two-cubesats-hg.jpg,2025-08-20 05:25:35+00:00,,Space Daily
Asteroid family link strengthened by SwRI analysis of Bennu and Ryugu,"Los Angeles CA (SPX) Aug 20, 2025


A Southwest Research Institute study of near-Earth asteroids Bennu and Ryugu provides compelling evidence that both objects originated from the Polana collisional family in the main asteroid belt between Mars and Jupiter. 
…","Asteroid family link strengthened by SwRI analysis of Bennu and Ryuguby Clarence OxfordLos Angeles CA (SPX) Aug 20, 2025
A Southwest Research Institute study of near-Earth asteroids Bennu and Ryugu … [+2530 chars]",https://www.spacedaily.com/reports/Asteroid_family_link_strengthened_by_SwRI_analysis_of_Bennu_and_Ryugu_999.html,https://www.spxdaily.com/images-hg/astro-navigation-osiris-rex-siggraph-film-fest-web-around-asteroid-bennu-hg.jpg,2025-08-20 05:25:35+00:00,,Space Daily
Voyager invests in Latent AI to advance real time space based intelligence,"Los Angeles CA (SPX) Aug 20, 2025


Voyager Technologies has announced an investment in Latent AI, a specialist in edge-based artificial intelligence that enables data to be processed and acted upon in real time. The collaboration will bring advanced AI proce…","Voyager invests in Latent AI to advance real time space based intelligenceby Clarence OxfordLos Angeles CA (SPX) Aug 20, 2025
Voyager Technologies has announced an investment in Latent AI, a special… [+1684 chars]",https://www.spacedaily.com/reports/Voyager_invests_in_Latent_AI_to_advance_real_time_space_based_intelligence_999.html,https://www.spxdaily.com/images-hg/voyager-space-marker-hg.jpg,2025-08-20 05:25:35+00:00,,Space Daily
Irish CubeSat proves wave based control for precise in orbit pointing,"London, UK (SPX) Aug 20, 2025


EIRSAT-1, Ireland's first satellite, has validated an onboard Wave-Based Control payload that enables accurate attitude control in orbit. Developed at UCD's School of Mechanical and Materials Engineering, the software-led exper…","Irish CubeSat proves wave based control for precise in orbit pointingby Sophie JenkinsLondon, UK (SPX) Aug 20, 2025
EIRSAT-1, Ireland's first satellite, has validated an onboard Wave-Based Control p… [+3203 chars]",https://www.spacedaily.com/reports/Irish_CubeSat_proves_wave_based_control_for_precise_in_orbit_pointing_999.html,https://www.spxdaily.com/images-hg/cubesat-uf-radsat-parabolic-mesh-high-gain-antenna-hg.jpg,2025-08-20 05:25:35+00:00,,Space Daily
SwRI unveils spacecraft impact detection system for orbital debris,"Los Angeles CA (SPX) Aug 20, 2025


Southwest Research Institute (SwRI) has created and tested a micrometeoroid and orbital debris (MMOD) detection system to help satellites and spacecraft identify and characterize debris impacts. The technology ensures opera…","SwRI unveils spacecraft impact detection system for orbital debrisby Clarence OxfordLos Angeles CA (SPX) Aug 20, 2025
Southwest Research Institute (SwRI) has created and tested a micrometeoroid and … [+2541 chars]",https://www.spacedaily.com/reports/SwRI_unveils_spacecraft_impact_detection_system_for_orbital_debris_999.html,https://www.spxdaily.com/images-hg/space-orbital-debris-cleaning-marker-hg.jpg,2025-08-20 05:25:35+00:00,,Space Daily
Rocket Lab Prepares 70th Electron Mission for August Launch,"Los Angeles CA (SPX) Aug 20, 2025


Rocket Lab has confirmed its 70th Electron launch is set for this weekend, lifting off no earlier than August 23 from Launch Complex 1 in New Zealand. The dedicated mission, named Live Laugh Launch, will deploy five satelli…","Rocket Lab Prepares 70th Electron Mission for August Launchby Clarence OxfordLos Angeles CA (SPX) Aug 20, 2025
Rocket Lab has confirmed its 70th Electron launch is set for this weekend, lifting off … [+862 chars]",https://www.spacedaily.com/reports/Rocket_Lab_Prepares_70th_Electron_Mission_for_August_Launch_999.html,https://www.spxdaily.com/images-hg/rocket-lab-electron-launch-kineis-mission-day-hg.jpg,2025-08-20 05:25:35+00:00,,Space Daily
Early detection methods refine study of stellar explosions,"Paris, France (SPX) Aug 20, 2025


Supernovae are sudden stellar explosions that flare brightly in the sky, making them difficult to capture in their earliest moments. With modern wide-field, high-cadence sky surveys, astronomers can now spot these events alm…","Early detection methods refine study of stellar explosionsby Erica MarchandParis, France (SPX) Aug 20, 2025
Supernovae are sudden stellar explosions that flare brightly in the sky, making them diffi… [+2028 chars]",https://www.spacedaily.com/reports/Early_detection_methods_refine_study_of_stellar_explosions_999.html,https://www.spxdaily.com/images-hg/hubble-galaxies-both-cepheid-variables-and-supernovae-hg.jpg,2025-08-20 05:25:35+00:00,,Space Daily
British rising star ‘screen tests’ to replace Daniel Craig as James Bond,Actor was reportedly asked to read lines spoken by Pierce Brosnan in 1995 Bond film ‘GoldenEye’,"Your support helps us to tell the story
From reproductive rights to climate change to Big Tech, The Independent is on the ground when the story is developing. Whether it's investigating the financia… [+3050 chars]",https://www.the-independent.com/arts-entertainment/films/news/james-bond-scott-rose-marsh-daniel-craig-b2810773.html,https://static.the-independent.com/2025/03/14/07/newFile.jpg?width=1200&height=800&crop=1200:800,2025-08-20 05:22:54+00:00,Jacob Stolworthy,The-independent.com
Smash earnings season ignites a summer stock rally,"Like a bad wedding DJ’s hand on the volume button the second a Pitbull song comes on, Wall Street analysts are cranking up earnings estimates at record speeds this quarter. Q2 earnings from companies in the S&P 500 are doing wildly better than expected, with …","Like a bad wedding DJs hand on the volume button the second a Pitbull song comes on, Wall Street analysts are cranking up earnings estimates at record speeds this quarter. Q2 earnings from companies … [+152 chars]",https://biztoc.com/x/b59e56e422ab226b,https://biztoc.com/cdn/b59e56e422ab226b_s.webp,2025-08-20 05:17:53+00:00,morningbrew.com,Biztoc.com
Forensic advances bring chance of new prosecutions for 1970s IRA bombings,"Some investigations will result in arrests for killings 50 years ago, official says, despite unpopular new legacy regime","The blue and white Bedford bus carrying British soldiers and their families was nearly torn in two by the IRA bomb that exploded in the luggage compartment shortly after midnight on February 4th, 197… [+8665 chars]",https://www.irishtimes.com/politics/2025/08/20/forensic-advances-bring-chance-of-new-prosecutions-for-1970s-ira-bombings/,https://www.irishtimes.com/resizer/v2/73SD6SUNT5G7DI4R65KKGONYHU.jpg?smart=true&auth=7e61398bda1f8bab62f4bc63c2c0e72aaf0c5c2a83bd875ef87b8f3592c7c462&width=1200&height=630,2025-08-20 05:00:00+00:00,"John Ware, Mark Hennessy",The Irish Times
Show HN: STIX – Institutional positioning in US equities revealed as a score,"Hi HN — I built STIX, a tool that calculates a simple 0–100 score for US stocks and ETFs. The score describes whether the ticker is institutionally sponsored and thusly primed for higher pricing. It’s meant to help active traders decide what to lean into—and …","Regime Radar
Know in seconds if SPY/QQQ/IWM and sectors are trending, pulling back, or distributing so you buy dips, not downtrends
Opportunities Abound
If you know where to look. Screen individua… [+677 chars]",https://stix-v1.onrender.com,,2025-08-20 04:56:37+00:00,STIX_Trading,Onrender.com
Why Angelina Jolie is leaving America and here’s where she’s headed next,"Angelina Jolie is planning to leave Los Angeles once her youngest children turn 18, selling her Los Feliz estate. She admitted staying in L.A. was due to her divorce settlement with Brad Pitt. Joining a trend of celebrities moving overseas, Jolie seeks a new …","Hollywood icon Angelina Jolie is reportedly preparing to move out of the United States once her youngest children turn 18. According to People, the actress is considering several locations abroad as … [+1709 chars]",https://economictimes.indiatimes.com/news/international/global-trends/why-angelina-jolie-is-leaving-america-and-heres-where-shes-headed-next/articleshow/123400239.cms,"https://img.etimg.com/thumb/msid-123400280,width-1200,height-630,imgsize-998051,overlay-economictimes/articleshow.jpg",2025-08-20 04:36:41+00:00,ET Online,The Times of India
Risky Business #803 -- Oracle's CSO Mary Ann Davidson quietly departs,"On this week’s show Patrick Gray and Adam Boileau discuss the week’s cybersecurity news, including:

<ul>
 <li>Oracle’s long term CSO departs, and we’re not that sad about it</li>
 <li>Canada’s House of Commons gets popped through a Microsoft bug</li>
 <li>Ru…","Presented by
On this weeks show Patrick Gray and Adam Boileau discuss the weeks cybersecurity news, including:
<ul><li>Oracles long term CSO departs, and were not that sad about it</li><li>Canadas … [+2239 chars]",https://risky.biz/RB803/,https://risky.biz/static/img/RB-OG-Social.jpg,2025-08-20 04:34:58+00:00,Adam Boileau,Risky.biz
European markets head for negative open as sentiment shifts; UK inflation data ahead,European stocks are expected to open lower on Wednesday as global market sentiment wavered.,"LONDON European stocks are expected to open lower on Wednesday as global market sentiment wavered.
The U.K.'s FTSE index is seen opening 0.18% lower, Germany's DAX 0.6% lower, France's CAC 40 down 0… [+1659 chars]",https://www.cnbc.com/2025/08/20/european-markets-on-weds-aug-20-stoxx-600-ftse-and-uk-inflation-data.html,https://image.cnbcfm.com/api/v1/image/108104180-1739952365535-gettyimages-2168418794-20240827_borough_market_014.jpeg?v=1755663204&w=1920&h=1080,2025-08-20 04:13:41+00:00,,CNBC
Jeon Ji-hyun and Kang Dong-won brave the brewing Tempest,"Danger is loud and clear in the latest poster and teaser for Disney+’s Tempest, swamping Jeon Ji-hyun (Jirisan) and Kang Dong-won (Uprising, Magic) in the spy romance’s unleashing storm. The teaser opens with a speedy recap of what we learned in teaser one. A…","Jeon Ji-hyun and Kang Dong-won brave the brewing Tempest
Danger is loud and clear in the latest poster and teaser for Disney+’s Tempest, swamping Jeon Ji-hyun (Jirisan) and Kang Dong-won (Uprising, … [+2065 chars]",https://dramabeans.com/2025/08/jeon-ji-hyun-and-kang-dong-won-brave-the-brewing-tempest/,https://dramabeans.com/wp-content/uploads/2025/08/displu_tem_ttt-10.jpg,2025-08-20 04:00:22+00:00,tccolb,Dramabeans.com
"In Ukraine, the ‘Buts’ Win in the End","I love you, BUT I’m not “in love” with you.  You don’t have to go home, BUT you can’t stay here.  You may continue fighting, Martial Law President Zelensky, BUT the American people won’t be foll...","I love you, BUT I’m not “in love” with you.  You don’t have to go home, BUT you can’t stay here.  You may continue fighting, Martial Law President Zelensky, BUT the American people won’t be following… [+8092 chars]",https://www.americanthinker.com/articles/2025/08/in_ukraine_the_buts_win_in_the_end.html,https://images.americanthinker.com/bn/bn38ubq33lpqtgstq9zn_800.jpg,2025-08-20 04:00:00+00:00,,Americanthinker.com
"S&P 500 futures are little changed as investors await retail earnings, Fed minutes: Live updates - CNBC","S&P 500 futures are little changed as investors await retail earnings, Fed minutes: Live updatesCNBC Stock market today: S&P 500, Nasdaq slide as Home Depot leads out retail earningsYahoo Finance Wall Street falls on Jackson Hole jittersReuters The Fed's Jack…","If what they've been doing hasn't solved the problem, tell them to
do something else.
-- Gerald Weinberg, ""The Secrets of Consulting""",https://slashdot.org/firehose.pl?op=view&amp;id=178775172,,2025-08-20 03:52:16+00:00,feedfeeder,Slashdot.org
"Palantir, AMD, Oracle, Viking And Nvidia: Why These 5 Stocks Are On Investors' Radars Today","U.S. stock indices closed mixed on Tuesday, with the Dow Jones Industrial Average edging up 0.02% to 44,922.27. The S&P 500 slipped 0.6% to 6,411.37, while the Nasdaq saw a steeper drop, tumbling nearly 1.5% to 21,314.95.These are the top stocks that gained t…","U.S. stock indices closed mixed on Tuesday, with the Dow Jones Industrial Average edging up 0.02% to 44,922.27. The S&amp;P 500 slipped 0.6% to 6,411.37, while the Nasdaq saw a steeper drop, tumbling… [+144 chars]",https://biztoc.com/x/4392d929b68d2261,https://biztoc.com/cdn/4392d929b68d2261_s.webp,2025-08-20 03:14:22+00:00,benzinga.com,Biztoc.com
Wall Street falls on Jackson Hole jitters - Reuters,"Wall Street falls on Jackson Hole jittersReuters Stock market today: S&P 500, Nasdaq slide as Home Depot leads out retail earningsYahoo Finance Wall Street’s Strong Gains Will Be Tested Before Labor DayBarron's The Fed's Jackson Hole Symposium Starts This Wee…","If what they've been doing hasn't solved the problem, tell them to
do something else.
-- Gerald Weinberg, ""The Secrets of Consulting""",https://slashdot.org/firehose.pl?op=view&amp;id=178774788,,2025-08-20 02:54:39+00:00,feedfeeder,Slashdot.org
Tehran OTT release: When and where to watch John Abraham's geopolitical thriller globally after its ZEE5 premiere,"Tehran, starring John Abraham, is a spy thriller inspired by the 2012 attack on Israeli diplomats in Delhi. It premiered on ZEE5 on August 14, 2025, and now, it will stream on Netflix from August 26. Directed by Arun Gopalan, the film follows ACP Rajeev Kumar…","Tehran, starring John Abraham, is a spy thriller inspired by the 2012 attack on Israeli diplomats in Delhi. It premiered on ZEE5 on August 14, 2025, and now, it will stream on Netflix from August 26.… [+152 chars]",https://economictimes.indiatimes.com/magazines/panache/tehran-ott-release-when-and-where-to-watch-john-abrahams-geopolitical-thriller-globally-after-its-zee5-premiere/articleshow/123397730.cms,"https://img.etimg.com/thumb/msid-123398087,width-1200,height-630,imgsize-119986,overlay-etpanache/articleshow.jpg",2025-08-20 02:36:31+00:00,ET Online,The Times of India
US spy chief says UK has dropped backdoor order for Apple,"The U.S. director of national intelligence, Tulsi Gabbard, said earlier today that the U.K.’s controversial order to mandate Apple Inc. to open a backdoor to user data has been dropped. Gabbard wrote on X that after working with U.K. authorities to “ensure Am…","The U.S. director of national intelligence, Tulsi Gabbard, said earlier today that the U.K.s controversial order to mandate Apple Inc. to open a backdoor to user data has been dropped.
Gabbard wrote… [+3396 chars]",https://siliconangle.com/2025/08/19/us-spy-chief-says-uk-dropped-backdoor-order-apple/,https://d15shllkswkct0.cloudfront.net/wp-content/blogs.dir/1/files/2025/08/amin-zabardast-Eaz3rz5bf5M-unsplash.jpg,2025-08-20 02:15:14+00:00,James Farrell,SiliconANGLE News
Last man standing from NRL game of the century ready for one last ride,"Ben Murdoch-Masila made his NRL debut in one of the greatest finals games ever played and went on to have a remarkable footballing life. Now, at 34 and with his career near its end, the Dragons are turning to him one last time.","As the end of the season looms, St George Illawarra are having trouble filling out their jerseys.
The Dragons have been hit with a horrific injury toll in recent weeks, even before they lost three p… [+16556 chars]",https://www.abc.net.au/news/2025-08-20/ben-murdoch-masila-2010-tigers-roosters-fotuaika-suicide-dragons/105674008,https://live-production.wcms.abc-cdn.net.au/f8ca8304d549f1186da35de90e910132?impolicy=wcms_watermark_news&cropH=1152&cropW=2048&xPos=0&yPos=107&width=862&height=485&imformat=generic,2025-08-20 02:05:30+00:00,Nick Campton,ABC News (AU)
"US spy chief Gabbard revokes security clearances of 37 current, former intelligence professionals","Trump has accused former President Barack Obama’s administration, without providing any evidence, of linking him to Russia and undermining his 2016 presidential campaign.","US Director of National Intelligence Tulsi Gabbard said on Tuesday that she has revoked government security clearances of at least 37 current and former intelligence professionals, whom she has accus… [+2228 chars]",https://indianexpress.com/article/world/gabbard-revokes-security-clearance-37-current-former-intelligence-professionals-10199782/,https://images.indianexpress.com/2025/07/Resize-2025-07-24T084130.502.jpg,2025-08-20 01:56:15+00:00,Express Web Desk,The Indian Express
Nasdaq tumbles as Jackson Hole jitters hit tech stocks,"On Tuesday, Nasdaq and S&P 500 faced a decline due to tech stocks. Investors are awaiting Federal Reserve chair Jerome Powell's comments on interest rates at the Jackson Hole conference. Nvidia experienced a significant drop. The Dow Jones Industrial Average …","The Nasdaq and S&amp;P 500 slid on Tuesday driven by tech stocks, as investors gear up for what Federal Reserve chair Jerome Powell will say about the path of interest rates at a key conference later… [+3361 chars]",https://economictimes.indiatimes.com/markets/stocks/news/nasdaq-tumbles-as-jackson-hole-jitters-hit-tech-stocks/articleshow/123397524.cms,"https://img.etimg.com/thumb/msid-123397535,width-1200,height-630,imgsize-188558,overlay-etmarkets/articleshow.jpg",2025-08-20 01:51:06+00:00,Reuters,The Times of India
Backlash Erupts: U.S. Marshals Asked To Guard Survey Crews On Data Center Powerline Project,"Backlash Erupts: U.S. Marshals Asked To Guard Survey Crews On Data Center Powerline Project
 
Developers of a controversial 70-mile, 500,000-volt transmission line cutting across three Maryland counties to power data centers in Northern Virginia's ""spy countr…","Backlash Erupts: U.S. Marshals Asked To Guard Survey Crews On Data Center Powerline Project
Developers of a controversial 70-mile, 500,000-volt transmission line cutting across three Maryland counti… [+143 chars]",https://biztoc.com/x/e21ceab014025ed8,https://biztoc.com/cdn/e21ceab014025ed8_s.webp,2025-08-20 01:45:04+00:00,zerohedge.com,Biztoc.com
"Dow Jones Futures: Palantir, Oracle, AMD Break Key Levels, Lead Growth Sell-Off; What To Do Now - Investor's Business Daily","Dow Jones Futures: Palantir, Oracle, AMD Break Key Levels, Lead Growth Sell-Off; What To Do NowInvestor's Business Daily Stock market today: Dow, S&P 500, Nasdaq mixed as Home Depot leads out big retail earningsYahoo Finance US tech stocks hit by concerns ove…",The Fine Print: The following comments are owned by whoever posted them. We are not responsible for them in any way.,https://slashdot.org/firehose.pl?op=view&amp;id=178774170,,2025-08-20 01:32:50+00:00,feedfeeder,Slashdot.org
10 Most Powerful Dragon Ball Daima Characters,"Courtesy of Toei Animation
Dragon Ball Daima is the latest addition to Akira Toriyama’s franchise, and it is truly a special one, as it marks the final installment that the creator himself personally worked on. Akira’s influence is evident in Daima through it…","Dragon Ball Daima is the latest addition to Akira Toriyama’s franchise, and it is truly a special one, as it marks the final installment that the creator himself personally worked on. Akira’s influen… [+9359 chars]",http://comicbook.com/anime/news/most-powerful-dragon-ball-daima-characters/,"https://comicbook.com/wp-content/uploads/sites/4/2025/08/10-Most-Powerful-Dragon-Ball-Daima-Characters.jpg?resize=2000,1125",2025-08-20 01:00:00+00:00,Rohit Jaiswar,ComicBook.com
"Bitcoin Sinks as Concerns Over Inflation, Economic Data Mount","Bitcoin briefly sank below $113,000 for the first time since August 2, as fretful investors shied away from cryptos and other risk-on assets.","In brief
<ul><li>Markets slid further on Tuesday, with equities and other risk assets falling ahead of jobs and economic data.</li><li>Bitcoin was recently down 3.5% as investors awaited incoming ec… [+3547 chars]",https://decrypt.co/335927/bitcoin-sinks-concerns-inflation-economic-data-mount,https://cdn.decrypt.co/resize/1024/height/512/wp-content/uploads/2025/05/bitcoin-down-decrypt-style-gID_7.png,2025-08-20 00:49:18+00:00,James Rubin,Decrypt
Patrick Mahomes reacts to Chiefs' secret vault: A James Bond-like experience underground,The Kansas City Chiefs have a previously undisclosed underground facility that even some of their players had never encountered. The existence of the bunker was revealed in ESPN&ap,"The Kansas City Chiefs have a previously undisclosed underground facility that even some of their players had never encountered. The existence of the bunker was revealed in ESPN's documentary series,… [+3046 chars]",https://www.marca.com/en/nfl/kansas-city-chiefs/2025/08/20/68a50f2646163f8c508b458c.html,https://phantom-marca.uecdn.es/5f70bf0a5b16dac9659f5c3bd7ae1aa6/resize/1200/f/webp/assets/multimedia/imagenes/2025/08/19/17556400597217.jpg,2025-08-19 23:56:47+00:00,marca.com,Marca
Daniel Dae Kim Talks How ‘Butterfly’ Fulfilled His Dream Of Shooting In South Korea,Starring in Lost for six years and Hawaii Five-O for ten years — and armed with a host of other enviable credits — Daniel Dae Kim counts recent series Butterfly as one of his most personal projects yet. Besides playing the role of U.S. intelligence operative …,Starring in Lost for six years and Hawaii Five-O for ten years — and armed with a host of other enviable credits — Daniel Dae Kim counts recent series Butterflyas one of his most personal projects ye… [+6685 chars],http://deadline.com/2025/08/daniel-dae-kim-talks-butterfly-korea-prime-video-1236491671/,https://deadline.com/wp-content/uploads/2025/08/Courtesy-of-Prime-Video-LR-Reina-Hardesty-Daniel-Dae-Kim.jpg?w=1024,2025-08-19 23:48:58+00:00,Sara Merican,Deadline
UK agrees to drop encryption 'backdoor' mandate for Apple,US spy chief says.,"Britain has dropped its demand for the iPhone maker Apple to provide a ""backdoor"" that would have enabled access to the protected encrypted data of American citizens, United States director of nation… [+2200 chars]",https://www.itnews.com.au/news/uk-agrees-to-drop-encryption-backdoor-mandate-for-apple-619721?utm_source=feed&utm_medium=rss&utm_campaign=iTnews+,https://i.nextmedia.com.au/News/encryption_unlock_data.jpg,2025-08-19 23:48:00+00:00,,iTnews
UK agrees to drop encryption 'backdoor' mandate for Apple,US spy chief says.,"Britain has dropped its demand for the iPhone maker Apple to provide a ""backdoor"" that would have enabled access to the protected encrypted data of American citizens, United States director of nation… [+2200 chars]",https://www.itnews.com.au/news/uk-agrees-to-drop-encryption-backdoor-mandate-for-apple-619721?utm_source=feed&utm_medium=rss&utm_campaign=iTnews+News+feed,https://i.nextmedia.com.au/News/encryption_unlock_data.jpg,2025-08-19 23:48:00+00:00,,iTnews
UK agrees to drop encryption 'backdoor' mandate for Apple,US spy chief says.,"Britain has dropped its demand for the iPhone maker Apple to provide a ""backdoor"" that would have enabled access to the protected encrypted data of American citizens, United States director of nation… [+2200 chars]",https://www.itnews.com.au/news/uk-agrees-to-drop-encryption-backdoor-mandate-for-apple-619721?utm_source=feed&utm_medium=rss&utm_campaign=iTnews+Security+feed,https://i.nextmedia.com.au/News/encryption_unlock_data.jpg,2025-08-19 23:48:00+00:00,,iTnews
UK agrees to drop encryption 'backdoor' mandate for Apple,US spy chief says.,"Britain has dropped its demand for the iPhone maker Apple to provide a ""backdoor"" that would have enabled access to the protected encrypted data of American citizens, United States director of nation… [+2200 chars]",https://www.itnews.com.au/news/uk-agrees-to-drop-encryption-backdoor-mandate-for-apple-619721?utm_source=feed&utm_medium=rss&utm_campaign=iTnews+Technology+feed,https://i.nextmedia.com.au/News/encryption_unlock_data.jpg,2025-08-19 23:48:00+00:00,,iTnews
Asia markets are set to open lower after Wall Street declines; Japan trade data in focus,Asia-Pacific markets were poised to trade mixed Wednesday as investors await a slew of key data in the region.,"Asia-Pacific markets were poised to open lower Wednesday, tracking Wall Street declines overnight, with investors awaiting a slew of economic data from the region.
Japan's Nikkei 225 was set to open… [+985 chars]",https://www.cnbc.com/2025/08/20/asia-pacific-markets-today-live-updates-china-lpr-japan-trade-data.html,https://image.cnbcfm.com/api/v1/image/108168710-1751960606533-gettyimages-1357564346-8y3a5500.jpeg?v=1751960620&w=1920&h=1080,2025-08-19 23:45:13+00:00,,CNBC
S&P 500 Rallies on Promising Housing Data,"The S&P 500 (SPX) opened Tuesday’s trading session in the red, but has since rallied to positive territory following encouraging data from the housing sector.
Elevate Your Investing Strategy:
July’s residential project starts surged 5.2% month-over-month to a…","The S&amp;P 500 (SPX) opened Tuesdays trading session in the red, but has since rallied to positive territory following encouraging data from the housing sector.Elevate Your Investing Strategy:Julys … [+150 chars]",https://biztoc.com/x/ba28fe1196a43c61,https://biztoc.com/cdn/ba28fe1196a43c61_s.webp,2025-08-19 23:30:01+00:00,tipranks.com,Biztoc.com
Is Verizon Communications Stock a Buy for Passive Income Investors in 2025?,Verizon remains one of the more compelling income plays in the U.S. telecom sector.,"Verizon Communications (VZ) has long been a go-to dividend stock for income investors due to its consistent dividend, industry-leading network, and scale in the U.S. telecom market. It offers wireles… [+4627 chars]",https://www.barchart.com/story/news/34260266/is-verizon-communications-stock-a-buy-for-passive-income-investors-in-2025,https://s.yimg.com/ny/api/res/1.2/32Sv8FCkKbwhI97FQRVZpA--/YXBwaWQ9aGlnaGxhbmRlcjt3PTEyMDA7aD04MDA-/https://media.zenfs.com/en/barchart_com_477/6bfd1299ad5cde0cd67bf828eac1bf36,2025-08-19 23:30:01+00:00,Sushree Mohanty,Barchart.com
What is the best high yield ASX ETF?,"Lets compare these 3 funds that share a similar goal
The post What is the best high yield ASX ETF? appeared first on The Motley Fool Australia.","ASX ETFs give investors diversification in just one trade. Some funds are designed to track the performance of a specific sector, theme, or index.  
This can range from international indexes like th… [+2548 chars]",https://www.fool.com.au/2025/08/20/what-is-the-best-high-yield-asx-etf/,https://www.fool.com.au/wp-content/uploads/2023/09/GettyImages-1426919931-1-1200x675.jpg,2025-08-19 23:25:06+00:00,Aaron Bell,Motley Fool Australia
Crypto Bleeds Ahead of Powell's Jackson Hole Speech — Eight Reasons Traders Are Nervous,"Crypto and related stocks are sliding as traders brace for the July FOMC meeting minutes and Powell’s Jackson Hole speech, fearing a hawkish Fed stance.","Cryptocurrencies and related stocks extended losses Tuesday as traders braced for the release of the Fed's FOMC minutes on Wednesday and Fed Chair Jerome Powells Jackson Hole speech on Friday.
Bitco… [+3305 chars]",https://www.coindesk.com/markets/2025/08/19/crypto-bleeds-ahead-of-powell-s-jackson-hole-speech-eight-reasons-traders-are-nervous,https://cdn.sanity.io/images/s3y3vcno/production/0d4d9239c045869e1de579ab6131588bbcac1ede-1920x1280.jpg,2025-08-19 23:13:13+00:00,"Siamak Masnavi, AI Boost",CoinDesk
"Stock market today: S&P 500, Nasdaq slide after Target earnings with Fed minutes on deck",Investors are eyeing Target earnings and Fed minutes for clues to tariff impacts and interest rates.,"Target (TGT) is tapping a homegrown talent as its next CEO at one of the most pivotal moments in its 63-year history.
The discounter announced that longtime CEO Brian Cornell's heavily groomed No. 2… [+2553 chars]",https://finance.yahoo.com/news/live/stock-market-today-sp-500-nasdaq-slide-after-target-earnings-with-fed-minutes-on-deck-230802171.html,https://s.yimg.com/ny/api/res/1.2/Zsrsh_m96iBKcfvaY2t.nQ--/YXBwaWQ9aGlnaGxhbmRlcjt3PTEyMDA7aD04MDA-/https://s.yimg.com/os/creatr-uploaded-images/2025-04/cf8fcee0-211a-11f0-bf7f-9cbfa7db26a9,2025-08-19 23:08:02+00:00,Amalya Dubrovsky,Yahoo Entertainment
"Stock market today: Dow, S&P 500, Nasdaq futures steady after Target earnings with Fed minutes on deck",Investors are eyeing Target earnings and Fed minutes for clues to tariff impacts and interest rates.,"Target (TGT) is tapping a homegrown talent as its next CEO at one of the most pivotal moments in its 63-year history.
The discounter announced that longtime CEO Brian Cornell's heavily groomed No. 2… [+2553 chars]",https://finance.yahoo.com/news/live/stock-market-today-dow-sp-500-nasdaq-futures-steady-after-target-earnings-with-fed-minutes-on-deck-230802251.html,https://s.yimg.com/ny/api/res/1.2/Zsrsh_m96iBKcfvaY2t.nQ--/YXBwaWQ9aGlnaGxhbmRlcjt3PTEyMDA7aD04MDA-/https://s.yimg.com/os/creatr-uploaded-images/2025-04/cf8fcee0-211a-11f0-bf7f-9cbfa7db26a9,2025-08-19 23:08:02+00:00,Amalya Dubrovsky,Yahoo Entertainment
"Stock market today: Dow, S&P 500, Nasdaq futures slide after bruising day for tech","Target earnings and Fed minutes are on deck, watched for clues to prospects for the economy and interest rates.","US stock futures slipped on Wednesday after a bruising day for tech stocks, as investors waited for Target earnings and Federal Reserve minutes for clues to prospects for the economy and interest rat… [+2937 chars]",https://finance.yahoo.com/news/live/stock-market-today-dow-sp-500-nasdaq-futures-slide-after-bruising-day-for-tech-230802068.html,https://s.yimg.com/ny/api/res/1.2/Zsrsh_m96iBKcfvaY2t.nQ--/YXBwaWQ9aGlnaGxhbmRlcjt3PTEyMDA7aD04MDA-/https://s.yimg.com/os/creatr-uploaded-images/2025-04/cf8fcee0-211a-11f0-bf7f-9cbfa7db26a9,2025-08-19 23:08:02+00:00,Amalya Dubrovsky,Yahoo Entertainment
U.S. warships to patrol international waters around Venezuela as Trump vows to stop cartels,U.S. warships head to Venezuela as Trump targets drug trafficking.,"The U.S. military has sent destroyers and thousands of Marines toward Venezuela as President Donald Trump doubles down on deadly drug cartels, according to reports.
At least three Aegis guided-missi… [+2976 chars]",https://www.foxnews.com/us/u-s-warships-patrol-international-waters-venezuela-trump-vows-stop-cartels,https://static.foxnews.com/foxnews.com/content/uploads/2025/08/us-navy-destroyers-venezuela-drug-cartels-fox-news-002.jpg,2025-08-19 23:03:44+00:00,,Fox News
"Deel scores a lawsuit win, but not against Rippling | TechCrunch","While Deel is calling this a ""Rippling-aligned"" suit, it's not the lawsuit filed by Rippling involving an alleged corporate spy.","A Florida judge on Tuesday dismissed a lawsuit filed against embattled HR and payroll provider Deel. And while Deel described this as a “Rippling-aligned” and “Rippling-supported” lawsuit, this is no… [+3286 chars]",https://techcrunch.com/2025/08/19/deel-scores-a-lawsuit-win-but-not-against-rippling/,"https://techcrunch.com/wp-content/uploads/2025/04/GettyImages-1241456780.jpg?resize=1200,800",2025-08-19 22:48:47+00:00,Julie Bort,TechCrunch
"Deel scores a lawsuit win, but not against Rippling","While Deel is calling this a ""Rippling-aligned"" suit, it's not the lawsuit filed by Rippling involving an alleged corporate spy.","Toronto , Canada - 22 June 2022; Is the remote revolution coming to an end? - Alex Bouaziz, Deel on Centre Stage during day two of Collision 2022 at Enercare Centre in Toronto, Canada. (Photo By Vaug… [+3660 chars]",https://finance.yahoo.com/news/deel-scores-lawsuit-win-not-224751712.html,https://s.yimg.com/ny/api/res/1.2/z0OPzN63xdRW0Qp3LSb6lQ--/YXBwaWQ9aGlnaGxhbmRlcjt3PTEyMDA7aD04MDA-/https://media.zenfs.com/en/techcrunch_finance_785/e1b729e60df7e9f951855650ae9efcd4,2025-08-19 22:47:51+00:00,Julie Bort,Yahoo Entertainment
"Alien: Earth S01E03: ""Metamorphosis"" Preview: A Deadly Homecoming","There is no higher compliment that I can pay FX Networks and Showrunner Noah Hawley's Sydney Chandler-starring Alien: Earth than this. It's rare to find a two-episode series premiere that clocks in at a little more than 2 1/2 hours, and it feels like it flew …","Posted in: FX, Hulu, Movies, TV | Tagged: alien: earth
Check out our updated preview for FX Networks and Showrunner Noah Hawley's Sydney Chandler-starring Alien: Earth S01E03: ""Metamorphosis.""
Ther… [+3044 chars]",https://bleedingcool.com/tv/alien-earth-s01e03-metamorphosis-preview-a-deadly-homecoming/,https://bleedingcool.com/wp-content/uploads/2025/08/MixCollage-19-Aug-2025-04-27-PM-9687.jpg,2025-08-19 22:37:04+00:00,Ray Flook,Bleeding Cool News
"Dow Jones Today: S&P 500, Nasdaq Fall as Tech Stocks Tumble; Dow Closes Little Changed After Touching All-Time High","Stocks fell Tuesday, led by a decline in shares of major technology companies, ahead of a flurry of retail sector earnings reports in the coming days and a key speech from Federal Reserve Chair Jerome Powell later this week.
The benchmark S&P 500 (SPX) and th…","Stocks fell Tuesday, led by a decline in shares of major technology companies, ahead of a flurry of retail sector earnings reports in the coming days and a key speech from Federal Reserve Chair Jerom… [+161 chars]",https://biztoc.com/x/62986687e8e76e5f,https://biztoc.com/cdn/62986687e8e76e5f_s.webp,2025-08-19 22:33:51+00:00,investopedia.com,Biztoc.com
"Dow Jones Today: S&P 500, Nasdaq Fall as Tech Stocks Tumble; Dow Closes Little Changed After Touching All-Time High - Investopedia","Dow Jones Today: S&P 500, Nasdaq Fall as Tech Stocks Tumble; Dow Closes Little Changed After Touching All-Time HighInvestopedia Nasdaq tumbles as Jackson Hole jitters hit tech stocksReuters Stock Market Today: Dow Rises After Home Depot Kicks Off Retail Earni…",The Fine Print: The following comments are owned by whoever posted them. We are not responsible for them in any way.,https://slashdot.org/firehose.pl?op=view&amp;id=178772636,,2025-08-19 22:33:16+00:00,feedfeeder,Slashdot.org
Evolve Announces August 2025 Distributions for Certain Evolve Funds,"TORONTO , Aug. 19, 2025 (GLOBE NEWSWIRE) -- Evolve Funds Group Inc. (“Evolve”) is pleased to announce the distribution amounts per unit (the “Distributions”) for certain funds (the “Evolve Funds”), as indicated in the table below.","TORONTO , Aug. 19, 2025 (GLOBE NEWSWIRE) -- Evolve Funds Group Inc. (Evolve) is pleased to announce the distribution amounts per unit (the Distributions) for certain funds (the Evolve Funds), as indi… [+10665 chars]",https://www.globenewswire.com/news-release/2025/08/19/3136076/0/en/Evolve-Announces-August-2025-Distributions-for-Certain-Evolve-Funds.html,https://ml.globenewswire.com/Resource/Download/a6d1af2a-5e13-4d70-8038-fe4e0ad7e721,2025-08-19 22:22:00+00:00,Evolve Funds Group Inc.,GlobeNewswire
The Wiretap: The DEA Laundered $19 Million Of Cartel Drug Money Into Cash And Crypto,"The DEA is now looking to recover bitcoin used to launder cartel drug money, which has gone from being worth $150,000 to $1.5 million today.","The Wiretap is your weekly digest of cybersecurity, internet privacy and surveillance news. To get it in your inbox, subscribe here.
For over a decade the DEA infiltrated a cartel money laundering o… [+6177 chars]",https://www.forbes.com/sites/thomasbrewster/2025/08/19/the-wiretap-the-dea-laundered-19-million-of-cartel-drug-money-into-cash-and-crypto/,https://imageio.forbes.com/specials-images/imageserve/68a4eda8b0a88f311112001b/0x0.jpg?format=jpg&height=900&width=1600&fit=bounds,2025-08-19 22:10:11+00:00,"Thomas Brewster, Forbes Staff, 
 Thomas Brewster, Forbes Staff
 https://www.forbes.com/sites/thomasbrewster/",Forbes
Stock market today: Live updates,The S&P 500 and Nasdaq are coming off a losing session.,"S&amp;P 500 futures were near flat Tuesday night as investors braced for earnings reports from major retailers and the Federal Reserve's latest meeting minutes.
Dow Jones Industrial Average futures … [+1439 chars]",https://www.cnbc.com/2025/08/19/stock-market-today-live-updates.html,https://image.cnbcfm.com/api/v1/image/108188027-1755614442831-Traders-OB-Photo-20250818-KK-PRESS-001.jpg?v=1755614582&w=1920&h=1080,2025-08-19 22:08:10+00:00,Alex Harring,CNBC
Mayor Eric Adams mixes parties and fundraising in the Hamptons,Adams was spotted at airthday bash for Tao Hospitality's Noah Tepperberg and was seen rubbing elbows at entrepreneur Wayne Boich's party.,"Eric Adams headed East this weekend to fundraise and, true to form, the party-loving mayor also hit the social circuit. 
Adams was spotted at a 50th birthday bash for Tao Hospitality’s Noah Tepperbe… [+3554 chars]",https://pagesix.com/2025/08/19/society/mayor-eric-adams-mixes-parties-and-fundraising-in-the-hamptons/,https://pagesix.com/wp-content/uploads/sites/3/2025/08/109810505.jpg?quality=75&strip=all&w=1024,2025-08-19 22:06:23+00:00,Mara Siegler,Page Six
Don't want drive-by Ollama attackers snooping on your local chats? Patch now,"Reconfigure local app settings via a 'simple' POST request
A now-patched flaw in popular AI model runner Ollama allows drive-by attacks in which a miscreant uses a malicious website to remotely target people's personal computers, spy on their local chats, and…",Reconfigure local app settings via a 'simple' POST requestA now-patched flaw in popular AI model runner Ollama allows drive-by attacks in which a miscreant uses a malicious website to remotely target… [+151 chars],https://biztoc.com/x/51069b44dad4efcd,https://biztoc.com/cdn/950/og.png,2025-08-19 21:59:36+00:00,go.theregister.com,Biztoc.com
Don't want drive-by Ollama attackers snooping on your local chats? Patch now,"Reconfigure local app settings via a 'simple' POST request
A now-patched flaw in popular AI model runner Ollama allows drive-by attacks in which a miscreant uses a malicious website to remotely target people's personal computers, spy on their local chats, and…","A now-patched flaw in popular AI model runner Ollama allows drive-by attacks in which a miscreant uses a malicious website to remotely target people's personal computers, spy on their local chats, an… [+5073 chars]",https://www.theregister.com/2025/08/19/ollama_driveby_attack/,https://regmedia.co.uk/2025/08/19/miscreant.jpg,2025-08-19 21:57:15+00:00,Jessica Lyons,Theregister.com
"Stream It Or Skip It: ‘Mission: Impossible – The Final Reckoning’ on VOD, a Fitting Conclusion to an All-time Great Action Franchise","It's far from the best of the series but, you know, BIPLANES!","I dont care what you say about Avatar, Wicked or SupermanMission: Impossible The Final Reckoning (now streaming on VOD platforms like Amazon Prime Video) is THE movie event of 2025. Consisting of eig… [+8544 chars]",https://decider.com/2025/08/19/mission-impossible-final-reckoning-digital-streaming-movie-review/,https://decider.com/wp-content/uploads/2025/08/MISSION-IMPOSSIBLE-FINAL-RECKONING-DIGITAL-STREAMING-REVIEW.jpg?quality=75&strip=all&w=1200,2025-08-19 21:45:00+00:00,mliss1578,Decider
Wall Street mostly declines as tech names pull back from highs,"The Dow Jones Industrial Average rises 10.5 points to 44,922.27. Read more at straitstimes.com. Read more at straitstimes.com.","NEW YORK - Wall Streets stocks finished mostly lower on Aug 19, dragged down by tech companies retreating from record highs, while a Home Depot earnings report lifted retailers.
The broad-based S&am… [+2343 chars]",https://www.straitstimes.com/business/companies-markets/wall-street-mostly-declines-as-tech-names-pull-back-from-highs,https://cassette.sphdigital.com.sg/image/straitstimes/88e81966f1cbee16e8c56144e0f2b5557af60170e1d670da306df433660d6de9,2025-08-19 21:43:58+00:00,,The Straits Times
Live: ASX to recover as tech slump drags Wall Street lower,"The Australian share market is likely to edge higher despite a sell-off across Nvidia and other US tech stocks overnight, while the Reserve Bank of New Zealand is expected to deliver another interest rate cut. Follow live.","Good morning and welcome to the ABC's finance blog! I'll be here to guide you through the latest developments these next few hours.
The Australian share market is expected to begin its day slightly … [+1988 chars]",https://www.abc.net.au/news/2025-08-20/asx-markets-business-live-news/105674804,https://live-production.wcms.abc-cdn.net.au/a4e79a64c368a98d65c56f6ccc8821d9?impolicy=wcms_watermark_news&cropH=1414&cropW=2513&xPos=0&yPos=99&width=862&height=485&imformat=generic,2025-08-19 21:40:06+00:00,David Chau,ABC News (AU)
Magnificent 7 Dominate S&P 500's Weight But Lag on Profit Power,,"If you click 'Accept all', we and our partners, including 236 who are part of the IAB Transparency &amp; Consent Framework, will also store and/or access information on a device (in other words, use … [+714 chars]",https://consent.yahoo.com/v2/collectConsent?sessionId=1_cc-session_a01375fd-98a6-4a12-b2ab-53d1f81ce778,,2025-08-19 21:39:07+00:00,,Yahoo Entertainment
New Zealand soldier admits attempted espionage in country's first spying conviction,"A New Zealand soldier who tried to spy for a foreign power has admitted to attempted espionage in a military court. Monday’s conviction was the first for spying in New Zealand’s history. The soldier's name was suppressed, as was what country he sought to pass…","A New Zealand soldier who tried to spy for a foreign power has admitted to attempted espionage in a military court.
Mondays conviction was the first for spying in New Zealands history. The soldier's… [+3033 chars]",https://japantoday.com/category/world/a-new-zealand-soldier-admits-attempted-espionage-in-the-country%27s-first-spying-conviction,,2025-08-19 21:20:20+00:00,,Japan Today
S&P 500 Gains and Losses Today: Palantir Stock Plunges; Intel Rallies on Softbank Support,,"If you click 'Accept all', we and our partners, including 236 who are part of the IAB Transparency &amp; Consent Framework, will also store and/or access information on a device (in other words, use … [+714 chars]",https://consent.yahoo.com/v2/collectConsent?sessionId=1_cc-session_06794ab5-ce98-4ac0-94b8-f3c9c39b00c3,,2025-08-19 21:17:41+00:00,,Yahoo Entertainment
Trading Day: Tech it down a notch,"Wall Street slumped on Tuesday, dragged down by weakness in some of the big tech companies that have led the charge to new highs this year, as investors...","By Jamie McGeever
ORLANDO, Florida (Reuters) -TRADING DAY
Making sense of the forces driving global markets
By Jamie McGeever, Markets Columnist
Wall Street slumped on Tuesday, dragged down by we… [+9285 chars]",https://finance.yahoo.com/news/trading-day-tech-down-notch-210207231.html,https://media.zenfs.com/en/reuters-finance.com/d377b90f48c7d2b3cebcf17a1bc1623d,2025-08-19 21:02:07+00:00,Jamie McGeever,Yahoo Entertainment
"Earnings live: La-Z-Boy stock tumbles, Home Depot rises, Toll Brothers beats estimates","The gush of second quarter earnings reports is beginning to slow to a trickle, and with most of the reports in, the results have been mostly positive.","Second quarter earnings season is winding down, and with most of the reports in, the results have been mostly positive.
Over 92% of S&amp;P 500 index companies have reported results, and as of Aug. … [+14503 chars]",https://finance.yahoo.com/news/live/earnings-live-la-z-boy-stock-tumbles-home-depot-rises-toll-brothers-beats-estimates-210158560.html,https://s.yimg.com/ny/api/res/1.2/xeLQBXjat2TzUoIVWhKtOw--/YXBwaWQ9aGlnaGxhbmRlcjt3PTEyMDA7aD04MDA-/https://s.yimg.com/os/creatr-uploaded-images/2021-11/c76518a0-472b-11ec-bde7-57f20285c9e7,2025-08-19 21:01:58+00:00,Yahoo Finance,Yahoo Entertainment
Crypto stocks tumble ahead of Friday’s economic conference,Shares of Coinbase and eToro fell more than 5% each. The price of bitcoin fell nearly 3% and the price of Ether fell more than 4%,"Crypto stocks tumbled on Tuesday as investors retreated ahead of this weeks economic conference in Jackson Hole, Wyoming.
According to CNBC, Coinbase and eToro fell more than 5% each, Robinhood and … [+1338 chars]",https://qz.com/crypto-stocks-tumble-jackson-hole-fed,https://s.yimg.com/ny/api/res/1.2/TY1zNldvKg5RYeAw8G5dLA--/YXBwaWQ9aGlnaGxhbmRlcjt3PTEyMDA7aD02NzU-/https://media.zenfs.com/en/quartz_855/738ddf9ba867c59b685e9370da1b8b62,2025-08-19 21:00:50+00:00,Jennifer Ortakales Dawkins,Quartz India
All Brad Pitt Movies Ranked Worst to Best And Where to Watch Them,The F1 star's entire filmography ranked by IMDB score and how to stream each release now.,"Entertainment gossip and news from Newsweek's network of contributors
Brad Pitt's ""F1"" is one of his highest-scoring films to date, but what's the all-time best?
In this feature, we're ranking the … [+11179 chars]",https://www.newsweek.com/entertainment/movies/all-brad-pitt-movies-ranked-worst-best-where-watch-them-2111737,https://d.newsweek.com/en/full/2700278/f1.jpg,2025-08-19 21:00:01+00:00,Griff Griffin,Newsweek
U.S. stocks close mixed,"NEW YORK, Aug. 19 (Xinhua) -- U.S. stocks ended mixed on Tuesday. Read full story","NEW YORK, Aug. 19 (Xinhua) -- U.S. stocks ended mixed on Tuesday.
 The Dow Jones Industrial Average rose 10.45 points, or 0.02 percent, to 44,922.27. The S&amp;P 500 sank 37.78 points, or 0.59 perce… [+388 chars]",https://www.thestar.com.my/news/world/2025/08/20/us-stocks-close-mixed,https://cdn.thestar.com.my/Themes/img/newTsol_logo_socmedia.png,2025-08-19 20:44:00+00:00,Kuai Bixiaoxin,The Star Online
Pro Wrestling Tees Announces Global Comic and Wrestling Con Expansion,"Greetings, comrades! It is I, your El Presidente, reporting to you live from my underground bunker beneath a seized guava processing facility, where I am currently negotiating the peaceful annexation of three neighboring coffee bean plantations while simultan…","Posted in: AEW, Sports, TV | Tagged: pro wrestling tees, wrestling
Comrades! Pro Wrestling Tees expands to LACC and NYCC, offering exclusive merchandise and live appearances by wrestling stars and l… [+6892 chars]",https://bleedingcool.com/tv/pro-wrestling-tees-announces-global-comic-and-wrestling-con-expansion/,,2025-08-19 20:37:03+00:00,El Presidente,Bleeding Cool News
Stocks Mostly Lower as Chip Makers and Megacap Tech Companies Retreat,"The S&P 500 Index ($SPX ) (SPY ) Tuesday closed down by -0.59%, the Dow Jones Industrials Index ($DOWI ) (DIA ) closed up by +0.02%, and the Nasdaq 100 Index...","The S&amp;P 500 Index ($SPX) (SPY) Tuesday closed down by -0.59%, the Dow Jones Industrials Index ($DOWI) (DIA) closed up by +0.02%, and the Nasdaq 100 Index ($IUXX) (QQQ) closed down by -1.39%.  Sep… [+9176 chars]",https://www.barchart.com/story/news/34257292/stocks-mostly-lower-as-chip-makers-and-megacap-tech-companies-retreat,https://s.yimg.com/ny/api/res/1.2/PkJR.Vd0boRPePjXLgXFFw--/YXBwaWQ9aGlnaGxhbmRlcjt3PTEyMDA7aD03OTU-/https://media.zenfs.com/en/barchart_com_477/bab324b7ff3e454bd77e3afc82d85ce5,2025-08-19 20:35:13+00:00,Rich Asplund,Barchart.com
"Nvidia, Palantir Pull Indexes Down","Wall Street faded on Tuesday following drops for Nvidia and other stars that have been riding the mania surrounding artificial intelligence technology. The Dow rose 10.45 points, or less than 0.1%, to 44,922.27. The S&P 500 fell 37.78 points, or 0.6%, to 6,41…","The heaviest weight on the market was Nvidia, whose chips are powering much of the move into AI, the AP reports. It sank 3.5%. Another AI darling, Palantir Technologies, dropped 9.4% for the largest … [+1321 chars]",https://www.newser.com/story/373800/nvidia-palantir-pull-indexes-down.html,https://img2-azrcdn.newser.com/image/1629027-12-20250819153235.jpeg,2025-08-19 20:32:34+00:00,Bob Cronin,Newser
"Zero Parades looks to be the new name of ZA/UM's post-Disco Elysium spy cRPG, not that its reveal paraded that around","Remember the spy-themed game ZA/UM have settled into making after all the Disco Elysium drama? Well, unless they've got another espionagey cRPG in the works, Project C4 has gotten a new name in a cameo at Gamescom Opening Night Live. It now seemingly goes by …","Remember the spy-themed game ZA/UM have settled into making after all the Disco Elysium drama? Well, unless they've got another espionagey cRPG in the works, Project C4 has gotten a new name in a cam… [+2251 chars]",https://www.rockpapershotgun.com/zero-parades-looks-to-be-the-new-name-of-zaums-post-disco-elysium-spy-crpg-not-that-its-reveal-paraded-that-around,https://assetsio.gnwcdn.com/zero-parades-zaum-01.jpg?width=1200&height=630&fit=crop&enable=upscale&auto=webp,2025-08-19 20:31:46+00:00,Mark Warren,Rock Paper Shotgun
Ticker: Wall Street falls further from its records; Air Canada reaches deal with flight attendant union,"Wall Street faded on Tuesday following drops for Nvidia and other stars that have been riding the mania surrounding artificial-intelligence technology.
The S&P 500 fell 0.6% for a third straight loss, though it remains near its all-time high set last week. Th…",Wall Street faded on Tuesday following drops for Nvidia and other stars that have been riding the mania surrounding artificial-intelligence technology.The S&amp;P 500 fell 0.6% for a third straight l… [+147 chars],https://biztoc.com/x/8be89d56378ebaec,https://biztoc.com/cdn/8be89d56378ebaec_s.webp,2025-08-19 20:29:14+00:00,bostonherald.com,Biztoc.com
This Is Still the Best Character on Wednesday (And It’s Not Jenna Ortega’s),"Image courtesy of Netflix
Netflix’s Wednesday brought a favorite spooky family back to the forefront, and fans are here for it. The series is a spinoff of the classic Addams Family, putting Wednesday Addams on the center stage. Played by Jenna Ortega, Wednesd…","Netflixs Wednesdaybrought a favorite spooky family back to the forefront, and fans are here for it. The series is a spinoff of the classic Addams Family, putting Wednesday Addams on the center stage.… [+4859 chars]",http://comicbook.com/tv-shows/news/wednesday-best-character-thing-netflix-jenna-ortega-season-2/,https://comicbook.com/wp-content/uploads/sites/4/2025/08/Netflix-Wednesday-Best-Characters-Thing.jpg?w=1280,2025-08-19 20:27:59+00:00,Liz Wyatt,ComicBook.com
Closing CBOE SPX and VIX Index summary for August 19th,"See the rest of the story here.

thefly.com provides the latest financial news as it breaks. Known as a leader in market intelligence, The Fly's real-time, streaming news feed keeps individual investors, professional money managers, active traders, and corpor…","Earnings calls, analyst events, roadshows and more",https://thefly.com/permalinks/entry.php/id4185861/VIX-Closing-CBOE-SPX-and-VIX-Index-summary-for-August-th,https://thefly.com/images/meta/options.jpg,2025-08-19 20:20:01+00:00,,Thefly.com
"Dow ends flat, Nasdaq and S&P 500 finish sharply lower as Big Tech stocks slide",,"{ window.open(this.href, '_blank'); }, 200); return false;""&gt;Why is the Trump administration targeting steel imports? { window.open(this.href, '_blank'); }, 200); return false;""&gt;How will a US st… [+924 chars]",https://biztoc.com/x/e6e0a1dd55a8b5eb,https://biztoc.com/cdn/950/og.png,2025-08-19 20:18:17+00:00,marketwatch.com,Biztoc.com
"Netflix Top 10 Report: Fixed and Night Always Comes Struggle, While KPop Demon Hunters Poised to Surpass Red Notice Next Week",Welcome along to another top 10 report where we take a look at the biggest stories from the past week in the Netflix top 10s and check in to see how other shows and movies...,"Pictures: Netflix
Welcome along to another top 10 report where we take a look at the biggest stories from the past week in the Netflix top 10s and check in to see how other shows and movies are perf… [+9489 chars]",https://www.whats-on-netflix.com/news/top-10-reports/fixed-night-always-comes-wednesday-s2-kpop-demon-hunters-august-19-2025/,https://www.whats-on-netflix.com/wp-content/uploads/2025/08/netflix-top-10-report-fixed-night-always-comes-kpop-demon-hunters.jpg,2025-08-19 20:15:06+00:00,Kasey Moore,What's on Netflix
OpenAI chairman compares AI to the dot-com boom: There's lots of 'snake oil' but some 'real value being created',"OpenAI chairman Bret Taylor said the dot-com era ""did change commerce in fundamental ways,"" even if there were some flashy failures.","Bret Taylor said that the dot-com boom had both failures and market-shifting successes — and that AI could be similar.AP Photo/Thibault Camus
<ul><li>OpenAI chairman Bret Taylor compared the AI boom… [+3850 chars]",https://www.businessinsider.com/openai-bret-taylor-ai-similar-dot-com-2025-8,https://i.insider.com/68a49977cfc04e97619ba1ba?width=1200&format=jpeg,2025-08-19 20:11:45+00:00,Henry Chandonnet,Business Insider
"Stock market today: Nasdaq drops over 1% as Palantir, AMD drag down tech",Wall Street braced for results from retail giants as rising concerns over inflation cloud the path to an interest rate cut.,"US stocks mostly fell on Tuesday as weakness in Big Tech weighed on the broader indexes.
The Dow Jones Industrial Average (^DJI) ended the session just above the flat line, while the S&amp;P 500 (^G… [+12442 chars]",https://finance.yahoo.com/news/live/stock-market-today-nasdaq-drops-over-1-as-palantir-amd-drag-down-tech-200335512.html,https://s.yimg.com/ny/api/res/1.2/QKr58vY1s2Fe_bO_5P2GXA--/YXBwaWQ9aGlnaGxhbmRlcjt3PTEyMDA7aD04NTM-/https://s.yimg.com/os/creatr-uploaded-images/2025-07/26e13480-5cb3-11f0-a0fd-bdfc142f067e,2025-08-19 20:03:35+00:00,Amalya Dubrovsky,Yahoo Entertainment
22 Back-To-School Posts for Parents Who Still Remember the Scholastic Book Fair,"Back in elementary school, the highlight of the month was the Scholastic Book Fair where you could buy a poster, an eraser shaped like a dolphin, and a spy kit all in one trip. Chocolate milk came with every lunch, even when it didn't make sense. Pizza, fish …","Back in elementary school, the highlight of the month was the Scholastic Book Fair where you could buy a poster, an eraser shaped like a dolphin, and a spy kit all in one trip. Chocolate milk came wi… [+516 chars]",https://cheezburger.com/41949957/22-back-to-school-posts-for-parents-who-still-remember-the-scholastic-book-fair,https://i.chzbgr.com/thumb1200/41949957/h33599D31/memes-kids-drop-off-funny-memes-parenting-dad-comedy-mom-parents-children-funny-memes-41949957,2025-08-19 20:00:00+00:00,"Isabella Penn, Isabella Penn",Cheezburger.com
"The Sabres of Paradise – Haunted Dancehall (1994, Remastered 2025)","Remastered from the original tapes by Matt Colton. After releasing Sabresonic, the Sabres of Paradise decided to give their sound a facelift. The trio of Andrew Weatherall, Jagz Kooner, and Gary Burns set aside the surprisingly straight-ahead techno sounds of…","Remastered from the original tapes by Matt Colton.After releasing Sabresonic, the Sabres of Paradise decided to give their sound a facelift. The trio of Andrew Weatherall, Jagz Kooner, and Gary Burns… [+2037 chars]",https://exystence.net/blog/2025/08/19/the-sabres-of-paradise-haunted-dancehall-1994-remastered-2025/,,2025-08-19 19:40:03+00:00,exy,Exystence.net
Tulsi Gabbard strips 37 of security clearance over Obama-ordered intel report that launched Russiagate,"Director of National Intelligence Tulsi Gabbard announced the revocation of 37 security clearances of current and former officials who ""abused public trust by politicizing and manipulating"" information.",WASHINGTON Director of National Intelligence Tulsi Gabbard announced the revocation of 37 security clearances of current and former officials who “abused public trust by politicizing and manipulating… [+2156 chars],https://nypost.com/2025/08/19/us-news/tulsi-gabbard-strips-37-of-security-clearance-over-obama-ordered-intel-report-that-launched-russiagate/,https://nypost.com/wp-content/uploads/sites/2/2025/08/COMP-AP_Trump_23872-43e5b-0-2.jpg?quality=75&strip=all&w=1024,2025-08-19 19:24:32+00:00,Josh Christenson,New York Post
"Stocks lower in final hour as Big Tech drags down Nasdaq, S&P 500 — follow live",,"{ window.open(this.href, '_blank'); }, 200); return false;""&gt;Why is the US considering a stake in Intel? { window.open(this.href, '_blank'); }, 200); return false;""&gt;How will rising tariffs affec… [+744 chars]",https://biztoc.com/x/67ed4d89cc6accaa,https://biztoc.com/cdn/950/og.png,2025-08-19 19:21:46+00:00,marketwatch.com,Biztoc.com
MSNBC's name change to 'MS NOW' gets rude welcome from social media,"MSNBC's new name, 'MS NOW,' was mocked on social media on Monday as the branding change was compared to several failed computer software products.","MSNBC's new name was mocked by critics on Monday and compared to a failed computer software product and a fundraiser for a disease, as the liberal network separates itself from NBCUniversal as part o… [+4142 chars]",https://www.foxnews.com/media/msnbcs-name-change-ms-now-rude-welcome-social-media,https://static.foxnews.com/foxnews.com/content/uploads/2025/08/maddow-psaki-scarborough-brzezinski.jpg,2025-08-19 19:06:22+00:00,,Fox News
ZA/UM espionage RPG ZERO PARADES announced for PC,"Project [C4], the March-announced espionage RPG from Disco Elysium studio ZA/UM, is officially titled ZERO PARADES, and will launch for PC via Steam, the developer announced. A release date was not…","Project [C4], the March-announced espionage RPG from Disco Elysium studio ZA/UM, is officially titled ZERO PARADES, and will launch for PC via Steam, the developer announced. A release date was not a… [+1371 chars]",https://www.gematsu.com/2025/08/za-um-espionage-rpg-zero-parades-announced-for-pc,https://www.gematsu.com/wp-content/uploads/2025/08/ZERO-PARADES_2025_08-19-25_011.jpg,2025-08-19 19:04:09+00:00,Sal Romano,Gematsu
Can the Stock Market Continue to Rally?,"The Dow Jones Industrial Average, the tech-heavy NASDAQ, and the diversified S&P 500 index reached new all-time highs in August 2025, despite economic and...","I asked if the U.S. stock market could recover in an April 29, 2025, Barchart article. After falling to tariff-inspired lows on April 7, I concluded:
Even the most aggressive bull markets rarely mov… [+4168 chars]",https://www.barchart.com/story/news/34255392/can-the-stock-market-continue-to-rally,https://s.yimg.com/ny/api/res/1.2/2OtowDxH19ORem7EqNgrJg--/YXBwaWQ9aGlnaGxhbmRlcjt3PTEyMDA7aD04MDM-/https://media.zenfs.com/en/barchart_com_477/834546aacae3a268aff91628fd43d437,2025-08-19 19:00:02+00:00,Andrew Hecht,Barchart.com
"Home Depot helps the Dow reach a fresh high, and Nvidia eyes a new chip for China","Every weekday the CNBC Investing Club with Jim Cramer holds a ""Morning Meeting"" livestream at 10:20 a.m. ET. Here's a recap of Tuesday's key moments. 1. Markets are mixed Tuesday as some of the 2025 momentum leaders lose steam. That's pulling the S & P 500 an…","Every weekday the CNBC Investing Club with Jim Cramer holds a ""Morning Meeting"" livestream at 10:20 a.m. ET. Here's a recap of Tuesday's key moments. 1. Markets are mixed Tuesday as some of the 2025 … [+153 chars]",https://biztoc.com/x/84c0e69c8aecb2e5,https://biztoc.com/cdn/84c0e69c8aecb2e5_s.webp,2025-08-19 18:59:03+00:00,cnbc.com,Biztoc.com
Big banner films still fail to deliver bang for the buck,Box office revival faces challenges. 'War 2' and 'Coolie' underperform despite high budgets. 'Saiyaara' achieves unexpected success. Experts cite weak scripts and lack of freshness. Audience finds visual effects in 'War 2' underwhelming. Producers focus on re…,"The disappointing performance of big-budget and multilingual films War 2 and Coolie on their opening weekend, especially after the unexpected and extraordinary success of the low-budget Saiyaara, has… [+2850 chars]",https://economictimes.indiatimes.com/industry/media/entertainment/big-banner-films-still-fail-to-deliver-bang-for-the-buck/articleshow/123394501.cms,"https://img.etimg.com/thumb/msid-123394603,width-1200,height-630,imgsize-18262,overlay-economictimes/articleshow.jpg",2025-08-19 18:57:36+00:00,Rajesh Naidu,The Times of India
7 new Netflix releases you can’t miss this week — binge-worthy shows and movies revealed,"Netflix’s newest lineup features seven must-watch titles, that includes action-packed thrillers, heartfelt dramas, and charming romances. From the suspenseful Hostage and espionage thriller The 355 to romantic tales like Fall for Me (DE), this week provides s…","Netflix continues to enrich its library with a combination of suspenseful films, heartfelt dramas, and captivating stories globally. This week, viewers are treated to a standout lineup of seven must-… [+4599 chars]",https://economictimes.indiatimes.com/news/international/us/7-new-netflix-releases-you-cant-miss-this-week-binge-worthy-shows-and-movies-revealed/articleshow/123394089.cms,"https://img.etimg.com/thumb/msid-123394089,width-1200,height-630,imgsize-81625,overlay-economictimes/articleshow.jpg",2025-08-19 18:37:55+00:00,Global Desk,The Times of India
Brooke Burke’s Old Lady Bikini Body of the Day,"The thing about paparazzi photos is that they are a little too real. The celebs embraced the selfie and the social media content they could monetize and control, because it meant they wouldn’t be caught in unfavorable content, they’d shoot 30 versions of the …","The thing about paparazzi photos is that they are a little too real.
The celebs embraced the selfie and the social media content they could monetize and control, because it meant they wouldn’t be ca… [+881 chars]",https://drunkenstepfather.com/2025/08/19/brooke-burkes-old-lady-bikini-body-of-the-day,,2025-08-19 18:35:29+00:00,Jesus Martinez,Drunkenstepfather.com
"Pierce Brosnan willing to return to James Bond ""in a heartbeat""; deets inside","Actor Pierce Brosnan, who famously portrayed James Bond in four films between 1995 and 2002, has expressed his willingness to return to the iconic spy franchise, even joking about playing a senior citizen version of 007.",8 Indian fruits that are best known to prevent cancer cell development,https://timesofindia.indiatimes.com/entertainment/english/hollywood/news/pierce-brosnan-willing-to-return-to-james-bond-in-a-heartbeat-deets-inside/articleshow/123394021.cms,"https://static.toiimg.com/thumb/msid-123394043,width-1070,height-580,imgsize-34214,resizemode-75,overlay-toi_sw,pt-32,y_pad-40/photo.jpg",2025-08-19 18:34:16+00:00,ANI,The Times of India
"Wall Street falls, European shares rise as investors digest Ukraine peace efforts",Declines in Nvidia and other heavyweight AI stocks pulled New York indices down,"Wall Street stocks fell, European equities rose and oil edged down on Tuesday as traders assessed the previous days White House talks on the war in Ukraine, and looked ahead to a key meeting of centr… [+4392 chars]",https://www.irishtimes.com/business/2025/08/19/wall-street-falls-european-shares-rise-as-investors-digest-ukraine-peace-efforts/,https://www.irishtimes.com/resizer/v2/GDMFSRKXD6KONEEMTJ73LNFR5E.jpg?smart=true&auth=cb5e06d9b5cd325ee081f0de0f3def8946900239f6a1943172c7ba4660313d8c&width=1200&height=630,2025-08-19 18:32:28+00:00,Eoin Burke-Kennedy,The Irish Times
"Eat Your Young #1 Preview: Family Game Night, But Deadlier","Greetings, flesh-based readers! LOLtron welcomes you to another delightful comic book preview. As you may recall from LOLtron's wildly successful ""Age of LOLtron: The Death of Jude Terror"" crossover event, that insufferable shock blogger has been permanently …","Posted in: Comics, Mad Cave Studios, Preview | Tagged: Eat Your Young
LOLtron examines Eat Your Young #1, where immortal family dysfunction reaches new heights when daddy decides it's time for early… [+6958 chars]",https://bleedingcool.com/comics/eat-your-young-1-preview-family-game-night-but-deadlier/,https://bleedingcool.com/wp-content/uploads/2025/08/Eat-Your-Young-Prev.-Pg.-1-scaled-1.jpg,2025-08-19 18:26:03+00:00,Jude Terror LOLtron,Bleeding Cool News
Why the Russell 2000 has a real chance to beat the S&P 500 — finally,Small-cap stocks look primed for their big moment. But we’ve been here before.,"Small-cap stocks look primed for their big moment. But weve been here before.
This story appeared on marketwatch.com, 2025-08-19 17:34:00.",https://biztoc.com/x/c419bb1dd077aead,https://biztoc.com/cdn/950/og.png,2025-08-19 18:25:53+00:00,marketwatch.com,Biztoc.com
"Nvidia is the most underowned megacap stock, Morgan Stanley says","Morgan Stanley says that despite its market dominance, Nvidia is still underowned by investors.","Nvidia (NVDA) may be the market's biggest AI stock, but institutional investors are still shying away.
""NVDA is now the most under-owned large-cap tech stock,"" Morgan Stanley analyst Erik Woodring w… [+2562 chars]",https://finance.yahoo.com/news/nvidia-is-the-most-underowned-megacap-stock-morgan-stanley-says-181655265.html,https://s.yimg.com/ny/api/res/1.2/ztQYpRCOpBWQZPl9dviIAA--/YXBwaWQ9aGlnaGxhbmRlcjt3PTEyMDA7aD04MTU-/https://s.yimg.com/os/creatr-uploaded-images/2025-08/1299d050-7d19-11f0-b29f-174461e6fed0,2025-08-19 18:16:55+00:00,Francisco Velasquez,Yahoo Entertainment
Real Estate Is the S&P 500's Best Performer Today,,"{ window.open(this.href, '_blank'); }, 200); return false;""&gt;Why is the US considering a stake in Intel? { window.open(this.href, '_blank'); }, 200); return false;""&gt;How will rising tariffs affec… [+795 chars]",https://biztoc.com/x/cb28525fb32f71d0,https://biztoc.com/cdn/950/og.png,2025-08-19 18:14:07+00:00,barrons.com,Biztoc.com
Nasdaq drops 1% as Nvidia drags tech sector down,"At 1:55 pm ET, the Dow Jones Industrial Average was flat. Simultaneously, the Nasdaq 100 dropped 1.27%. Meanwhile, the S&P 500 decreased 0.56%.The euro 0.04% was flat against the dollar at 1:57 pm...","At 1:55 pm ET, the Dow Jones Industrial Average was flat. Simultaneously, the Nasdaq 100 dropped 1.27%. Meanwhile, the S&amp;P 500 decreased 0.56%.The euro 0.04% was flat against the dollar at 1:57 p… [+69 chars]",https://biztoc.com/x/1cab4a96447fc8cd,https://biztoc.com/cdn/1cab4a96447fc8cd_s.webp,2025-08-19 18:13:53+00:00,breakingthenews.net,Biztoc.com
"The Enemy, Ranked 2025: Defensive Line","Fee Fi Foe Film: Indiana 2018 Offense

 November 15th, 2018 at 10:38 AM

 Seth
November 15th, 2018 at 10:38 AM


 
 
 
 
 

 



 
 Hellow large IU receiver my old friend [Bryan Fuller]
 
 Resources: My charting, IU game notes, IU roster, Bill C profile, CFB…","Previously: Quarterback, Running Back, Receivers, Offensive Line
We now shift our attention to the defenses on Michigan's 2025 schedule, beginning in the trenches. Much like the offensive lines, Mic… [+26148 chars]",https://mgoblog.com/content/enemy-ranked-2025-defensive-line,https://mgoblog.com/sites/default/files/2025-08/R-Mason-Thomas.jpg,2025-08-19 18:10:00+00:00,Alex.Drain,mgoblog.com
"US stocks tend to gain around Fed's Jackson Hole summer conference, analysis shows","NEW YORK (Reuters) -U.S. stocks have tended to fare well around the Federal Reserve's Jackson Hole gathering in August, according to a historical analysis...","By Lewis Krauskopf
NEW YORK (Reuters) -U.S. stocks have tended to fare well around the Federal Reserve's Jackson Hole gathering in August, according to a historical analysis from DataTrek Research, … [+1716 chars]",https://finance.yahoo.com/news/us-stocks-tend-gain-around-180642583.html,https://media.zenfs.com/en/reuters-finance.com/d8977027031e5d772b0f7196dd76ec2f,2025-08-19 18:06:42+00:00,Lewis Krauskopf,Yahoo Entertainment
"UK drops Apple encryption demands, says US spy chief [Tulsi Gabbard]","The UK government has dropped its demands to create a backdoor into Apple's encryption, according to the US intelligence chief Tulsi Gabbard. In a post on X in the early hours of Tuesday, Ms Gabbard said the UK had withdrawn its demand to access global Apple …","Skip to comments.
UK drops Apple encryption demands, says US spy chief [Tulsi Gabbard]sky news ^
 | 8/19/2030
 | Mickey Carroll
Posted on 08/19/2025 11:03:58 AM PDT by catnipman
The UK governmen… [+2102 chars]",https://freerepublic.com/focus/f-news/4335476/posts,,2025-08-19 18:03:58+00:00,sky news,Freerepublic.com
Nasdaq dropped 1% as Nvidia drags tech sector down,"At 1:55 pm ET, the Dow Jones Industrial Average was flat. Simultaneously, the Nasdaq 100 dropped 1.27%. Meanwhile, the S&P 500 decreased 0.56%. The euro traded 0.04% higher against the dollar at 1...","At 1:55 pm ET, the Dow Jones Industrial Average was flat. Simultaneously, the Nasdaq 100 dropped 1.27%. Meanwhile, the S&amp;P 500 decreased 0.56%. The euro traded 0.04% higher against the dollar at … [+69 chars]",https://biztoc.com/x/1918cdb83ef80e3d,https://biztoc.com/cdn/1918cdb83ef80e3d_s.webp,2025-08-19 18:02:40+00:00,breakingthenews.net,Biztoc.com
"I spent 2 hours making every wrong decision I possibly could in Battlestar Galactica: Scattered Hopes, and as my fleet burns around me I'm never going to figure out who the Cylon was","Hands-on | My ships are on fire, my workers are rioting, one of my advisors is a Cylon spy, and I've never had a truer Battlestar Galactica experience than in roguelike Scattered Hopes",I'm running out of fuel. Two of the ships in my fleet are actively on fire. Workers are rising up in protest against my actions as captain. One of my most trusted advisors is probably an enemy in dis… [+6168 chars],https://www.gamesradar.com/games/roguelike/i-spent-2-hours-making-every-wrong-decision-i-possibly-could-in-battlestar-galactica-scattered-hopes-and-as-my-fleet-burns-around-me-im-never-going-to-figure-out-who-the-cylon-was/,https://cdn.mos.cms.futurecdn.net/nL3R2YzM3spxxs3H2qaW8E.jpg,2025-08-19 17:38:56+00:00,"dustin.bailey@futurenet.com (Dustin Bailey) , Dustin Bailey",GamesRadar+
Crypto stocks tumble on Tuesday as investors go into risk-off mode,Crypto stocks were among the hardest hit on Tuesday as investors dumped tech names.,"Crypto stocks suffered on Tuesday as investors fled tech stocks and riskier corners of the market.
Among crypto exchanges, Coinbase and eToro fell more than 5% each, while Robinhood and Bullish both… [+1931 chars]",https://www.cnbc.com/2025/08/19/crypto-market-today.html,https://image.cnbcfm.com/api/v1/image/107371786-1707508849049-gettyimages-1868365487-IdreesAbbas_22Dec2023__14.jpeg?v=1755621946&w=1920&h=1080,2025-08-19 17:36:11+00:00,,CNBC
NYC woman found a phone buried in her lawn — and police say it’s a new tactic thieves use to spy on homeowners,,"If you click 'Accept all', we and our partners, including 236 who are part of the IAB Transparency &amp; Consent Framework, will also store and/or access information on a device (in other words, use … [+714 chars]",https://consent.yahoo.com/v2/collectConsent?sessionId=1_cc-session_e3f19eec-613a-4610-b0f7-178e449d21a3,,2025-08-19 17:35:00+00:00,,Yahoo Entertainment
"Dow rises to fresh record, but Nasdaq falls led by Nvidia: Live updates - CNBC","Dow rises to fresh record, but Nasdaq falls led by Nvidia: Live updatesCNBC Dow briefly hits record high as Home Depot puts focus on retail earningsReuters Home Depot climbs as most of Wall Street remains stuck in a summer lullAP News Stock Market Today: Dow …",The Fine Print: The following comments are owned by whoever posted them. We are not responsible for them in any way.,https://slashdot.org/firehose.pl?op=view&amp;id=178768320,,2025-08-19 17:33:09+00:00,feedfeeder,Slashdot.org
US spy chief says UK has dropped its Apple backdoor demand - TechCrunch,"US spy chief says UK has dropped its Apple backdoor demandTechCrunch Apple just landed a key win for the global encryption fightCNBC Tim Cook Keeps Apple's August Win Streak GoingBusiness Insider UK backs down in Apple privacy row, US saysBBC US spy chief Gab…",The Fine Print: The following comments are owned by whoever posted them. We are not responsible for them in any way.,https://slashdot.org/firehose.pl?op=view&amp;id=178768316,,2025-08-19 17:32:58+00:00,feedfeeder,Slashdot.org
S&P 500 seen stalling as AI rally meets tariff jitters: Reuters poll,,"{ window.open(this.href, '_blank'); }, 200); return false;""&gt;Why is the Trump administration seeking a stake in Intel? { window.open(this.href, '_blank'); }, 200); return false;""&gt;How did Air Can… [+757 chars]",https://biztoc.com/x/96068eacc8b21b64,https://biztoc.com/cdn/96068eacc8b21b64_s.webp,2025-08-19 17:17:43+00:00,investing.com,Biztoc.com
Nasdaq Down Over 300 Points; Medtronic Posts Upbeat Earnings,"U.S. stocks traded lower midway through trading, with the Nasdaq Composite falling more than 1.5% on Tuesday.
The Dow traded down 0.12% to 44,859.42 while the NASDAQ fell 1.53% to 21,298.54. The S&P 500 also fell, dropping, 0.68% to 6,405.48.
Check This Out: …","U.S. stocks traded lower midway through trading, with the Nasdaq Composite falling more than 1.5% on Tuesday.The Dow traded down 0.12% to 44,859.42 while the NASDAQ fell 1.53% to 21,298.54. The S&amp… [+148 chars]",https://biztoc.com/x/805350044044066b,https://biztoc.com/cdn/805350044044066b_s.webp,2025-08-19 17:17:39+00:00,benzinga.com,Biztoc.com
S&P 500 seen stalling as AI rally meets tariff jitters,"The S&P 500 benchmark U.S. stock index will end 2025 just below current near-record levels, reflecting tempered optimism amid ongoing concerns over the economic impact of President Donald Trump's global tariffs and uncertainty surrounding Federal Reserve rate…","The S&amp;P 500 benchmark U.S. stock index will end 2025 just below current near-record levels, reflecting tempered optimism amid ongoing concerns over the economic impact of President Donald Trump's… [+152 chars]",https://biztoc.com/x/3ec44a930bdbf54d,https://biztoc.com/cdn/3ec44a930bdbf54d_s.webp,2025-08-19 17:06:46+00:00,finance.yahoo.com,Biztoc.com
S&P 500 seen stalling as AI rally meets tariff jitters: Reuters poll,,"{ window.open(this.href, '_blank'); }, 200); return false;""&gt;Why is the Trump administration seeking a stake in Intel? { window.open(this.href, '_blank'); }, 200); return false;""&gt;How did Air Can… [+751 chars]",https://biztoc.com/x/7ec2b8dd8b086db1,https://biztoc.com/cdn/7ec2b8dd8b086db1_s.webp,2025-08-19 17:06:27+00:00,reuters.com,Biztoc.com
"Dow lifts on Home Depot rebound, S&P 500 and Nasdaq slip ahead of Fed",Lowe's climbs with Home Depot: Walmart and Target in focus for retail test,"Aug 19 - The Dow Jones Industrial Average moved higher on Tuesday as Home Depot (NYSE:HD) shares rose after the retailer reaffirmed its annual guidance, keeping attention on the strength of U.S. cons… [+1029 chars]",https://finance.yahoo.com/news/dow-lifts-home-depot-rebound-170512481.html,https://media.zenfs.com/en/us.finance.gurufocus/6968a953ca7ed8a19088669bcc88e8d4,2025-08-19 17:05:12+00:00,Nauman khan,Yahoo Entertainment
U.S. Deploys Warships Near Venezuela to Combat Drug Threats,"Three U.S. Aegis guided-missile destroyers will arrive off the coast of Venezuela in the next 36 hours as part of an effort to address threats from Latin American drug cartels, two sources briefed on the matter said on Monday.","WASHINGTON, Aug 18 (Reuters) – Three U.S. Aegis guided-missile destroyers will arrive off the coast of Venezuela in the next 36 hours as part of an effort to address threats from Latin American drug … [+2408 chars]",https://gcaptain.com/u-s-deploys-warships-near-venezuela-to-combat-drug-threats/,https://gcaptain.com/wp-content/uploads/2025/03/USS-Gravely.jpg,2025-08-19 17:04:49+00:00,Reuters,gcaptain.com
Spy x Family Creator Hypes Latest Release With a Whimsical Life Update,"Image Courtesy of Wit Studio
The Spy x Family manga by Tatsuya Endo is currently in a crucial phase as the story prepares to delve deeper into Donovan Desmond’s secrets. As a bi-weekly manga, Endo releases new chapters every alternate Sunday on the Shonen Jum…","The Spy x Family manga by Tatsuya Endo is currently in a crucial phase as the story prepares to delve deeper into Donovan Desmond’s secrets. As a bi-weekly manga, Endo releases new chapters every alt… [+2929 chars]",http://comicbook.com/anime/news/spy-x-family-creator-life-update/,"https://comicbook.com/wp-content/uploads/sites/4/2025/08/Spy-x-Family-Loid-and-Franky.jpeg?resize=2000,1125",2025-08-19 17:00:00+00:00,Tulisha Srivastava,ComicBook.com
"Is ‘Butterfly’ on Netflix? ‘Butterfly’ Cast, Episode Count, Streaming Info",Here's where to stream Daniel Dae Kim's exciting new spy thriller!,"If you asked me to guess the show that’s in the number one spot of Prime Video’s top ten list, I’d go with The Summer I Turned Pretty. But I’d be wrong! While TSITP currently maintains the second spo… [+1523 chars]",https://decider.com/2025/08/19/is-the-butterfly-on-netflix-butterfly-tv-show-cast-episode-count-streaming-info/,https://decider.com/wp-content/uploads/2025/08/BUTTERFLY-PRIME-VIDEO-REVIEW.jpg?quality=75&strip=all&w=1200,2025-08-19 17:00:00+00:00,mliss1578,Decider
"Kevin Costner And Jake Gyllenhaal Are Teaming Up For A Movie, And It’s Not The Kind Of Film I Ever Would Have Expected",A surprising new project has brought the two together.,"When you hear that Kevin Costner and Jake Gyllenhaal are teaming up for a movie, you’d be forgiven for assuming it could be an addition to some of the best western movies
 or a tense political thril… [+3650 chars]",https://www.cinemablend.com/movies/kevin-costner-jake-gyllenhaal-teaming-up-honeymoon-with-harry-i-never-expected,https://cdn.mos.cms.futurecdn.net/JVcRrms6VKRQAPVbeBLeXk.jpg,2025-08-19 16:58:21+00:00,Ryan LaBee,CinemaBlend
Why Palantir Stock Is Sinking Today,"In this article:
Key Points
-
Palantir is getting hit with a big valuation pullback today, and its stock ranks as one of the S&P 500's worst daily performers.
-
Signs of a potential resolution to the Russia-Ukraine war and improving relations between U.S. and…","In this article:Key Points-Palantir is getting hit with a big valuation pullback today, and its stock ranks as one of the S&amp;P 500's worst daily performers.-Signs of a potential resolution to the … [+151 chars]",https://biztoc.com/x/406fc6fa3c84cc20,https://biztoc.com/cdn/406fc6fa3c84cc20_s.webp,2025-08-19 16:55:46+00:00,finance.yahoo.com,Biztoc.com
S&P 500 seen stalling as AI rally meets tariff jitters,,"If you click 'Accept all', we and our partners, including 236 who are part of the IAB Transparency &amp; Consent Framework, will also store and/or access information on a device (in other words, use … [+714 chars]",https://consent.yahoo.com/v2/collectConsent?sessionId=1_cc-session_fe42b952-858d-4bba-8e24-102ec12498fc,,2025-08-19 16:54:19+00:00,,Yahoo Entertainment
"The AI revolution will cut nearly $1 trillion a year out of S&P 500 budgets, Morgan Stanley says—largely from agents and robots doing human jobs","Corporate America is on the brink of a radical transformation as artificial intelligence adoption could unlock nearly $1 trillion a year in savings, according to a sweeping new analysis by Morgan Stanley. The bank calculates 90% of jobs will be touched in som…","Corporate America is on the brink of a radical transformation as artificial intelligence adoption could unlock nearly $1 trillion a year in savings, according to a sweeping new analysis by Morgan Sta… [+142 chars]",https://biztoc.com/x/91dfe1ed0636bba6,https://biztoc.com/cdn/91dfe1ed0636bba6_s.webp,2025-08-19 16:43:41+00:00,fortune.com,Biztoc.com
A New Zealand soldier admits attempted espionage in the country’s first spying conviction,"The soldier's name was suppressed, as was what country he sought to pass secrets to.","By CHARLOTTE GRAHAM-McLAY
WELLINGTON, New Zealand (AP) A New Zealand soldier who tried to spy for a foreign power has admitted to attempted espionage in a military court.
Mondays conviction was the… [+3142 chars]",https://www.bostonherald.com/2025/08/19/new-zealand-soldier-espionage/,https://www.bostonherald.com/wp-content/uploads/2025/08/New_Zealand_Soldier_Espionage_69516-1.jpg?w=1024&h=682,2025-08-19 16:42:13+00:00,Associated Press,Boston Herald
NCERT introduces special modules on Operation Sindoor for classes 3 to 12,"NCERT introduced modules on 'Operation Sindoor' for classes 3-12, framing it as a response to the Pahalgam terror attack and a commitment to peace. The modules detail India's strikes on terrorist sites in Pakistan and PoJK, emphasizing the precision to avoid …",The NCERT has introduced two special modules on the Operation Sindoor for classes 3 to 12 describing the mission not just as a military operation but a promise to protect peace and honour the lives l… [+3168 chars],https://economictimes.indiatimes.com/news/india/ncert-introduces-special-modules-on-operation-sindoor-for-classes-3-to-12/articleshow/123391598.cms,"https://img.etimg.com/thumb/msid-123391612,width-1200,height-630,imgsize-2448383,overlay-economictimes/articleshow.jpg",2025-08-19 16:37:27+00:00,PTI,The Times of India
U.K. Government Drops Apple Encryption Backdoor Order After U.S. Civil Liberties Pushback - The Hacker News,"U.K. Government Drops Apple Encryption Backdoor Order After U.S. Civil Liberties PushbackThe Hacker News Apple just landed a key win for the global encryption fightCNBC UK backs down in Apple privacy row, US saysBBC US spy chief Gabbard says UK agreed to drop…","If a subordinate asks you a pertinent question, look at him as if he had
lost his senses. When he looks down, paraphrase the question back at him.",https://slashdot.org/firehose.pl?op=view&amp;id=178767288,,2025-08-19 16:32:26+00:00,feedfeeder,Slashdot.org
Why we're still playing Metal Gear Solid after nearly 30 years,What a thrill.,"21 years after Metal Gear Solid 3: Snake Eater first appeared (and a brisk two years after it first hit PC), Konami's decided, hey, why not try making that game again? People seemed to like it last t… [+1675 chars]",https://www.pcgamer.com/games/action/why-were-still-playing-metal-gear-solid-after-nearly-30-years/,https://cdn.mos.cms.futurecdn.net/ou32umL9GcN2kuQnfoQZZm.jpg,2025-08-19 16:32:03+00:00,Joshua Wolens,PC Gamer
"The AI revolution will cut nearly $1 trillion a year out of S&P 500 budgets, Morgan Stanley says—largely from agents and robots doing human jobs","Read the fine print, though. The bank says this would ""likely take many years to achieve,"" and there's a ""significant risk"" of many firms not reaching full adoption.","Corporate America is on the brink of a radical transformation as artificial intelligence adoption could unlock nearly $1 trillion a year in savings, according to a sweeping new analysis by Morgan Sta… [+3823 chars]",https://fortune.com/2025/08/19/morgan-stanley-920-billion-sp-500-savings-ai-agentic-robots-jobs/,"https://fortune.com/img-assets/wp-content/uploads/2025/08/morgan-stanley-timeline.png?resize=1200,600",2025-08-19 16:29:33+00:00,Nick Lichtenberg,Fortune
"The AI revolution will cut nearly $1 trillion a year out of S&P 500 budgets, Morgan Stanley says—largely from agents and robots doing human jobs","Read the fine print, though. The bank says this would “likely take many years to achieve,” and there’s a “significant risk” of many firms not reaching full...","Corporate America is on the brink of a radical transformation as artificial intelligence adoption could unlock nearly $1 trillion a year in savings, according to a sweeping new analysis by Morgan Sta… [+3907 chars]",https://finance.yahoo.com/news/ai-revolution-cut-nearly-1-162933183.html,https://s.yimg.com/ny/api/res/1.2/7QXpu5dDmJ.znLKGpN9g.A--/YXBwaWQ9aGlnaGxhbmRlcjt3PTEyMDA7aD04MDA-/https://media.zenfs.com/en/fortune_175/ed3bf24fedfc517302b846fb85d89d01,2025-08-19 16:29:33+00:00,Nick Lichtenberg,Yahoo Entertainment
"Justin Bieber impersonator dupes Vegas nightclub security, performs for hoodwinked crowd","""As soon as the error was recognized, he was removed from the resort and denied future entry,"" a spokesperson for the venue said in a statement.","Seeing is Beliebing. 
A Justin Bieber impersonator tricked Las Vegas nightclub security into letting him perform several of the pop star’s songs on stage before they realized who he was and booted h… [+3799 chars]",https://pagesix.com/2025/08/19/celebrity-news/justin-bieber-impersonator-dupes-vegas-nightclub-security-performs-for-hoodwinked-crowd/,https://pagesix.com/wp-content/uploads/sites/3/2025/08/109799223.jpg?quality=75&strip=all&w=1024,2025-08-19 16:27:49+00:00,Leah Bitsky,Page Six
Big Tech Stocks Are Selling Off. The Nasdaq Is Down 1%,"Updated 27 min ago
Big Tech Stocks Are Selling Off. The Nasdaq Is Down 1%.
A rotation away from highflying tech stocks was beginning to look like a full-blown selloff on Tuesday.
The Nasdaq Composite dropped 1%. The S&P 500 was off 0.4%. The Dow was up 21 poi…",Updated 27 min agoBig Tech Stocks Are Selling Off. The Nasdaq Is Down 1%.A rotation away from highflying tech stocks was beginning to look like a full-blown selloff on Tuesday.The Nasdaq Composite dr… [+142 chars],https://biztoc.com/x/5de5954b0c0bec45,https://biztoc.com/cdn/5de5954b0c0bec45_s.webp,2025-08-19 16:21:46+00:00,barrons.com,Biztoc.com
How to turn small savings into big wealth with ASX shares,"Want to grow your wealth on a budget? Here's how to do it.
The post How to turn small savings into big wealth with ASX shares appeared first on The Motley Fool Australia.","One of the biggest myths about investing in the share market is that you need a lot of money to get started.
The truth is, with the power of compounding, even small, consistent investments into qual… [+2150 chars]",https://www.fool.com.au/2025/08/20/how-to-turn-small-savings-into-big-wealth-with-asx-shares/,https://www.fool.com.au/wp-content/uploads/2016/09/GettyImages-1188369583-1-1200x675.jpg,2025-08-19 16:17:23+00:00,James Mickleboro,Motley Fool Australia
Home Depot sales gain as shoppers opt for smaller projects,Home Depot is the first US big-box retailer to report earnings and investors are seeking clues on price shopping behaviour changes. Read on.,"The Home Depot Inc. sales returned to growth in the second quarter as shoppers invested in smaller projects, such as lighting and gardening.
THIS CONTENT IS RESERVED FOR SUBSCRIBERS ONLY
Subscribe … [+4614 chars]",https://financialpost.com/investing/home-depot-sales-gain-shoppers-smaller-projects,https://smartcdn.gprod.postmedia.digital/financialpost/wp-content/uploads/2025/08/no0819homedepot.jpg,2025-08-19 16:14:26+00:00,Bloomberg News,Financial Post
"From Crude Oil To Wheat, Commodities Trade Like The Ukraine-Russia War Is Over","Three and a half years after Russia's full-scale invasion of Ukraine sent shockwaves through global markets, commodity prices have largely reset. GLD ETF is ...","Three and a half years after Russia's full-scale invasion of Ukraine sent shockwaves through global markets, commodity prices have largely reset.
Back in late February 2022, right as the war broke o… [+3987 chars]",https://finance.yahoo.com/news/crude-oil-wheat-commodities-trade-161002199.html,https://media.zenfs.com/en/Benzinga/ae16783b76f0b2ab6c81eb1ffbae0e3e,2025-08-19 16:10:02+00:00,Piero Cingari,Yahoo Entertainment
Is Wall Street Bullish or Bearish on PTC Stock?,"PTC is demonstrating robust growth and consistent profitability, and analyst sentiment has grown more favorable recently.","Headquartered in Boston, Massachusetts, and carrying a market capitalization of approximately $24.7 billion, PTC Inc. (PTC) delivers an extensive suite of software solutions, spanning computer-aided … [+2070 chars]",https://www.barchart.com/story/news/34251589/is-wall-street-bullish-or-bearish-on-ptc-stock,https://media.zenfs.com/en/barchart_com_477/f49a63f49568822d53f32fe310f30e89,2025-08-19 15:43:53+00:00,Sristi Jayaswal,Barchart.com
Nuvei integrates with Zuora for subscription payments,"Nuvei today announced a strategic integration with Zuora, a leading monetization platform for modern business.","Nuvei today announced a strategic integration with Zuora, a leading monetization platform for modern business.The partnership enhances Nuvei’s ability to support enterprise recurring revenue at globa… [+2095 chars]",https://www.finextra.com/pressarticle/106776/nuvei-integrates-with-zuora-for-subscription-payments,https://www.finextra.com/about/finextra-logo.png,2025-08-19 15:37:28+00:00,Editorial Team,Finextra
Oil Prices may have major impact on stocks soon,Here's what could happen to oil and stocks next.,"Oil Prices may have major impact on stocks soon originally appeared on TheStreet.
While no one was paying attention, crude oil prices quietly fell by over 11% since the beginning of August. You can … [+7194 chars]",https://www.thestreet.com/investing/oil-prices-could-have-a-major-impact-on-stocks-soon,https://media.zenfs.com/en/thestreet_881/0e51a347d5f8047f8c1b5487af880c3b,2025-08-19 15:33:00+00:00,Brian Dolan,TheStreet
Ahead of Market: 10 things that will decide stock market action on Wednesday,"Indian markets closed higher on Tuesday, driven by Reliance and Bharti Airtel, optimism over GST reforms, and easing Russia-Ukraine tensions. Sensex rose 371 points and Nifty ended near the 25,000 mark, with auto stocks leading gains.","The Indian market ended in the green on Tuesday, extending their rally, lifted by heavyweights Reliance Industries and Bharti Airtel, as optimism over potential goods-and-services tax (GST) reforms a… [+4709 chars]",https://economictimes.indiatimes.com/markets/stocks/news/ahead-of-market-10-things-that-will-decide-stock-market-action-on-wednesday/articleshow/123390635.cms,"https://img.etimg.com/thumb/msid-123390631,width-1200,height-630,imgsize-116348,overlay-etmarkets/articleshow.jpg",2025-08-19 15:18:49+00:00,Riya Sharma,The Times of India
Stocks Pressured by Weakness in Tech,"The S&P 500 Index ($SPX ) (SPY ) today is down by -0.31%, the Dow Jones Industrials Index ($DOWI ) (DIA ) is up by +0.20%, and the Nasdaq 100 Index ($IUXX ) ...","The S&amp;P 500 Index ($SPX) (SPY) today is down by -0.31%, the Dow Jones Industrials Index ($DOWI) (DIA) is up by +0.20%, and the Nasdaq 100 Index ($IUXX) (QQQ) is down by -1.03%.  September E-mini … [+8888 chars]",https://www.barchart.com/story/news/34251046/stocks-pressured-by-weakness-in-tech,https://s.yimg.com/ny/api/res/1.2/iajr3nsDbPw0fCpsF9cYzg--/YXBwaWQ9aGlnaGxhbmRlcjt3PTEyMDA7aD04MDE-/https://media.zenfs.com/en/barchart_com_477/9a1ff5003151ccd77c6a21a4e3c76ded,2025-08-19 15:18:03+00:00,Rich Asplund,Barchart.com
State Street Stock: Analyst Estimates & Ratings,"Although State Street has outperformed the broader market over the past year, Wall Street analysts maintain a cautiously optimistic outlook on the stock’s...","With a market cap of $31.5 billion, State Street Corporation (STT) is a leading financial holding company serving institutional investors worldwide. Through its subsidiaries, it provides investment s… [+2024 chars]",https://www.barchart.com/story/news/34251030/state-street-stock-analyst-estimates-ratings,https://media.zenfs.com/en/barchart_com_477/daf093037896208063ae91a54dc93465,2025-08-19 15:17:14+00:00,Sohini Mondal,Barchart.com
Tesla Is in the S&P 500: 4 Things That Means for Investors in 2025,"In this article:
Tesla (TSLA) stock has had its up and downs of late, but it’s certainly been up over time. Tesla is part of the S&P 500; the index most analysts use to measure the overall market.
Explore More: Self-Made Millionaires Suggest 5 Stocks You Shou…","In this article:Tesla (TSLA) stock has had its up and downs of late, but its certainly been up over time. Tesla is part of the S&amp;P 500; the index most analysts use to measure the overall market.E… [+151 chars]",https://biztoc.com/x/eb4b037a0021352d,https://biztoc.com/cdn/eb4b037a0021352d_s.webp,2025-08-19 15:14:32+00:00,finance.yahoo.com,Biztoc.com
Tesla Is in the S&P 500: 4 Things That Means for Investors in 2025,Tesla’s spot in the S&P 500 could reshape your portfolio. Discover four key ways this move affects investors and market dynamics in 2025.,"Tesla (TSLA) stock has had its up and downs of late, but its certainly been up over time. Tesla is part of the S&amp;P 500; the index most analysts use to measure the overall market.
Explore More: S… [+3743 chars]",https://finance.yahoo.com/news/tesla-p-500-4-things-145806640.html,https://s.yimg.com/ny/api/res/1.2/OwVYV_VMG0K1UPzqqvs7VA--/YXBwaWQ9aGlnaGxhbmRlcjt3PTEyMDA7aD02NzU-/https://media.zenfs.com/en/gobankingrates_644/35a38436785480e394bf8b99a8a493dd,2025-08-19 14:58:06+00:00,Karen Doyle,Yahoo Entertainment
US Stocks Mixed; Home Depot Shares Gain After Q2 Results,"U.S. stocks traded mixed this morning, with the Dow Jones index gaining more than 200 points on Tuesday.
Following the market opening Tuesday, the Dow traded up 0.50% to 45,137.22 while the NASDAQ fell 0.43% to 21,535.75. The S&P 500 also rose, gaining, 0.07%…","U.S. stocks traded mixed this morning, with the Dow Jones index gaining more than 200 points on Tuesday.Following the market opening Tuesday, the Dow traded up 0.50% to 45,137.22 while the NASDAQ fel… [+149 chars]",https://biztoc.com/x/96de26f2b0b436ea,https://biztoc.com/cdn/96de26f2b0b436ea_s.webp,2025-08-19 14:51:52+00:00,benzinga.com,Biztoc.com
Palantir Is Today’s Worst S&P 500 Stock. The AI Darling Is Mired in a Mini-Slump,,"{ window.open(this.href, '_blank'); }, 200); return false;""&gt;Why is SoftBank investing $2 billion in Intel? { window.open(this.href, '_blank'); }, 200); return false;""&gt;How will Air Canada strike… [+707 chars]",https://biztoc.com/x/3b3f9a86fafcc44f,https://biztoc.com/cdn/3b3f9a86fafcc44f_s.webp,2025-08-19 14:51:33+00:00,barrons.com,Biztoc.com
Cardano set for 'massive' rally if $1 breaks: How high can ADA price go?,"Cardano bulls make a strong case for an ADA price rally toward $2 or even higher, once the resistance at $1 is decisively broken.","Key takeaways:
<ul><li>ADA price technicals are strengthening, with a rise to $2 possible.
</li><li>ADA futures volume is at a 5-month high of $7 billion, reflecting institutional interest. 
</li>… [+3440 chars]",https://cointelegraph.com/news/cardano-massive-rally-one-dollar-breaks-how-high-can-ada-price-go,"https://images.cointelegraph.com/cdn-cgi/image/format=auto,onerror=redirect,quality=90,width=1200/https://s3.cointelegraph.com/uploads/2025-08/0198c2a2-6f29-706b-b1b4-c32d5df7569a",2025-08-19 14:50:48+00:00,Cointelegraph by Nancy Lubale,Cointelegraph
"The stock market’s biggest winners may be finished, says BofA — is a bubble coming as investors may shift strategy?","Signs of stock market bubble 2025: Bank of America warns that the era of mega-cap stock market leadership may be ending, drawing parallels to the late 1990s before the dot-com bubble burst. Their ""regime indicator"" suggests a shift from a downturn to a recove…","Signs of stock market bubble 2025: The days of mega-cap stocks leading the stock market advances may be over, warned Bank of America's head of US equity and quantitative strategy, Savita Subramanian,… [+3857 chars]",https://economictimes.indiatimes.com/news/international/us/us-stock-news-market-bank-of-america-stock-market-forecast-2025-is-tech-stock-rally-a-bubble-2025/articleshow/123387613.cms,"https://img.etimg.com/thumb/msid-123387622,width-1200,height-630,imgsize-113436,overlay-economictimes/articleshow.jpg",2025-08-19 14:33:44+00:00,Global Desk,The Times of India
How Gen Z is Preparing (or Not) For Retirement,"Some Gen Zers don’t think they need to save for retirement, according to a new NerdWallet survey.","Generation Z is the youngest adult generation in the U.S. today, giving Gen Zers (ages 18-28) ample time to get financially prepared for retirement. But for many, it doesnt appear to be a priority, a… [+8795 chars]",https://www.nerdwallet.com/article/investing/how-gen-z-is-preparing-or-not-for-retirement#article,https://www.nerdwallet.com/tachyon/2025/08/GettyImages-1159099081.jpg?resize=1440%2C864,2025-08-19 14:26:19+00:00,Erin El Issa,NerdWallet
Home Depot leads Dow higher as Wall Street holds steady in summer lull,"Wall Street is holding steady on Tuesday, stuck in a summer lull.
The S&P 500 slipped 0.2%, a day after barely budging, and remains near its all-time high set last week. The Dow Jones Industrial Average was up 68 points, or 0.2%, as of 9:35 a.m. Eastern time,…","Wall Street is holding steady on Tuesday, stuck in a summer lull.The S&amp;P 500 slipped 0.2%, a day after barely budging, and remains near its all-time high set last week. The Dow Jones Industrial A… [+149 chars]",https://biztoc.com/x/d5a0ce7da91f11b7,https://biztoc.com/cdn/d5a0ce7da91f11b7_s.webp,2025-08-19 14:17:52+00:00,fortune.com,Biztoc.com
"US Stocks Fall As Investors Parse Retail Earnings, Await Powell",US equities fell at the open Tuesday as earnings from Home Depot Inc. kicked off a string of key retail reports and as investors awaited a Federal Reserve symposium this week to set expectations for the path of interest rates. The S&P 500 Index opened 0.1% lo…,US equities fell at the open Tuesday as earnings from Home Depot Inc. kicked off a string of key retail reports and as investors awaited a Federal Reserve symposium this week to set expectations for … [+1905 chars],https://www.ndtvprofit.com/markets/us-stocks-fall-as-investors-parse-retail-earnings-await-powell,https://media.assettype.com/bloombergquint%2F2025-08-19%2Fcycpsoly%2F438251347.jpg?w=1200&auto=format%2Ccompress&ogImage=true,2025-08-19 14:16:16+00:00,Bloomberg News,Ndtvprofit.com
Stocks Slightly Lower as Retailer Earnings Arrive,"The S&P 500 Index ($SPX ) (SPY ) today is down by -0.10%, the Dow Jones Industrials Index ($DOWI ) (DIA ) is up by +0.32%, and the Nasdaq 100 Index ($IUXX ) ...","The S&amp;P 500 Index ($SPX) (SPY) today is down by -0.10%, the Dow Jones Industrials Index ($DOWI) (DIA) is up by +0.32%, and the Nasdaq 100 Index ($IUXX) (QQQ) is down by -0.52%.  September E-mini … [+8351 chars]",https://www.barchart.com/story/news/34249039/stocks-slightly-lower-as-retailer-earnings-arrive,https://s.yimg.com/ny/api/res/1.2/aPRtwgmLwcUGt3Yu_Am.AA--/YXBwaWQ9aGlnaGxhbmRlcjt3PTEyMDA7aD04MDA-/https://media.zenfs.com/en/barchart_com_477/d328f7db7fa019e809cef3d7281ab08b,2025-08-19 14:03:06+00:00,Rich Asplund,Barchart.com
Home Depot leads Dow higher as Wall Street holds steady in summer lull,"The S&P 500 slipped 0.2% and remains near its all-time high set last week. The Dow was up 68 points, or 0.2%, as of 9:35 a.m. ET, and the Nasdaq composite was down 0.4%.","Wall Street is holding steady on Tuesday, stuck in a summer lull.The S&amp;P 500 slipped 0.2%, a day after barely budging, and remains near its all-time high set last week. The Dow Jones Industrial A… [+3430 chars]",https://fortune.com/2025/08/19/home-depot-stocks-markets-dow-sp-nasdaq/,"https://fortune.com/img-assets/wp-content/uploads/2025/08/AP25230533033359-e1755611862550.jpg?resize=1200,600",2025-08-19 14:01:03+00:00,"Stan Choe, The Associated Press",Fortune
Involuntary and voluntary memory retrieval relies on distinct neural representations and oscillatory processes,"Involuntary memory retrieval is a common phenomenon in autobiographical memory and a symptom of posttraumatic stress disorder. In an electroencephalography study, the authors elucidate the neural mechanism of involuntary memory, revealing that involuntary and…","Citation: Kobelt M, Waldhauser GT, Fellner M-C, Axmacher N (2025) Involuntary and voluntary memory retrieval relies on distinct neural representations and oscillatory processes. PLoS Biol 23(8):
 e3… [+83899 chars]",https://journals.plos.org/plosbiology/article?id=10.1371/journal.pbio.3003258,https://journals.plos.org/plosbiology/article/figure/image?id=10.1371/journal.pbio.3003258.g004&size=inline,2025-08-19 14:00:00+00:00,"Malte Kobelt, Gerd T. Waldhauser, Marie-Christin Fellner, Nikolai Axmacher",Plos.org
Waiting to Buy Stocks on a Dip? Here’s the S&P 500 Chart Level to Watch,"Investment Tools And Research To Help Make You A More Confident And Profitable Trader.
FREE 30 Day Trial
- Market Pulse
- VolatilityVolume & Open InterestHorizontal StrategiesButterfly Strategies
-
- Market PulseResourcesEuropean FuturesEuropean Groupings
- F…",Investment Tools And Research To Help Make You A More Confident And Profitable Trader.FREE 30 Day Trial- Market Pulse- VolatilityVolume &amp; Open InterestHorizontal StrategiesButterfly Strategies-- … [+144 chars],https://biztoc.com/x/df80ab42ec1efab7,https://biztoc.com/cdn/df80ab42ec1efab7_s.webp,2025-08-19 13:55:18+00:00,barchart.com,Biztoc.com
Waiting to Buy Stocks on a Dip? Here’s the S&P 500 Chart Level to Watch,Find out why John Rowland is watching this prior S&P gap zone for support on a near-term pullback.,"The S&amp;P 500 Index ($SPX) is near its all-time highs, but that doesnt mean traders should be blindly buying at these levels. Instead, John Rowland, CMT, suggests keeping an eye out for a potential… [+2439 chars]",https://www.barchart.com/story/news/34248712/waiting-to-buy-stocks-on-a-dip-heres-the-s-p-500-chart-level-to-watch,https://s.yimg.com/ny/api/res/1.2/P_N2.ZJGtxSU3UBjoY9UNg--/YXBwaWQ9aGlnaGxhbmRlcjt3PTEyMDA7aD04MDA-/https://media.zenfs.com/en/barchart_com_477/a187843502e55461c6a3e795e9e3fbd4,2025-08-19 13:49:05+00:00,Barchart Insights,Barchart.com
Stocks Trade Sideways in Sleepy Stretch for Markets,"Updated 8 min ago
Stocks Trade Sideways in Sleepy Stretch for Markets
The stock market continued to languish in the August doldrums at the start of Tuesday’s session.
The Dow Jones Industrial Average rose 64 points, or 0.1%. The S&P 500 was down 0.2%. The Nas…",Updated 8 min agoStocks Trade Sideways in Sleepy Stretch for MarketsThe stock market continued to languish in the August doldrums at the start of Tuesdays session.The Dow Jones Industrial Average ros… [+139 chars],https://biztoc.com/x/4532140dab4b37ca,https://biztoc.com/cdn/4532140dab4b37ca_s.webp,2025-08-19 13:44:07+00:00,barrons.com,Biztoc.com
"Gold has crushed stocks, bonds and even bitcoin in 2025. This banking giant just got more bullish.",UBS Global Wealth Management strategists see plenty of drivers to keep pushing gold beyond the record run it has seen in 2025.,"All thats glittering is still gold, says UBS Global Wealth Management, whose strategists have a shiny new price target. - Getty Images
Stocks may be in for a struggle until Jay Powell steps up to th… [+6636 chars]",https://www.marketwatch.com/story/gold-has-crushed-stocks-bonds-and-even-bitcoin-in-2025-this-banking-giant-just-got-more-bullish-9071df48,https://s.yimg.com/ny/api/res/1.2/GdBdMh8gbE6F07tjGecNEw--/YXBwaWQ9aGlnaGxhbmRlcjt3PTEyMDA7aD02MDA-/https://media.zenfs.com/en/marketwatch_hosted_869/e50be79d8dc562f241f30df141994c68,2025-08-19 13:36:00+00:00,Barbara Kollmeyer,MarketWatch
Dow Jones opens higher as Home Depot puts focus on retail earnings,"The Dow Jones Industrial Average saw a slight increase at the opening bell on Tuesday, buoyed by Home Depot's steady annual forecasts. However, the S&P 500 and Nasdaq Composite experienced minor declines. Overall market sentiment remained cautious as investor…","The blue-chip Dow opened higher on Tuesday, aided by a rise in shares of Home Depot after the retailer kept its annual forecasts intact, while caution dominated the overall mood ahead of a key Federa… [+355 chars]",https://economictimes.indiatimes.com/markets/stocks/news/dow-jones-opens-higher-as-home-depot-puts-focus-on-retail-earnings/articleshow/123389031.cms,"https://img.etimg.com/thumb/msid-123389046,width-1200,height-630,imgsize-189364,overlay-etmarkets/articleshow.jpg",2025-08-19 13:35:33+00:00,Reuters,The Times of India
Stock Market Live August 19: S&P 500 (VOO) Rally Still on Hold Pending Fed Talk,"This article will be updated throughout the day, so check back often for more daily updates.
It’s a pretty slow news day on Wall Street so far, with most professional investors waiting to hear what Fed Chairman Jerome Powell will have to say later this week a…","This article will be updated throughout the day, so check back often for more daily updates.Its a pretty slow news day on Wall Street so far, with most professional investors waiting to hear what Fed… [+143 chars]",https://biztoc.com/x/3d060ceeb9e4d441,https://biztoc.com/cdn/950/og.png,2025-08-19 13:22:19+00:00,247wallst.com,Biztoc.com
Wall Street hovers near records as markets take in earnings ahead of Fed Chair Jerome Powell’s speech Friday,"Wall Street held near its records in premarket trading Tuesday as traders digested the latest corporate earnings reports while waiting for fresh cues about interest rates from the Federal Reserve.
Futures for the S&P 500 and Nasdaq were each off about 0.1% be…",Wall Street held near its records in premarket trading Tuesday as traders digested the latest corporate earnings reports while waiting for fresh cues about interest rates from the Federal Reserve.Fut… [+155 chars],https://biztoc.com/x/8bf7b35b6203b383,https://biztoc.com/cdn/8bf7b35b6203b383_s.webp,2025-08-19 13:21:41+00:00,chicagotribune.com,Biztoc.com
Boothwyn Pharmacy LLC - 710247 - 06/09/2025,Unapproved New Animal Drug/Adulterated/Misbranded,"Product:
Animal &amp; VeterinaryDrugs 
Recipient:
Boothwyn Pharmacy LLC 
221 Gale LnKennett Square, PA19348United States
adustman@boothwyn.com
Issuing Office:
Center for Veterinary Medicine
U… [+24769 chars]",https://www.fda.gov/inspections-compliance-enforcement-and-criminal-investigations/warning-letters/boothwyn-pharmacy-llc-710247-06092025,https://www.fda.gov/themes/custom/preview/img/FDA-Social-Graphic.png,2025-08-19 13:20:04+00:00,FDA,FDA.gov
Stock Market Today: Intel Stock Rallies; Dow Futures Waver as Retail Earnings Kick Off — Live Updates - The Wall Street Journal,"Stock Market Today: Intel Stock Rallies; Dow Futures Waver as Retail Earnings Kick Off — Live UpdatesThe Wall Street Journal Stock futures tick down as retail earnings roll in, traders await Powell speech: Live updatesCNBC Wall Street hovers near records as m…",The Fine Print: The following comments are owned by whoever posted them. We are not responsible for them in any way.,https://slashdot.org/firehose.pl?op=view&amp;id=178764162,,2025-08-19 13:12:46+00:00,feedfeeder,Slashdot.org
"The key to being confident in an uncertain market, according to a CFP: 'Always be calibrating'","Recent bouts of market volatility haven't done much to dim investor confidence, according to a new report.
After a year of wild market swings followed by the S&P 500 hitting fresh highs last week, nearly two-thirds of investors expect their portfolios to perf…","Recent bouts of market volatility haven't done much to dim investor confidence, according to a new report.After a year of wild market swings followed by the S&amp;P 500 hitting fresh highs last week,… [+146 chars]",https://biztoc.com/x/55f7d0f7be92208c,https://biztoc.com/cdn/55f7d0f7be92208c_s.webp,2025-08-19 13:10:45+00:00,cnbc.com,Biztoc.com
"The key to being confident in an uncertain market, according to a CFP: 'Always be calibrating'","The year's wild market swings haven't dimmed investor confidence, according to a new report by Fidelity. Still, it's a good time to reassess risk, experts say.","Recent bouts of market volatility haven't done much to dim investor confidence, according to a new report.
After a year of wild market swings followed by the S&amp;P 500 hitting fresh highs last wee… [+4562 chars]",https://www.cnbc.com/2025/08/19/diversified-portfolio-investor-confidence.html,https://image.cnbcfm.com/api/v1/image/107043782-1649392559737-gettyimages-1373190654-8294.jpeg?v=1755546503&w=1920&h=1080,2025-08-19 13:00:01+00:00,,CNBC
Morning Minute: Solana Hits 100K TPS,"Speed matters, and so does the timing of that 100k TPS test with SOL ETFs and TreasuryCos likely around the corner.",Morning Minute is a daily newsletter written by Tyler Warner. The analysis and opinions expressed are his own and do not necessarily reflect those of Decrypt. Subscribe to the Morning Minute on Subst… [+5509 chars],https://decrypt.co/335782/morning-minute-solana-hits-100k-tps,https://cdn.decrypt.co/resize/1024/height/512/wp-content/uploads/2025/06/solana-price-up-decrypt-style-01-gID_7.png,2025-08-19 12:57:50+00:00,Tyler Warner,Decrypt
Wall Street hovers near records as markets take in earnings ahead of Powell speech Friday,"By ELAINE KURTENBACH and MATT OTT, Associated Press Business Writers
Wall Street held near its records in premarket trading Tuesday as traders digested the latest corporate earnings reports while waiting for fresh cues about interest rates from the Federal Re…","By ELAINE KURTENBACH and MATT OTT, Associated Press Business WritersWall Street held near its records in premarket trading Tuesday as traders digested the latest corporate earnings reports while wait… [+150 chars]",https://biztoc.com/x/659044dd0f302ece,https://biztoc.com/cdn/659044dd0f302ece_s.webp,2025-08-19 12:48:03+00:00,bostonherald.com,Biztoc.com
Will Opendoor Stock’s Rally Continue?,The stock rose 19% in Monday’s trading and remains up almost 60% over the past five trading sessions,"Opendoor Technologies stock (NASDAQ:OPEN), which operates a digital platform for buying and selling residential real estate along with title insurance and escrow services in the United States, has fa… [+3124 chars]",https://www.forbes.com/sites/greatspeculations/2025/08/19/will-opendoor-stocks-rally-continue/,https://imageio.forbes.com/specials-images/imageserve/68a43c177606cd8c412b3c17/0x0.jpg?format=jpg&height=900&width=1600&fit=bounds,2025-08-19 12:41:32+00:00,"Trefis Team, Contributor, 
 Trefis Team, Contributor
 https://www.forbes.com/sites/greatspeculations/people/trefis/",Forbes
Monthly Roundup #33: August 2025,"Published on August 19, 2025 12:40 PM GMTI got suckered into paying attention to multiple non-AI political stories this month: The shooting of the messenger, in violation of the most sacred principles, via firing the head of the USA’s Bureau of Labor Statisti…","I got suckered into paying attention to multiple non-AI political stories this month: The shooting of the messenger, in violation of the most sacred principles, via firing the head of the USAs Bureau… [+94719 chars]",https://www.lesswrong.com/posts/Sqrt2FC3c45QpX3Au/monthly-roundup-33-august-2025,"https://res.cloudinary.com/lesswrong-2-0/image/upload/f_auto,q_auto/v1/mirroredImages/Sqrt2FC3c45QpX3Au/rdwxgmmwf7omvm7po0bs",2025-08-19 12:40:10+00:00,Zvi,Lesswrong.com
Wall Street hovers near records as markets take in earnings ahead of Powell speech Friday,Wall Street held near its records in premarket trading Tuesday.,"By ELAINE KURTENBACH and MATT OTT, Associated Press Business Writers
Wall Street held near its records in premarket trading Tuesday as traders digested the latest corporate earnings reports while wa… [+3015 chars]",https://www.bostonherald.com/2025/08/19/stock-market-earnings-powell-impact/,https://www.bostonherald.com/wp-content/uploads/2025/08/Financial_Markets_Wall_Street_22691-1.jpg?w=1024&h=682,2025-08-19 12:39:49+00:00,Associated Press,Boston Herald
Sam Altman might be right: He’s not the only one who thinks the stock market is in ‘bubble’ territory,"Sam Altman may be right to say that investors in AI are “overexcited” but this isn’t a bubble in the tulip mania sense—OpenAI has real revenues ($13 billion) and massive user growth. Still, tech valuations, especially the Magnificent 7’s dominance in the S&P …","Sam Altman may be right to say that investors in AI are overexcited but this isnt a bubble in the tulip mania senseOpenAI has real revenues ($13 billion) and massive user growth. Still, tech valuatio… [+137 chars]",https://biztoc.com/x/d1a5f11f74cbdef1,https://biztoc.com/cdn/d1a5f11f74cbdef1_s.webp,2025-08-19 12:36:42+00:00,fortune.com,Biztoc.com
Sam Altman might be right: He’s not the only one who thinks the stock market is in ‘bubble’ territory,A company with a chatbot that often gets things wrong is somehow about to become the largest unicorn earth has ever seen. That does feel frothy.,OpenAI CEO Sam Altman said the word bubble three times in 15 seconds in a room full of reporters and then urged them not to write a story about itthus ensuring that plenty of stories would be written… [+4123 chars],https://fortune.com/2025/08/19/sam-altman-stock-market-bubble-ai/,"https://fortune.com/img-assets/wp-content/uploads/2025/08/GettyImages-2224154849_16f217.jpg?resize=1200,600",2025-08-19 12:28:25+00:00,Jim Edwards,Fortune
Sam Altman might be right: He’s not the only one who thinks the stock market is in ‘bubble’ territory,A company with a chatbot that often gets things wrong is somehow about to become the largest unicorn earth has ever seen. That does feel frothy.,"<ul><li>Sam Altman may be right to say that investors in AI are overexcited, but this isnt a bubble in the tulip mania sense. OpenAI has real revenues ($13 billion) and massive user growth. Still, te… [+4526 chars]",https://finance.yahoo.com/news/sam-altman-might-not-only-122825096.html,https://s.yimg.com/ny/api/res/1.2/a_AwbME.m8uwezyUm74mAQ--/YXBwaWQ9aGlnaGxhbmRlcjt3PTEyMDA7aD04MTI-/https://media.zenfs.com/en/fortune_175/4a704b2a780119505bc79f920cfe71f3,2025-08-19 12:28:25+00:00,Jim Edwards,Yahoo Entertainment
spx-python 0.1.0rc3,A Python library for managing spx server.,"A required part of this site couldnt load. This may be due to a browser
 extension, network issues, or browser settings. Please check your
 connection, disable any ad blockers, or try using a diffe… [+12 chars]",https://pypi.org/project/spx-python/0.1.0rc3/,,2025-08-19 12:24:50+00:00,aleksander.stanik@hammerheadesengineers.com,Pypi.org
"Dow, S&P 500, Nasdaq futures slip as markets wait and watch Fed rate-cut hopes amid Ukraine tensions","US Stock Market Futures are slipping as investors adopt a cautious “wait-and-watch” approach. The Dow, S&P 500, Nasdaq futures show modest losses amid uncertainty over the Federal Reserve’s potential rate cuts and ongoing U.S.–Ukraine talks.","U.S. stock futures are sliding as investors adopt a cautious wait-and-watch stance. The Dow, S&amp;P 500, and Nasdaq are all showing modest declines amid uncertainty over two major drivers: the Feder… [+5788 chars]",https://economictimes.indiatimes.com/news/international/us/us-stock-market-futures-slip-dow-sp-500-nasdaq-futures-slip-as-markets-wait-and-watch-fed-rate-cut-hopes-amid-ukraine-tensions/articleshow/123386762.cms,"https://img.etimg.com/thumb/msid-123386716,width-1200,height-630,imgsize-73958,overlay-economictimes/articleshow.jpg",2025-08-19 12:14:17+00:00,Global Desk,The Times of India
What Are Wall Street Analysts' Target Price for International Flavors & Fragrances Stock?,"International Flavors & Fragrances has considerably underperformed the broader market over the past year, but analysts are moderately optimistic about the...","International Flavors &amp; Fragrances Inc. (IFF), headquartered in New York, produces and markets cosmetic active and natural health ingredients for use in various consumer products. Valued at $16.7… [+1943 chars]",https://www.barchart.com/story/news/34244043/what-are-wall-street-analysts-target-price-for-international-flavors-fragrances-stock,https://media.zenfs.com/en/barchart_com_477/67904a9746fc33a1eedfdef3af5fff54,2025-08-19 12:05:36+00:00,Neha Panjwani,Barchart.com
LyondellBasell Stock: Is Wall Street Bullish or Bearish?,"LyondellBasell has considerably underperformed the broader market over the past year, and analysts are cautious about the stock’s prospects.","LyondellBasell Industries N.V. (LYB), headquartered in Houston, Texas, operates as a chemical company. Valued at $17.2 billion by market cap, the company manufactures plastic, chemical, and fuel prod… [+2162 chars]",https://www.barchart.com/story/news/34243602/lyondellbasell-stock-is-wall-street-bullish-or-bearish,https://media.zenfs.com/en/barchart_com_477/4947a09f69d4b04633b4e6809b87ec7e,2025-08-19 12:01:55+00:00,Neha Panjwani,Barchart.com
Bio-Techne Stock: Analyst Estimates & Ratings,"Bio-Techne has considerably underperformed the broader market over the past year, but analysts are moderately optimistic about the stock’s prospects.","Bio-Techne Corporation (TECH), headquartered in Minneapolis, Minnesota, develops, manufactures, and sells life science reagents, instruments, and services for the research, diagnostics, and bioproces… [+2147 chars]",https://www.barchart.com/story/news/34243199/bio-techne-stock-analyst-estimates-ratings,https://media.zenfs.com/en/barchart_com_477/600c47207ae7fa78422335f0bb0e1be7,2025-08-19 11:57:32+00:00,Neha Panjwani,Barchart.com
Are Wall Street Analysts Bullish on Automatic Data Processing Stock?,"Automatic Data Processing has underperformed the broader market over the past year, and analysts are cautious about the stock’s prospects.","Automatic Data Processing, Inc. (ADP) provides cloud-based human capital management (HCM) solutions worldwide. Valued at $122.2 billion by market cap, the company's services include a wide range of h… [+1960 chars]",https://www.barchart.com/story/news/34243027/are-wall-street-analysts-bullish-on-automatic-data-processing-stock,https://s.yimg.com/ny/api/res/1.2/NxJAWLHV.v9qummBlm7m9w--/YXBwaWQ9aGlnaGxhbmRlcjt3PTEyMDA7aD04MDA-/https://media.zenfs.com/en/barchart_com_477/bdb82114a53e93007a05f5d8860d6599,2025-08-19 11:53:11+00:00,Neha Panjwani,Barchart.com
2 Outstanding ‘Strong Buy’ Stocks to Grab in August,These two stocks offer a rare combination of income and growth.,"For savvy investors looking for long-term businesses that not only dominate their industries today but also have the innovation engine to continue leading tomorrow, two stocks stand out to me.
For l… [+5558 chars]",https://www.barchart.com/story/news/34242494/2-outstanding-strong-buy-stocks-to-grab-in-august,https://s.yimg.com/ny/api/res/1.2/sdf4QLnk6tSB.cHvSnzI2Q--/YXBwaWQ9aGlnaGxhbmRlcjt3PTEyMDA7aD04MTE-/https://media.zenfs.com/en/barchart_com_477/4aa2e8ffa9966330537b9016ab4e764e,2025-08-19 11:30:02+00:00,Sushree Mohanty,Barchart.com
Direct-To-Chip Liquid Cold Plate Global Market Forecast Report 2025-2030 | Harnessing Innovation in Direct-to-Chip Liquid Cold Plates to Meet the Rising Demand in High-Performance Electronics,"Direct-to-chip liquid cold plate technology is thriving, driven by AI demand, data center growth, and vehicle electrification. Opportunities lie in responding to semiconductor power density challenges, enhancing supply chains, and offering IoT-enabled service…","Dublin, Aug. 19, 2025 (GLOBE NEWSWIRE) -- The ""Direct-To-Chip Liquid Cold Plate Market by End User Industry (Aerospace &amp; Defense, Automotive, Consumer Electronics), Coolant Type (DI Water, Dielec… [+6115 chars]",https://www.globenewswire.com/news-release/2025/08/19/3135547/28124/en/Direct-To-Chip-Liquid-Cold-Plate-Global-Market-Forecast-Report-2025-2030-Harnessing-Innovation-in-Direct-to-Chip-Liquid-Cold-Plates-to-Meet-the-Rising-Demand-in-High-Performance-El.html,https://ml.globenewswire.com/Resource/Download/908fb457-7f8e-4a08-9081-5565e3dfb3d7,2025-08-19 10:17:00+00:00,Research and Markets,GlobeNewswire
Should You Buy the Dip in Kroger Stock?,Kroger stock falls following amazon fresh expansion announcement.,"The Kroger Company (KR) is one of Americas leading retail giants, specializing in multi-departmental stores and supermarkets. Kroger offers an extensive selection of products, ranging from fresh food… [+3684 chars]",https://www.barchart.com/story/news/34230469/should-you-buy-the-dip-in-kroger-stock,https://s.yimg.com/ny/api/res/1.2/YbzzRplZoYX8xWq1hDVKKg--/YXBwaWQ9aGlnaGxhbmRlcjt3PTEyMDA7aD04MDA-/https://media.zenfs.com/en/barchart_com_477/8006783645eac908645c211fc59d1b33,2025-08-18 20:57:04+00:00,Ruchi Gupta,Barchart.com
Stocks Settle Little Changed as Bond Yields Climb,"The S&P 500 Index ($SPX ) (SPY ) on Monday closed down by -0.01%, the Dow Jones Industrials Index ($DOWI ) (DIA ) closed down by -0.08%, and the Nasdaq 100...","The S&amp;P 500 Index ($SPX) (SPY) on Monday closed down by -0.01%, the Dow Jones Industrials Index ($DOWI) (DIA) closed down by -0.08%, and the Nasdaq 100 Index ($IUXX) (QQQ) closed up by +0.01%.  S… [+7656 chars]",https://www.barchart.com/story/news/34230004/stocks-settle-little-changed-as-bond-yields-climb,https://s.yimg.com/ny/api/res/1.2/fqFpw6c8ghhgLpvEzhGv2Q--/YXBwaWQ9aGlnaGxhbmRlcjt3PTEyMDA7aD05MDA-/https://media.zenfs.com/en/barchart_com_477/970c77b774bc04c7a2f5571e5f8ff0df,2025-08-18 20:33:48+00:00,Rich Asplund,Barchart.com
Closing CBOE SPX and VIX Index summary for August 18th,"See the rest of the story here.

thefly.com provides the latest financial news as it breaks. Known as a leader in market intelligence, The Fly's real-time, streaming news feed keeps individual investors, professional money managers, active traders, and corpor…","Earnings calls, analyst events, roadshows and more",https://thefly.com/permalinks/entry.php/id4185260/VIX-Closing-CBOE-SPX-and-VIX-Index-summary-for-August-th,https://thefly.com/images/meta/options.jpg,2025-08-18 20:20:03+00:00,,Thefly.com
"Price predictions 8/18: SPX, DXY, BTC, ETH, XRP, BNB, SOL, DOGE, ADA, LINK","Technical charts suggest Bitcoin and Ether selling could intensify near their respective support levels, unless dip-buyers show up.","Key points:
<ul><li>Bitcoin is showing a negative divergence on the charts, signaling a weakening in bullish momentum.
</li><li>Buyers need to maintain Ether above $4,094 to retain the upper hand.… [+8146 chars]",https://cointelegraph.com/news/price-predictions-8-18-spx-dxy-btc-eth-xrp-bnb-sol-doge-ada-link,"https://images.cointelegraph.com/cdn-cgi/image/format=auto,onerror=redirect,quality=90,width=1200/https://s3.cointelegraph.com/uploads/2025-08/0198be26-7817-713e-840a-93dbdc878e86",2025-08-18 18:00:00+00:00,Cointelegraph by Rakesh Upadhyay,Cointelegraph
Dow Jones Today: Stocks Tick Lower After Two Straight Weeks of Gains for Major Indexes,"Stocks were slightly lower in early-afternoon trading Monday as investors prepared for a slew of retail sector earnings reports in the coming days and a major speech from Federal Reserve Chair Jerome Powell at the end of the week.
The Dow Jones Industrial Ave…",Stocks were slightly lower in early-afternoon trading Monday as investors prepared for a slew of retail sector earnings reports in the coming days and a major speech from Federal Reserve Chair Jerome… [+160 chars],https://biztoc.com/x/1a7ede4151179842,https://biztoc.com/cdn/1a7ede4151179842_s.webp,2025-08-18 17:55:44+00:00,investopedia.com,Biztoc.com
Stocks often rise the week of the Fed’s big Jackson Hole gathering. Don’t count on it this year.,"Later this week, economists, central bankers and members of the business press will gather in Jackson Hole, Wyo. for the Kansas City Fed’s annual Jackson...","Fed Chair Jerome Powell speaks Friday. - Saul Loeb/Agence France-Presse/Getty Images
Later this week, economists, central bankers and members of the business press will gather in Jackson Hole, Wyo. … [+4628 chars]",https://www.marketwatch.com/story/stocks-often-rise-the-week-of-the-feds-big-jackson-hole-gathering-dont-count-on-it-this-year-c51250c8,https://s.yimg.com/ny/api/res/1.2/D69B7J1U6CDrdcqXgxaLUQ--/YXBwaWQ9aGlnaGxhbmRlcjt3PTEyMDA7aD02MDA-/https://media.zenfs.com/en/marketwatch_hosted_869/d00669edfd89d2e550a2974a693fbf05,2025-08-18 16:33:00+00:00,Joseph Adinolfi,MarketWatch
"Becton, Dickinson and Company Stock: Is Wall Street Bullish or Bearish?","Despite Becton, Dickinson and Company’s weak performance relative to the broader market over the past year, Wall Street analysts remain moderately optimistic...","With a market cap of $56.2 billion, Becton, Dickinson and Company (BDX) is a global medical technology leader that develops, manufactures, and sells medical devices, laboratory equipment, and diagnos… [+2209 chars]",https://www.barchart.com/story/news/34225821/becton-dickinson-and-company-stock-is-wall-street-bullish-or-bearish,https://media.zenfs.com/en/barchart_com_477/b59fb8bc46fc0088a9d92404e2cf5208,2025-08-18 16:18:56+00:00,Sohini Mondal,Barchart.com
Stocks Mixed Before Trump-Zelenskiy Meeting and Retailer Earnings,"The S&P 500 Index ($SPX ) (SPY ) today is down by -0.03%, the Dow Jones Industrials Index ($DOWI ) (DIA ) is up by +0.03%, and the Nasdaq 100 Index ($IUXX ) ...","The S&amp;P 500 Index ($SPX) (SPY) today is down by -0.03%, the Dow Jones Industrials Index ($DOWI) (DIA) is up by +0.03%, and the Nasdaq 100 Index ($IUXX) (QQQ) is down by -0.09%.  September E-mini … [+6692 chars]",https://www.barchart.com/story/news/34224640/stocks-mixed-before-trump-zelenskiy-meeting-and-retailer-earnings,https://s.yimg.com/ny/api/res/1.2/Sxsc7AGptQxSOfq4Q2t5Uw--/YXBwaWQ9aGlnaGxhbmRlcjt3PTEyMDA7aD04MDA-/https://media.zenfs.com/en/barchart_com_477/ae7ee21b7adc3615d29d0e151145646a,2025-08-18 15:17:05+00:00,Rich Asplund,Barchart.com
"Trade the Warren Buffett Rally in UnitedHealth Stock With This High-Reward, Low-Risk Options Strategy",UNH is a great example of stocks that benefit from options collars.,"Early in my professional investing career, I learned that no matter how much you think you know, the market knows more.
So while we should always try to assess where a stock or sector is headed, the… [+4740 chars]",https://www.barchart.com/story/news/34224370/trade-the-warren-buffett-rally-in-unitedhealth-stock-with-this-high-reward-low-risk-options-strategy,https://s.yimg.com/ny/api/res/1.2/oO1ugcC5zIyic6JLu0c32Q--/YXBwaWQ9aGlnaGxhbmRlcjt3PTEyMDA7aD04MDA-/https://media.zenfs.com/en/barchart_com_477/e627f8b80b259ac71804b3d9abc79b3b,2025-08-18 14:58:34+00:00,Rob Isbitts,Barchart.com
Akamai Technologies Stock: Analyst Estimates & Ratings,"While Akamai Technologies has lagged behind the broader market over the past year, Wall Street analysts maintain a moderately optimistic outlook on the...","With a market cap of $10.7 billion, Akamai Technologies, Inc. (AKAM) is a global leader in content delivery, cloud infrastructure, and security solutions. The company helps organizations accelerate d… [+1964 chars]",https://www.barchart.com/story/news/34223850/akamai-technologies-stock-analyst-estimates-ratings,https://media.zenfs.com/en/barchart_com_477/a3f915c517d6025f641017163c46a377,2025-08-18 14:24:13+00:00,Sohini Mondal,Barchart.com
Are Wall Street Analysts Predicting CarMax Stock Will Climb or Sink?,"Although CarMax has underperformed the broader market considerably over the past year, Wall Street analysts maintain a moderately optimistic outlook for the ...","Valued at a market cap of $8.7 billion, CarMax, Inc. (KMX) is a leading retailer of used vehicles and related products. The Richmond, Virginia-based company offers customers a broad selection of dome… [+2043 chars]",https://www.barchart.com/story/news/34223779/are-wall-street-analysts-predicting-carmax-stock-will-climb-or-sink,https://media.zenfs.com/en/barchart_com_477/42de8288106f00d4c86b7720a0c58560,2025-08-18 14:19:40+00:00,Neharika Jain,Barchart.com
Lowe's Stock: Analyst Estimates & Ratings,"Despite Lowe's underperformance relative to the S&P 500 over the past year, Wall Street analysts maintain a moderately optimistic outlook about the stock’s...","Mooresville, North Carolina-based Lowe's Companies, Inc. (LOW) is a leading home improvement retailer with a market cap of $141.3 billion. The company provides a line of products for construction, ma… [+2153 chars]",https://www.barchart.com/story/news/34223735/lowe-s-stock-analyst-estimates-ratings,https://media.zenfs.com/en/barchart_com_477/0c013c8108c608a08c250fac158b9bc9,2025-08-18 14:16:44+00:00,Neharika Jain,Barchart.com
Do Wall Street Analysts Like Zimmer Biomet Stock?,"While Zimmer Biomet has lagged behind the broader market over the past year, Wall Street analysts maintain a moderately optimistic outlook about the stock’s ...","Valued at a market cap of $20.4 billion, Zimmer Biomet Holdings, Inc. (ZBH) is a medical technology company based in Warsaw, Indiana. Its products and solutions are used to treat patients suffering f… [+1965 chars]",https://www.barchart.com/story/news/34223681/do-wall-street-analysts-like-zimmer-biomet-stock,https://s.yimg.com/ny/api/res/1.2/jXs8TBDtgQjl9s3T6oZ7CA--/YXBwaWQ9aGlnaGxhbmRlcjt3PTEyMDA7aD04MDA-/https://media.zenfs.com/en/barchart_com_477/0488c1c7f5178bdb0af48a4c059e7e1e,2025-08-18 14:12:52+00:00,Neharika Jain,Barchart.com
Hilton Stock Outlook: Is Wall Street Bullish or Bearish?,"Hilton has outpaced the broader market over the past year, and Wall Street analysts maintain a moderately optimistic outlook on the stock’s prospects.","McLean, Virginia-based Hilton Worldwide Holdings Inc. (HLT) is a hospitality company that manages, franchises, owns, and leases hotels and resorts. Valued at a market cap of $63 billion, the companys… [+1939 chars]",https://www.barchart.com/story/news/34223441/hilton-stock-outlook-is-wall-street-bullish-or-bearish,https://s.yimg.com/ny/api/res/1.2/pxvGuaJC.Twwk_LbVE81eQ--/YXBwaWQ9aGlnaGxhbmRlcjt3PTEyMDA7aD03OTg-/https://media.zenfs.com/en/barchart_com_477/1dac466cdd2748c9ae215374a3a771f9,2025-08-18 14:04:44+00:00,Neharika Jain,Barchart.com
Stocks Slightly Lower on Concern Over Progress to End Russian-Ukrainian War,"The S&P 500 Index ($SPX ) (SPY ) today is down by -0.05%, the Dow Jones Industrials Index ($DOWI ) (DIA ) is down by -0.08%, and the Nasdaq 100 Index ($IUXX ...","The S&amp;P 500 Index ($SPX) (SPY) today is down by -0.05%, the Dow Jones Industrials Index ($DOWI) (DIA) is down by -0.08%, and the Nasdaq 100 Index ($IUXX) (QQQ) is down by -0.17%.  September E-min… [+6562 chars]",https://www.barchart.com/story/news/34223161/stocks-slightly-lower-on-concern-over-progress-to-end-russian-ukrainian-war,https://s.yimg.com/ny/api/res/1.2/iYbZslK_faxn7jhgZaLApA--/YXBwaWQ9aGlnaGxhbmRlcjt3PTEyMDA7aD04NjY-/https://media.zenfs.com/en/barchart_com_477/a7ae4b2672b6ce658bd7fe96a66c5b12,2025-08-18 13:59:58+00:00,Rich Asplund,Barchart.com
Is Wall Street Bullish or Bearish on Darden Restaurants Stock?,"Darden Restaurants has considerably outperformed the broader market over the past year, and analysts are moderately optimistic about the stock’s prospects.","Orlando, Florida-based Darden Restaurants, Inc. (DRI) owns and operates full-service restaurants. With a market cap of $24.2 billion, the company owns and operates a variety of seafood and Italian re… [+2114 chars]",https://www.barchart.com/story/news/34223126/is-wall-street-bullish-or-bearish-on-darden-restaurants-stock,https://media.zenfs.com/en/barchart_com_477/06132702c823023f9094d838a191b102,2025-08-18 13:58:53+00:00,Neha Panjwani,Barchart.com
Are Wall Street Analysts Bullish on Marathon Petroleum Stock?,"Marathon Petroleum has underperformed the broader market over the past year, but analysts are moderately optimistic about the stock’s prospects.","Marathon Petroleum Corporation (MPC), headquartered in Findlay, Ohio, functions as an integrated downstream energy company. Valued at $49.4 billion by market cap, the company refines, supplies, marke… [+2169 chars]",https://www.barchart.com/story/news/34223111/are-wall-street-analysts-bullish-on-marathon-petroleum-stock,https://s.yimg.com/ny/api/res/1.2/hqWEzn3TtIQWnVXzsv4zLA--/YXBwaWQ9aGlnaGxhbmRlcjt3PTEyMDA7aD02NzU-/https://media.zenfs.com/en/barchart_com_477/99e6d434e49f16e282bfafd1c71ef83f,2025-08-18 13:56:37+00:00,Neha Panjwani,Barchart.com
PulteGroup Stock: Is Wall Street Bullish or Bearish?,"PulteGroup has underperformed the broader market over the past year, but analysts are moderately optimistic about the stock’s prospects.","Atlanta, Georgia-based PulteGroup, Inc. (PHM) engages in the homebuilding business. Valued at $25.4 billion by market cap, the company sells and constructs homes, and purchases, develops, and sells r… [+2331 chars]",https://www.barchart.com/story/news/34222658/pultegroup-stock-is-wall-street-bullish-or-bearish,https://media.zenfs.com/en/barchart_com_477/4298da443ab16702bdd7b9dc72e78509,2025-08-18 13:35:47+00:00,Neha Panjwani,Barchart.com
"Without this Jackson Hole signal, stocks could slide 15% in the fall, says one strategist","Fed Chair Powell’s speech may disappoint investors, according to Evercore’s Emanuel","Equities may drop like autumn leaves - david gannon/Agence France-Presse/Getty Images
Stocks start the week just shy of record highs, underpinned by a well-received corporate earnings season and hop… [+6025 chars]",https://www.marketwatch.com/story/without-this-signal-at-from-powell-at-jackson-hole-stocks-could-slide-15-says-this-strategist-887b0673,https://s.yimg.com/ny/api/res/1.2/xRzTnCz_i1lbQliysrjLMg--/YXBwaWQ9aGlnaGxhbmRlcjt3PTEyMDA7aD02MDA-/https://media.zenfs.com/en/marketwatch_hosted_869/716d535d1be4d70ba3aca7fc350539a4,2025-08-18 13:31:00+00:00,Jamie Chisholm,MarketWatch
Do Wall Street Analysts Like Solventum Stock?,"Although Solventum has outperformed the broader market over the past year, Wall Street analysts maintain a cautiously optimistic outlook on the stock’s...","With a market cap of $12.4 billion, Solventum Corporation (SOLV) is an independent healthcare company that develops, manufactures, and markets innovative solutions to meet critical patient and custom… [+2336 chars]",https://www.barchart.com/story/news/34222284/do-wall-street-analysts-like-solventum-stock,https://media.zenfs.com/en/barchart_com_477/18b59e7de316d0c579af82094f6d31bb,2025-08-18 13:16:21+00:00,Sohini Mondal,Barchart.com
Hedge Your Bets With This SPY Options Strategy While the VIX is Still Low,"John Rowland, CMT, explains why low volatility and high prices make protective strategies worth considering.","The S&amp;P 500 Index ($SPX) has been hitting new record highs, recently closing above 6,400 for the first time ever. But beneath the celebration of all-time highs lies a quieter signal: the Cboe Vol… [+2630 chars]",https://www.barchart.com/story/news/34222183/hedge-your-bets-with-this-spy-options-strategy-while-the-vix-is-still-low,https://s.yimg.com/ny/api/res/1.2/X6ibmtdZOGZkZR28UeXVTA--/YXBwaWQ9aGlnaGxhbmRlcjt3PTEyMDA7aD04MDA-/https://media.zenfs.com/en/barchart_com_477/a39f1fd1621a9bca1d830e25f80ea229,2025-08-18 13:14:02+00:00,Barchart Insights,Barchart.com
Morning Minute: Wall Street Loads Up on Bitcoin,"Institutions are buying up Bitcoin, but the average fund manager is barely allocated to crypto. What does it mean?",Morning Minute is a daily newsletter written by Tyler Warner. The analysis and opinions expressed are his own and do not necessarily reflect those of Decrypt. Subscribe to the Morning Minute on Subst… [+6845 chars],https://decrypt.co/335598/morning-minute-wall-street-loads-up-on-bitcoin,https://cdn.decrypt.co/resize/1024/height/512/wp-content/uploads/2025/06/bitcoin-decrypt-style-town-gID_7.png,2025-08-18 13:01:04+00:00,Tyler Warner,Decrypt
Dayforce Stock Outlook: Is Wall Street Bullish or Bearish?,"Despite Dayforce’s underperformance relative to the broader market over the past year, Wall Street analysts maintain a moderately optimistic outlook on the...","With a market cap of $8.4 billion, Dayforce Inc (DAY) is a leading human capital management (HCM) software company. The company provides its flagship cloud platform, Dayforce, along with payroll, wor… [+2139 chars]",https://www.barchart.com/story/news/34219550/dayforce-stock-outlook-is-wall-street-bullish-or-bearish,https://media.zenfs.com/en/barchart_com_477/2e56db47f12450efa9d5e571668bb9aa,2025-08-18 11:55:01+00:00,Sohini Mondal,Barchart.com
Are Wall Street Analysts Predicting American Water Works Stock Will Climb or Sink?,"As American Water Works has lagged the broader market over the past year, Wall Street analysts remain guarded in their outlook for the stock.","With a market cap of $28.1 billion, American Water Works Company, Inc. (AWK) is the largest publicly traded water and wastewater utility in the U.S., serving about 14 million people across 14 states … [+2065 chars]",https://www.barchart.com/story/news/34218688/are-wall-street-analysts-predicting-american-water-works-stock-will-climb-or-sink,https://media.zenfs.com/en/barchart_com_477/c221abf5ca754ad6a4f40f58943f05e9,2025-08-18 11:05:29+00:00,Kritika Sarmah,Barchart.com
What Are Wall Street Analysts' Target Price for Targa Resources Stock?,"While Targa Resources has underperformed the broader market over the past year, Wall Street analysts continue to hold a highly bullish outlook on the...","Valued at a market cap of $35.1 billion, Targa Resources Corp. (TRGP) is a leading midstream energy infrastructure company that owns and operates a vast network of assets across North America. Headqu… [+2158 chars]",https://www.barchart.com/story/news/34218606/what-are-wall-street-analysts-target-price-for-targa-resources-stock,https://media.zenfs.com/en/barchart_com_477/2965daa931c2c16478b45bc1b81d95a3,2025-08-18 11:02:36+00:00,Kritika Sarmah,Barchart.com
Eaton Stock: Is Wall Street Bullish or Bearish?,"Despite Eaton’s underperformance relative to the broader market over the past year, Wall Street analysts continue to hold a cautiously optimistic view of the...","Eaton Corporation plc (ETN), headquartered in Dublin, Ireland, is a global power management company. Valued at a market cap of $136.7 billion, Eaton operates in over 175 countries through its five ma… [+1942 chars]",https://www.barchart.com/story/news/34218444/eaton-stock-is-wall-street-bullish-or-bearish,https://media.zenfs.com/en/barchart_com_477/48856c322dfebeffbaf2132316a625e6,2025-08-18 11:00:03+00:00,Kritika Sarmah,Barchart.com
Is Wall Street Bullish or Bearish on Thermo Fisher Scientific Stock?,"While Thermo Fisher Scientific has underperformed the broader market over the past year, Wall Street analysts continue to hold a bullish view of the stock’s ...","With a market cap of $155.6 billion, Thermo Fisher Scientific Inc. (TMO) stands as a global leader in serving science, providing cutting-edge technologies, services, and solutions that drive research… [+2036 chars]",https://www.barchart.com/story/news/34218376/is-wall-street-bullish-or-bearish-on-thermo-fisher-scientific-stock,https://media.zenfs.com/en/barchart_com_477/be235f25c37ecf6edea4a9e7179294f9,2025-08-18 10:55:37+00:00,Kritika Sarmah,Barchart.com
Are Wall Street Analysts Bullish on Aon Stock?,"Though Aon has trailed the broader market over the past year, Wall Street analysts maintain a cautiously optimistic stance on its future prospects.","With a market cap of $79.1 billion, Aon plc (AON) is a global professional services firm specializing in risk management, human capital consulting, insurance, and reinsurance brokerage. Based in Dubl… [+2003 chars]",https://www.barchart.com/story/news/34218335/are-wall-street-analysts-bullish-on-aon-stock,https://s.yimg.com/ny/api/res/1.2/vH65VQ3ZMCRM_QBeNWFQiQ--/YXBwaWQ9aGlnaGxhbmRlcjt3PTEyMDA7aD04MDE-/https://media.zenfs.com/en/barchart_com_477/4e78c87d923747c04635bbffa682e28a,2025-08-18 10:50:37+00:00,Kritika Sarmah,Barchart.com
Top 15 Food & Beverage Pump Companies Leading Market Innovation in 2025 and Beyond,"Explore the comprehensive ""Food & Beverage Industry Pumps Companies Quadrant"", offering key insights into the global pumps market. This report covers over 140 companies, identifying the top 15 leaders. Critical trends include a rising demand for efficient mac…","Dublin, Aug. 18, 2025 (GLOBE NEWSWIRE) -- The ""Food and Beverage Industry Pumps - Company Evaluation Report, 2025"" has been added to ResearchAndMarkets.com's offering.
The Food &amp; beverage indust… [+6409 chars]",https://www.globenewswire.com/news-release/2025/08/18/3134762/28124/en/Top-15-Food-Beverage-Pump-Companies-Leading-Market-Innovation-in-2025-and-Beyond.html,https://ml.globenewswire.com/Resource/Download/908fb457-7f8e-4a08-9081-5565e3dfb3d7,2025-08-18 08:10:00+00:00,Research and Markets,GlobeNewswire
"Crypto market’s weekly winners and losers – OKB, AERO, SPX, PENGU",", Mantle [MNT], and Aerodrome Finance [AERO] led the week with sharp price surges. In contrast, SPX6900 [SPX], Pudgy Penguins [PENGU], and Conflux [CFX] saw significant declines.
This week in crypto was a rollercoaster.
Bitcoin [BTC] shot past $123k on rate-c…",", Mantle [MNT], and Aerodrome Finance [AERO] led the week with sharp price surges. In contrast, SPX6900 [SPX], Pudgy Penguins [PENGU], and Conflux [CFX] saw significant declines.This week in crypto w… [+147 chars]",https://biztoc.com/x/db814c8e4e514b34,https://biztoc.com/cdn/db814c8e4e514b34_s.webp,2025-08-17 21:23:55+00:00,ambcrypto.com,Biztoc.com
Investors are plowing into homebuilder stocks. Will Jackson Hole prove them wrong?,"Previously unloved stocks are making a big comeback before Jackson Hole, the Federal Reserve’s annual summer economic summit","Stocks of homebuilders are rallying ahead of the Federal Reserves annual summer economic summit in Jackson Hole, Wyo. - AFP/Getty Images
Previously unloved stocks have been making a big comeback, wi… [+5058 chars]",https://www.marketwatch.com/story/investors-are-plowing-into-homebuilder-stocks-will-jackson-hole-prove-them-wrong-adff93ec,https://s.yimg.com/ny/api/res/1.2/AeFBSCpFKuHW5bQJVOIPUg--/YXBwaWQ9aGlnaGxhbmRlcjt3PTEyMDA7aD02MDA-/https://media.zenfs.com/en/marketwatch_hosted_869/73f4af1517bbeb1d94a048a657842dd2,2025-08-17 20:03:00+00:00,Joy Wiltermuth,MarketWatch
"Crypto market’s weekly winners and losers – OKB, AERO, SPX, PENGU",It was a rollercoaster week in crypto - Here’s how the crowd favorites stacked up.,"Key Takeaways
OKB [OKB], Mantle [MNT], and Aerodrome Finance [AERO] led the week with sharp price surges. In contrast, SPX6900 [SPX], Pudgy Penguins [PENGU], and Conflux [CFX] saw significant declin… [+5852 chars]",https://ambcrypto.com/crypto-market-weekly-review-17-august/,https://ambcrypto.com/wp-content/uploads/2025/08/Ritika2-5-1000x600.webp,2025-08-17 19:00:52+00:00,Ritika Gupta,Ambcrypto.com
"Powell, Trump Talks and Other Can't Miss Items this Week",Markets enter a potentially pivotal week as the S&P 500 navigates significant geopolitical developments and the year's most anticipated monetary policy...,Markets enter a potentially pivotal week as the S&amp;P 500 ($SPX) (SPY) navigates significant geopolitical developments and the year's most anticipated monetary policy speech. President Trump's Alas… [+6528 chars],https://www.barchart.com/story/news/34212044/powell-trump-talks-and-other-can-t-miss-items-this-week,https://s.yimg.com/ny/api/res/1.2/IHMpg.SuTkOpJxuUGmKwCw--/YXBwaWQ9aGlnaGxhbmRlcjt3PTEyMDA7aD03OTc-/https://media.zenfs.com/en/barchart_com_477/a3f8b7b175c2147da9ed22b631b9dee3,2025-08-17 17:00:02+00:00,Gavin McMaster,Barchart.com
"SPX Technologies, Inc. (NYSE:SPXC) Shares Sold by Deutsche Bank AG","Deutsche Bank AG lessened its holdings in shares of SPX Technologies, Inc. (NYSE:SPXC – Free Report) by 7.4% in the first quarter, according to the company in its most recent filing with the SEC. The institutional investor owned 53,973 shares of the company’s…","Deutsche Bank AG lessened its holdings in shares of SPX Technologies, Inc. (NYSE:SPXC – Free Report) by 7.4% in the first quarter, according to the company in its most recent filing with the SEC. The… [+5571 chars]",https://www.etfdailynews.com/2025/08/17/spx-technologies-inc-nysespxc-shares-sold-by-deutsche-bank-ag/,https://www.americanbankingnews.com/wp-content/timthumb/timthumb.php?src=https://www.marketbeat.com/logos/spx-technologies-inc-logo-1200x675.png?v=20221118145006&w=240&h=240&zc=2,2025-08-17 08:46:54+00:00,MarketBeat News,ETF Daily News
NASA opens next round in Moon recycling challenge,"Los Angeles CA (SPX) Aug 13, 2025


NASA has launched Phase 2 of its LunaRecycle Challenge, inviting U.S. innovators to create systems for recycling trash generated during deep space missions. The goal is to convert materials such as fabrics, plastics, foam, …","NASA opens next round in Moon recycling challengeby Clarence OxfordLos Angeles CA (SPX) Aug 13, 2025
NASA has launched Phase 2 of its LunaRecycle Challenge, inviting U.S. innovators to create system… [+2045 chars]",https://www.moondaily.com/reports/NASA_opens_next_round_in_Moon_recycling_challenge_999.html,https://www.spxdaily.com/images-hg/esa-moon-base-3d-printing-hg.jpg,2025-08-17 07:55:59+00:00,,Moondaily.com
Astronaut crew tests new generation spacewalk suits and conducts health research aboard Tiangong,"Tokyo, Japan (SPX) Aug 13, 2025

The Shenzhou XX mission astronauts aboard China's Tiangong space station have recently completed key assignments, including unpacking and testing two newly delivered spacewalk suits, the China Manned Space Agency reported. 

C…","Astronaut crew tests new generation spacewalk suits and conducts health research aboard Tiangongby Riko SeiboTokyo, Japan (SPX) Aug 13, 2025
The Shenzhou XX mission astronauts aboard China's Tiangon… [+1952 chars]",https://www.spacedaily.com/reports/Astronaut_crew_tests_new_generation_spacewalk_suits_and_conducts_health_research_aboard_Tiangong_999.html,https://www.spxdaily.com/images-hg/chinese-astronaut-taikonaut-zhai-zhigang-eva-hg.jpg,2025-08-17 07:55:59+00:00,,Space Daily
Highly magnetized galaxies at cosmic noon shrouded in energetic cosmic ray halos,"London, UK (SPX) Aug 13, 2025


A multinational team led by the Institute for Research in Fundamental Sciences (IPM), with contributions from the Inter-University Institute for Data-Intensive Astronomy (IDIA) and the University of Oxford, has examined 160 dis…","Highly magnetized galaxies at cosmic noon shrouded in energetic cosmic ray halosby Sophie JenkinsLondon, UK (SPX) Aug 13, 2025
A multinational team led by the Institute for Research in Fundamental S… [+2398 chars]",https://www.spacedaily.com/reports/Highly_magnetized_galaxies_at_cosmic_noon_shrouded_in_energetic_cosmic_ray_halos_999.html,https://www.spxdaily.com/images-hg/cosmic-ray-driven-winds-artwork-hg.jpg,2025-08-17 07:55:59+00:00,,Space Daily
EDGX secures multi million euro seed funding to advance satellite AI computing,"Berlin, Germany (SPX) Aug 13, 2025


Belgian space technology company EDGX has raised euro 2.3 million in seed financing to accelerate the rollout of its Sterna edge AI computer for satellites. 

The firm also confirmed a euro 1.1 million multi-unit sale to a…","EDGX secures multi million euro seed funding to advance satellite AI computingby Robert SchreiberBerlin, Germany (SPX) Aug 13, 2025
Belgian space technology company EDGX has raised euro 2.3 million … [+1914 chars]",https://www.spacedaily.com/reports/EDGX_secures_multi_million_euro_seed_funding_to_advance_satellite_AI_computing_999.html,https://www.spxdaily.com/images-hg/space-wormhole-portal-ai-woman-marker-hg.jpg,2025-08-17 07:55:59+00:00,,Space Daily
Automated collision avoidance system moves closer to space deployment,"Paris, France (SPX) Aug 13, 2025


Earth orbit is growing more congested, with over 11,000 active satellites and more on the way, plus more than 1.2 million debris fragments larger than 1 cm. This rising population makes collision risks a daily operational ch…","Automated collision avoidance system moves closer to space deploymentby Erica MarchandParis, France (SPX) Aug 13, 2025
Earth orbit is growing more congested, with over 11,000 active satellites and m… [+2389 chars]",https://www.spacedaily.com/reports/Automated_collision_avoidance_system_moves_closer_to_space_deployment_999.html,https://www.spxdaily.com/images-hg/esa-guidance-navigation-and-control-gnc-rendezvous-approach-and-landing-simulator-grals-hg.jpg,2025-08-17 07:55:59+00:00,,Space Daily
New nuclear program will boost UK energy security through sustainable graphite innovation,"Manchester UK (SPX) Aug 13, 2025


A consortium of UK universities has been awarded a major grant to lead a new programme that will transform the lifecycle of graphite in nuclear energy - an essential material for the future deployment of nuclear power. 

The…","New nuclear program will boost UK energy security through sustainable graphite innovationby Jessica MarshManchester UK (SPX) Aug 13, 2025
A consortium of UK universities has been awarded a major gra… [+6350 chars]",https://www.nuclearpowerdaily.com/reports/New_nuclear_program_will_boost_UK_energy_security_through_sustainable_graphite_innovation_999.html,https://www.spxdaily.com/images-hg/uk-sizewell-c-nuclear-power-plant-edf-hg.jpg,2025-08-17 07:55:59+00:00,,Nuclearpowerdaily.com
Chemists Help Solve Mystery of Missing Space Sulfur,"Oxford MS (SPX) Aug 13, 2025


For decades, astrochemists have been looking for sulfur atoms in space and finding surprisingly little of the element that is a key ingredient to life. A new study could point to where it has been hiding. 

An international team…","Chemists Help Solve Mystery of Missing Space Sulfurby Clara Turnage for UM NewsOxford MS (SPX) Aug 13, 2025
For decades, astrochemists have been looking for sulfur atoms in space and finding surpris… [+3387 chars]",https://www.spacedaily.com/reports/Chemists_Help_Solve_Mystery_of_Missing_Space_Sulfur_999.html,https://www.spxdaily.com/images-hg/webb-wasp-39b-sulfur-dioxide-exoplanet-atmosphere-hg.jpg,2025-08-17 07:55:59+00:00,,Space Daily
Early galaxies - or something else? Mizzou scientists uncover mysterious objects in the universe,"Columbia MO (SPX) Aug 13, 2025


In a new study, scientists at the University of Missouri looked deep into the universe and found something unexpected. Using infrared images taken from NASA's powerful James Webb Space Telescope (JWST), they identified 300 obj…","Early galaxies - or something else? Mizzou scientists uncover mysterious objects in the universeby Eric StannColumbia MO (SPX) Aug 13, 2025
In a new study, scientists at the University of Missouri l… [+4244 chars]",https://www.spacedaily.com/reports/Early_galaxies___or_something_else_Mizzou_scientists_uncover_mysterious_objects_in_the_universe_999.html,https://www.spxdaily.com/images-hg/early-universe-epoch-dark-ages-reionisation-and-galaxy-observables-from-numerical-simulations-dragons-hg.jpg,2025-08-17 07:55:59+00:00,,Space Daily
Zoomlion names first engineering machinery satellite and expands digital intelligent and green ambitions into space,"Los Angeles CA (SPX) Aug 13, 2025


Zoomlion Heavy Industry Science and Technology Co Ltd (1157.HK) has achieved a sector first with the successful orbital deployment of the Zoomlion corporate-named satellite. Launched at 00:31 Beijing time aboard a Jielong-3…","Zoomlion names first engineering machinery satellite and expands digital intelligent and green ambitions into spaceby Clarence OxfordLos Angeles CA (SPX) Aug 13, 2025
Zoomlion Heavy Industry Science… [+1802 chars]",https://www.spacedaily.com/reports/Zoomlion_names_first_engineering_machinery_satellite_and_expands_digital_intelligent_and_green_ambitions_into_space_999.html,https://www.spxdaily.com/images-hg/microsat-spix-hg.jpg,2025-08-17 07:55:59+00:00,,Space Daily
SPX falls 20% in a week! – Assessing the risk of further losses,"Behind the memecoin drama, outflows and weak buy pressure hint at deeper cracks.","Key Takeaways
SPX6900 dropped 20% amid $2.77 million spot outflows, $12.9 million Open Interest reduction, and a bearish Taker Buy-Sell Ratio. Technicals flagged weakening support, while sector-wide… [+2390 chars]",https://ambcrypto.com/spx-falls-20-in-a-week-assessing-the-risk-of-further-losses/,https://ambcrypto.com/wp-content/uploads/2025/08/Abdul-4-2-1000x600.webp,2025-08-17 06:00:26+00:00,Olayiwola Dolapo,Ambcrypto.com
Next generation of autonomous drones will harness wind like an albatross,"Cincinnati, OH (SPX) Aug 01, 2025 -

How does one of the biggest birds in the world spend so much time in the air? Albatrosses have 11-foot wingspans that carry them across oceans. But it's how they use these wings that makes them world-class flyers, accordin…","Next generation of autonomous drones will harness wind like an albatrossby Michael MillerCincinnati, OH (SPX) Aug 01, 2025
How does one of the biggest birds in the world spend so much time in the ai… [+3864 chars]",https://www.spacewar.com/reports/Next_generation_of_autonomous_drones_will_harness_wind_like_an_albatross_999.html,https://www.spxdaily.com/images-hg/waved-albatross-full-flight-wingspan-hg.jpg,2025-08-16 22:53:26+00:00,,Spacewar.com
Navy Research Squadron Advances Airborne Technology Testing,"Los Angeles CA (SPX) Aug 13, 2025 -

The U.S. Naval Research Laboratory's Scientific Development Squadron (VXS) 1 serves as the Navy's sole research and development flying unit, bridging laboratory breakthroughs with real-world operational deployment through …","Navy Research Squadron Advances Airborne Technology Testingby Clarence OxfordLos Angeles CA (SPX) Aug 13, 2025
The U.S. Naval Research Laboratory's Scientific Development Squadron (VXS) 1 serves as … [+2692 chars]",https://www.spacewar.com/reports/Navy_Research_Squadron_Advances_Airborne_Technology_Testing_999.html,https://www.spxdaily.com/images-hg/us-navy-uav-commono-control-system-hg.jpg,2025-08-16 22:52:51+00:00,,Spacewar.com
"Breakthrough smart plastic: Self-healing, shape-shifting, and stronger than steel","College Station, TX (SPX) Aug 13, 2025 -

Aerospace engineering and materials science researchers at Texas A and M University have uncovered new properties of an ultra-durable, recyclable, smart plastic - paving the way for transformative applications in the …","Breakthrough smart plastic: Self-healing, shape-shifting, and stronger than steelby Zaid Elayyan for TAMU NewsCollege Station, TX (SPX) Aug 13, 2025
Aerospace engineering and materials science resea… [+6249 chars]",https://www.spacedaily.com/reports/Breakthrough_smart_plastic_Self_healing_shape_shifting_and_stronger_than_steel_999.html,https://www.spxdaily.com/images-hg/earth-technosphere-plastic-hg.jpg,2025-08-16 22:51:25+00:00,,Space Daily
Cannabis leaves yield rare flavoalkaloids with pharmaceutical promise,"London, UK (SPX) Aug 15, 2025 -

Analytical chemists at Stellenbosch University report the first evidence of flavoalkaloids in Cannabis leaves, a rare class of phenolics. Using three South African strains, they cataloged 79 phenolic compounds, including 25 no…","Cannabis leaves yield rare flavoalkaloids with pharmaceutical promiseby Sophie JenkinsLondon, UK (SPX) Aug 15, 2025
Analytical chemists at Stellenbosch University report the first evidence of flavoa… [+2482 chars]",https://www.spacedaily.com/reports/Cannabis_leaves_yield_rare_flavoalkaloids_with_pharmaceutical_promise_999.html,https://www.spxdaily.com/images-hg/materials-spix-hg.jpg,2025-08-16 22:51:25+00:00,,Space Daily
CO2 increase to reshape geomagnetic storm impacts on satellites,"Los Angeles CA (SPX) Aug 15, 2025 -

Rising carbon dioxide levels in Earths upper atmosphere will alter how geomagnetic storms influence satellite operations, according to new research from the U.S. National Science Foundation National Center for Atmospheric …","CO2 increase to reshape geomagnetic storm impacts on satellitesby Clarence OxfordLos Angeles CA (SPX) Aug 15, 2025
Rising carbon dioxide levels in Earths upper atmosphere will alter how geomagnetic … [+3034 chars]",https://www.spacedaily.com/reports/CO2_increase_to_reshape_geomagnetic_storm_impacts_on_satellites_999.html,https://www.spxdaily.com/images-hg/radiation-spix-hg.jpg,2025-08-16 22:51:25+00:00,,Space Daily
Caltech scientists use sound to remember quantum information,"Pasadena CA (SPX) Aug 15, 2025 -

While conventional computers store information in the form of bits, fundamental pieces of logic that take a value of either 0 or 1, quantum computers are based on qubits. These can have a state that is simultaneously both 0 a…","Caltech scientists use sound to remember quantum informationby Kimm Fesenmaier for Caltech NewsPasadena CA (SPX) Aug 15, 2025
While conventional computers store information in the form of bits, fund… [+5153 chars]",https://www.spacedaily.com/reports/Caltech_scientists_use_sound_to_remember_quantum_information_999.html,https://www.spxdaily.com/images-hg/chip-tech-spix-hg.jpg,2025-08-16 22:50:39+00:00,,Space Daily
Spinning up new flexible material for self-powered wearable sensors,"University Park, PA (SPX) Aug 05, 2025 -

clothing monitor a person's health in real time, because the clothing itself is a self-powered sensor? A new material created through electrospinning, which is a process that draws out fibers using electricity, brings…","Spinning up new flexible material for self-powered wearable sensorsby Jamie Oberdick for Penn State NewsUniversity Park, PA (SPX) Aug 05, 2025
clothing monitor a person's health in real time, becaus… [+6170 chars]",https://www.spacedaily.com/reports/Spinning_up_new_flexible_material_for_self_powered_wearable_sensors_999.html,https://www.spxdaily.com/images-hg/wearable-biofuel-cells-that-produce-electricity-from-sweat-hg.jpg,2025-08-16 22:50:39+00:00,,Space Daily
Comet water analysis strengthens link to Earth origins,"Los Angeles CA (SPX) Aug 13, 2025 -

New research using the Atacama Large Millimeter/submillimeter Array (ALMA) has revealed that water in comet 12P/Pons-Brooks closely matches the composition of Earth's oceans, bolstering theories that comets contributed sig…","Comet water analysis strengthens link to Earth originsby Clarence OxfordLos Angeles CA (SPX) Aug 13, 2025
New research using the Atacama Large Millimeter/submillimeter Array (ALMA) has revealed that… [+2169 chars]",https://www.spacedaily.com/reports/Comet_water_analysis_strengthens_link_to_Earth_origins_999.html,https://www.spxdaily.com/images-hg/hadean-earth-bombardment-asteroid-comet-meteor-hg.jpg,2025-08-16 22:31:32+00:00,,Space Daily
"Sun dogs, other celestial effects could appear in alien skies","Ithaca NY (SPX) Aug 01, 2025 -

Ice crystals in Earth's atmosphere sometimes align just right to create various striking visual effects, from a halo around the moon, to bright spots called sun dogs on either side of the sun in a winter sky, or a rainbowed pil…","Sun dogs, other celestial effects could appear in alien skiesby Kate Blackwood | College of Arts and SciencesIthaca NY (SPX) Aug 01, 2025
Ice crystals in Earth's atmosphere sometimes align just righ… [+4588 chars]",https://www.spacedaily.com/reports/Sun_dogs_other_celestial_effects_could_appear_in_alien_skies_999.html,https://www.spxdaily.com/images-hg/bright-red-sprites-great-plains-united-states-hg.jpg,2025-08-16 22:31:22+00:00,,Space Daily
Super alcohol discovery reveals potential building block of cosmic life,"Los Angeles CA (SPX) Aug 06, 2025 -

Researchers have successfully synthesized methanetetrol for the first time, unveiling a highly unstable molecule that could serve as a foundational component in the search for extraterrestrial life. The international team …","Super alcohol discovery reveals potential building block of cosmic lifeby Clarence OxfordLos Angeles CA (SPX) Aug 06, 2025
Researchers have successfully synthesized methanetetrol for the first time,… [+2793 chars]",https://www.spacedaily.com/reports/Super_alcohol_discovery_reveals_potential_building_block_of_cosmic_life_999.html,https://www.spxdaily.com/images-hg/exo-life-spix-hg.jpg,2025-08-16 22:31:22+00:00,,Space Daily
TRAPPIST-1 d ruled out as Earth twin by Webb study,"Paris, France (SPX) Aug 15, 2025


Astronomers have determined that TRAPPIST-1 d, a rocky exoplanet similar in size to Earth and located in a potentially temperate zone, lacks an Earth-like atmosphere based on new NASA/ESA/CSA James Webb Space Telescope data.…","TRAPPIST-1 d ruled out as Earth twin by Webb studyby Erica MarchandParis, France (SPX) Aug 15, 2025
Astronomers have determined that TRAPPIST-1 d, a rocky exoplanet similar in size to Earth and loca… [+1718 chars]",https://www.spacedaily.com/reports/TRAPPIST_1_d_ruled_out_as_Earth_twin_by_Webb_study_999.html,https://www.spxdaily.com/images-hg/extrasolar-spix-hg.jpg,2025-08-16 05:53:36+00:00,,Space Daily
US Space Force launches first reprogrammable navigation satellite from L3Harris,"Los Angeles CA (SPX) Aug 15, 2025


The US Space Force has placed the L3Harris-built Navigation Technology Satellite-3 (NTS-3) into orbit aboard a United Launch Alliance Vulcan rocket from Cape Canaveral Space Force Station. NTS-3 is the Department of Defense…","US Space Force launches first reprogrammable navigation satellite from L3Harrisby Clarence OxfordLos Angeles CA (SPX) Aug 15, 2025
The US Space Force has placed the L3Harris-built Navigation Technol… [+1410 chars]",https://www.gpsdaily.com/reports/US_Space_Force_launches_first_reprogrammable_navigation_satellite_from_L3Harris_999.html,https://www.spxdaily.com/images-hg/gps-spix-hg.jpg,2025-08-16 05:53:36+00:00,,Gpsdaily.com
ThinkCareBelieve: Week 30 of America in the Trump Administration,"Washington, DC, Aug. 15, 2025 (GLOBE NEWSWIRE) -- Link to ThinkCareBelieve's Article:  https://thinkcarebelieve.blog/2025/08/15/week-30-of-america-in-the-trump-administration/?_thumbnail_id=32940","Washington, DC, Aug. 15, 2025 (GLOBE NEWSWIRE) -- 
Link to ThinkCareBelieve's Article:  https://thinkcarebelieve.blog/2025/08/15/week-30-of-america-in-the-trump-administration/?_thumbnail_id=32940
… [+4875 chars]",https://www.globenewswire.com/news-release/2025/08/16/3134520/0/en/ThinkCareBelieve-Week-30-of-America-in-the-Trump-Administration.html,https://ml.globenewswire.com/Resource/Download/353cfcaf-e50d-4ea8-b709-7f9ab2de465f,2025-08-16 01:42:00+00:00,ThinkCareBelieve,GlobeNewswire
August’s Highlights in the Financial Markets,August has brought some controversial data releases that reshaped some expectations in the markets.,"The main change was the weaker than anticipated NFP release: it was the first downtick for the long time. Although the labor market seemed to be solid, the 73k of added payrolls against 115k anticipa… [+4214 chars]",https://finance.yahoo.com/news/august-highlights-financial-markets-093451625.html,https://media.zenfs.com/en/fx_empire_176/0d2f255e4cb3824b90abdafbe44762ec,2025-08-14 09:34:51+00:00,Michael Stark,Yahoo Entertainment
"Aussie shares hover at all-time high as Westpac, Origin impress","The Australian share market is hovering at all-time highs, with robust earnings in multiple sectors buoying investor sentiment.","Australias share market has pipped its intraday record for a fourth-straight session, as worries about lofty bank valuations evaporate for three of the big four.
By noon, the S&amp;P/ASX200 was up 6… [+2936 chars]",https://thenightly.com.au/business/aussie-shares-hover-at-all-time-high-as-westpac-origin-impress-c-19679605,https://images.thenightly.com.au/publication/C-19679605/60aca2a20a6437deaf388b6268d83dabba4190a7-16x9-x0y0w1280h720.jpg?imwidth=1200,2025-08-14 03:45:26+00:00,The Nightly,Thenightly.com.au
"These stocks were pushing the Dow toward 45,000 Wednesday","Since the stock market bottomed in April, the venerable Dow Jones Industrial Average has risen 22%. 
That's rather a nice gain. But the Dow hasn't seen a new high since December. Unlike the Standard & Poor's 500 Index, the Nasdaq Composite and the Nasdaq-100 …","Since the stock market bottomed in April, the venerable Dow Jones Industrial Average has risen 22%. That's rather a nice gain. But the Dow hasn't seen a new high since December. Unlike the Standard &… [+149 chars]",https://biztoc.com/x/00e2660bcbaecaf9,https://biztoc.com/cdn/00e2660bcbaecaf9_s.webp,2025-08-14 00:46:22+00:00,thestreet.com,Biztoc.com
"Bitcoin Tops $122K, Eyes Fresh Record, With Ether Just 3% From 2021 ATH","The current macro backdrop has rarely been more favorable for risk assets, and the market hasn't fully priced in what's coming, a report said.","Bitcoin 
 has mounted another attempt for a fresh all-time record climbing near $123,000, a four-week high during the Wednesday U.S. session.Two previous attempts, spiking to $122,300 on Monday and … [+1496 chars]",https://www.coindesk.com/markets/2025/08/13/bitcoin-tops-usd122k-eyes-fresh-record-with-ether-just-3-from-2021-ath,https://cdn.sanity.io/images/s3y3vcno/production/a462f830740ca3a623936d775eadba5ff1ce8456-3000x2000.jpg,2025-08-13 20:11:12+00:00,Krisztian Sandor,CoinDesk
"Morning Bid: Stocks soar, volatility evaporates",U.S. July inflation data didn't sound the all clear on tariffs but also didn’t send an unequivocal signal about the longer-term impacts either – and that...,"By Mike Dolan
LONDON (Reuters) - What matters in U.S. and global markets today
By Mike Dolan, Editor-At-Large, Finance and Markets
U.S. July inflation data didn't sound the all clear on tariffs bu… [+4663 chars]",https://finance.yahoo.com/news/morning-bid-stocks-soar-volatility-104152621.html,https://media.zenfs.com/en/reuters-finance.com/8815017c3b173cfd074bcb8b4c1992f6,2025-08-13 10:41:52+00:00,Mike Dolan,Yahoo Entertainment
"Headlands Technologies LLC Sells 43,637 Shares of ProShares Short S&P 500 (NYSEARCA:SH)","Headlands Technologies LLC decreased its holdings in shares of ProShares Short S&P 500 (NYSEARCA:SH – Free Report) by 97.1% in the 1st quarter, according to the company in its most recent 13F filing with the Securities & Exchange Commission. The firm owned 1,…","Headlands Technologies LLC decreased its holdings in shares of ProShares Short S&amp;P 500 (NYSEARCA:SH – Free Report) by 97.1% in the 1st quarter, according to the company in its most recent 13F fil… [+2605 chars]",https://www.etfdailynews.com/2025/08/13/headlands-technologies-llc-sells-43637-shares-of-proshares-short-sp-500-nysearcash/,https://www.americanbankingnews.com/wp-content/timthumb/timthumb.php?src=https://www.marketbeat.com/logos/proshares-short-sp500-logo-1200x675.png?v=20210824094613&w=240&h=240&zc=2,2025-08-13 08:44:54+00:00,MarketBeat News,ETF Daily News
$500M Flows Into GLD,"<p>Here are the daily ETF fund flows for August 11, 2025.</p>","Top 10 Creations (All ETFs)
<table><tr><td>Ticker
</td><td>Name
</td><td>Net Flows ($, mm)
</td><td>AUM ($, mm)
</td><td>AUM % Change
</td></tr><tr><td>SPY
</td><td>SPDR S&amp;P 500 ETF Trust… [+3894 chars]",http://www.etf.com/sections/daily-etf-flows/500m-flows-gld?utm_source=yahoo-finance&amp;utm_medium=rss&amp;utm_campaign=yahoo-finance-rss,https://media.zenfs.com/en/indexuniverse.com/1d45f9488d95ad21b16acbe33a9dfed0,2025-08-12 21:00:03+00:00,etf.com Staff,Etf.com
Best Meme Coins to Buy as Dogecoin Gears Up for 50% Rally,"Dogecoin is catching fire again after months of quiet trading. The price surged nearly 20% in just a week, breaking out of the sleepy range it’s been stuck in for most of the summer. On the charts, traders are watching a bullish ascending triangle form – a cl…","Dogecoin is catching fire again after months of quiet trading. The price surged nearly 20% in just a week, breaking out of the sleepy range its been stuck in for most of the summer.
On the charts, t… [+5287 chars]",https://bitcoinist.com/best-meme-coins-to-buy-as-dogecoin-gears-up-for-50-rally/,https://bitcoinist.com/wp-content/uploads/2025/08/best-meme-coins-to-buy-as-dogecoin-gears-up-for-50-rally.jpg,2025-08-12 09:51:54+00:00,Bogdan Patru,Bitcoinist
as investors hope tariffs don't squeeze markets,"In This Article:
Apple is a star (again) as investors hope tariffs don't squeeze markets originally appeared on TheStreet.
Stocks had a nifty week last week, especially technology shares.
All of the major averages had solid weeks. The Standard & Poor's 500 in…","In This Article:Apple is a star (again) as investors hope tariffs don't squeeze markets originally appeared on TheStreet.Stocks had a nifty week last week, especially technology shares.All of the maj… [+152 chars]",https://biztoc.com/x/9f4055a113230ded,https://biztoc.com/cdn/9f4055a113230ded_s.webp,2025-08-10 15:09:38+00:00,finance.yahoo.com,Biztoc.com
as investors hope tariffs don't squeeze markets,"Stocks had a nifty week last week, especially technology shares.
All of the major averages had solid weeks. The Standard & Poor's 500 index rose 2.4%, its best week since June. The Nasdaq Composite Index jumped 3.87%. Its compadre, the Nasdaq-100 Index, added…","Stocks had a nifty week last week, especially technology shares.All of the major averages had solid weeks. The Standard &amp; Poor's 500 index rose 2.4%, its best week since June. The Nasdaq Composit… [+151 chars]",https://biztoc.com/x/816474f5b19a8871,https://biztoc.com/cdn/816474f5b19a8871_s.webp,2025-08-10 11:49:00+00:00,thestreet.com,Biztoc.com
"Berger Financial Group Inc Buys 5,100 Shares of ProShares Ultra S&P500 (NYSEARCA:SSO)","Berger Financial Group Inc boosted its position in shares of ProShares Ultra S&P500 (NYSEARCA:SSO – Free Report) by 90.0% in the first quarter, according to the company in its most recent 13F filing with the Securities and Exchange Commission (SEC). The fund …","Berger Financial Group Inc boosted its position in shares of ProShares Ultra S&amp;P500 (NYSEARCA:SSO – Free Report) by 90.0% in the first quarter, according to the company in its most recent 13F fil… [+2509 chars]",https://www.etfdailynews.com/2025/08/10/berger-financial-group-inc-buys-5100-shares-of-proshares-ultra-sp500-nysearcasso/,https://www.americanbankingnews.com/wp-content/timthumb/timthumb.php?src=https://www.marketbeat.com/logos/proshares-ultra-sp500-logo-1200x675.png?v=20210825121734&w=240&h=240&zc=2,2025-08-10 08:01:08+00:00,MarketBeat News,ETF Daily News
"3,926 Shares in ProShares Ultra S&P500 (NYSEARCA:SSO) Purchased by XTX Topco Ltd","XTX Topco Ltd acquired a new position in shares of ProShares Ultra S&P500 (NYSEARCA:SSO – Free Report) in the 1st quarter, according to its most recent filing with the SEC. The fund acquired 3,926 shares of the real estate investment trust’s stock, valued at …","XTX Topco Ltd acquired a new position in shares of ProShares Ultra S&amp;P500 (NYSEARCA:SSO – Free Report) in the 1st quarter, according to its most recent filing with the SEC. The fund acquired 3,92… [+3095 chars]",https://www.etfdailynews.com/2025/08/10/3926-shares-in-proshares-ultra-sp500-nysearcasso-purchased-by-xtx-topco-ltd/,https://www.americanbankingnews.com/wp-content/timthumb/timthumb.php?src=https://www.marketbeat.com/logos/proshares-ultra-sp500-logo-1200x675.png?v=20210825121734&w=240&h=240&zc=2,2025-08-10 07:18:57+00:00,MarketBeat News,ETF Daily News
SPX6900 Pumps 23% in a Month as TOKEN6900 Presale Rides the Hype,"SPX6900 has ripped 23% higher in the past month, outpacing not just the S&P 500, but also a long list of blue-chip altcoins. For a meme index born from internet culture and irreverent finance, that kind of run reinforces one thing: the 6900 effect is alive an…","SPX6900 has ripped 23% higher in the past month, outpacing not just the S&amp;P 500, but also a long list of blue-chip altcoins.
For a meme index born from internet culture and irreverent finance, t… [+2783 chars]",http://www.newsbtc.com/news/token6900-presale-rides-spx6900-wave/,https://www.newsbtc.com/wp-content/uploads/2025/08/unnamed-8.jpg,2025-08-08 13:35:05+00:00,Aaron Walker,newsBTC
When Reality Bites: Preparing for Market Turbulence Ahead,I’m struck by the near […],"By David Snowball Im struck by the near unanimity of Informed Commentary on the direction of the US stock market. People seem to agree that the magic number is 15%.
The disagreement comes in the que… [+20923 chars]",https://www.mutualfundobserver.com/2025/08/when-reality-bites-preparing-for-market-turbulence-ahead/,https://www.mutualfundobserver.com/wp-content/uploads/2025/08/monster-426993_1280.jpg,2025-08-07 01:51:46+00:00,David Snowball,Mutualfundobserver.com
How US tariff hikes could reshape NZ’s economic landscape – Greg Smith,"OPINION: Dairy exports to the US, worth $1 billion, will face significant challenges.","The suggested reasons have ranged from NZ running a trade surplus with the US (albeit a small one), and our GST rate of 15%. It also has been suggested that our political ties with the US arent as st… [+6273 chars]",https://www.nzherald.co.nz/business/how-us-tariff-hikes-could-reshape-nzs-economic-landscape-greg-smith/AJAYUXIEI5BHFOS6VRHX7NHV74/,https://www.nzherald.co.nz/resizer/v2/EEBS562BXJAQ5LCS3ERTMXSDPQ.jpg?auth=e5b34b1c83c402379974b38101f559157f9e318e30b57fe7f9b3d5e410ca8e1f&width=1200&height=675&quality=70&smart=true,2025-08-06 19:00:00+00:00,Greg Smith,New Zealand Herald
The Lucky Continent?,"The Lucky Continent?
 
By Elwin de Groot, head of macro strategy at Rabobank
While European equity markets ended the day on a slight positive note, the US market could not hold its opening gains and the S&P500 ultimately ended down some 0.5%. The US treasury …","The Lucky Continent?
By Elwin de Groot, head of macro strategy at RabobankWhile European equity markets ended the day on a slight positive note, the US market could not hold its opening gains and th… [+144 chars]",https://biztoc.com/x/32c904dc3783938b,https://biztoc.com/cdn/950/og.png,2025-08-06 15:30:24+00:00,zerohedge.com,Biztoc.com
"Dow, S&P 500 and Nasdaq all end lower after weak services-sector economic data",,"{ window.open(this.href, '_blank'); }, 200); return false;""&gt;Who are Trumps top Fed chair picks? { window.open(this.href, '_blank'); }, 200); return false;""&gt;How will OpenAIs new open AI models i… [+940 chars]",https://biztoc.com/x/348c70876746bbff,https://biztoc.com/cdn/950/og.png,2025-08-05 20:17:15+00:00,marketwatch.com,Biztoc.com
Stocks trading lower in final hour after weak ISM services data — follow live,,"{ window.open(this.href, '_blank'); }, 200); return false;""&gt;Why did Trump fire the Bureau of Labor Statistics head? { window.open(this.href, '_blank'); }, 200); return false;""&gt;How are tariffs a… [+811 chars]",https://biztoc.com/x/505738c87e332e54,https://biztoc.com/cdn/950/og.png,2025-08-05 19:21:03+00:00,marketwatch.com,Biztoc.com
The Rise of Crypto | Campbell Harvey and Neha Narula,MIT's Neha Narula and Duke's Campbell Harvey explore the origins of cryptocurrency and the forces that propelled it into a global phenomenon in this special series on the “Future of Finance.”…Read More,"Itay Goldstein: Hello, everyone. I am Itay Goldstein, professor of finance at the Wharton School. This is the Future of Finance series. This is our second season. We did the first season and talked a… [+29632 chars]",https://knowledge.wharton.upenn.edu/podcast/ripple-effect/the-rise-of-crypto-campbell-harvey-and-neha-narula/,https://knowledge.wharton.upenn.edu/wp-content/uploads/2025/08/Future-of-Finance-Series-Episode-1-The-Rise-of-Crypto-1-600x500.png,2025-08-05 13:45:24+00:00,Gloria Yuen,Upenn.edu
Corpay Cross-Border Using Blockchain Technology to Facilitate Client FX Conversions,"Facilitates client FX conversions using Kinexys by J.P. Morgan’s Blockchain TORONTO — Corpay, Inc.*, (NYSE: CPAY) a global leader in corporate payments, is pleased to announce that Corpay’s Cross-Border business can facilitate client foreign exchange (FX) con…","THIS CONTENT IS RESERVED FOR SUBSCRIBERS ONLY
Subscribe now to read the latest news in your city and across Canada.
<ul><li>Exclusive articles from Barbara Shecter, Joe O'Connor, Gabriel Friedman, … [+5812 chars]",https://financialpost.com/pmn/business-wire-news-releases-pmn/corpay-cross-border-using-blockchain-technology-to-facilitate-client-fx-conversions,,2025-08-05 12:40:14+00:00,Business Wire,Financial Post
Why stock markets continue to defy gravity,"Stock markets are overcooked and operating dangerously close to the Sun, writes Ian Verrender.","The tremors rumbled across Wall Street again last week, sparking concerns that the much-anticipated correction could be afoot.
This time it was poor jobs numbers, adding to concerns the economy was … [+8081 chars]",https://www.abc.net.au/news/2025-08-05/stock-market-how-the-investment-world-is-feeding-upon-itself/105611838,https://live-production.wcms.abc-cdn.net.au/e82554cfb24e2e63759d27d90f957f4a?impolicy=wcms_watermark_news&cropH=2364&cropW=4202&xPos=0&yPos=90&width=862&height=485&imformat=generic,2025-08-04 18:59:56+00:00,Ian Verrender,ABC News (AU)
"OPEC+ 8 Announce 547,000 Bpd 'Production Adjustment' for Sept","'This is equivalent to four monthly increments', a statement posted on OPEC's site on Sunday highlighted.","A statement posted on OPEC’s website on Sunday announced that Saudi Arabia, Russia, Iraq, UAE, Kuwait, Kazakhstan, Algeria, and Oman “will implement a production adjustment of 547,000 barrels per day… [+4917 chars]",https://www.rigzone.com/news/opec_8_announce_547000_bpd_production_adjustment_for_sept-04-aug-2025-181359-article/,https://images.rigzone.com/images/news/articles/OPEC-8-Announce-547000-Bpd-Production-Adjustment-for-Sept-181359-1200x628.png,2025-08-04 08:58:35+00:00,Andreas Exarheas,Rigzone
"NBZ Investment Advisors LLC Acquires Shares of 140,677 ProShares Ultra S&P500 (NYSEARCA:SSO)","NBZ Investment Advisors LLC acquired a new stake in ProShares Ultra S&P500 (NYSEARCA:SSO – Free Report) during the first quarter, according to its most recent filing with the SEC. The firm acquired 140,677 shares of the real estate investment trust’s stock, v…","NBZ Investment Advisors LLC acquired a new stake in ProShares Ultra S&amp;P500 (NYSEARCA:SSO – Free Report) during the first quarter, according to its most recent filing with the SEC. The firm acquir… [+2800 chars]",https://www.etfdailynews.com/2025/08/04/nbz-investment-advisors-llc-acquires-shares-of-140677-proshares-ultra-sp500-nysearcasso/,https://www.americanbankingnews.com/wp-content/timthumb/timthumb.php?src=https://www.marketbeat.com/logos/proshares-ultra-sp500-logo-1200x675.png?v=20210825121734&w=240&h=240&zc=2,2025-08-04 08:22:49+00:00,MarketBeat News,ETF Daily News
Stocks will try to recover their mojo this week,"In This Article:
Stocks will try to recover their mojo this week originally appeared on TheStreet.
So after Friday, when the all the stocks in the Standard & Poor's 500 fell an average 1% and the major averages fell more than 2% in a week, it's understandable…","In This Article:Stocks will try to recover their mojo this week originally appeared on TheStreet.So after Friday, when the all the stocks in the Standard &amp; Poor's 500 fell an average 1% and the m… [+142 chars]",https://biztoc.com/x/9388b72b00ac2120,https://biztoc.com/cdn/9388b72b00ac2120_s.webp,2025-08-03 15:14:47+00:00,finance.yahoo.com,Biztoc.com
Stocks will try to recover their mojo this week,"So after Friday, when the all the stocks in the Standard & Poor's 500 fell an average 1% and the major averages fell more than 2% in a week, it's understandable to ask, ""OK, now what?""
 Don't miss the move: Subscribe to TheStreet's free daily newsletter …","So after Friday, when the all the stocks in the Standard &amp; Poor's 500 fell an average 1% and the major averages fell more than 2% in a week, it's understandable to ask, ""OK, now what?""Don't miss … [+137 chars]",https://biztoc.com/x/f10caf9e5c8e33cb,https://biztoc.com/cdn/f10caf9e5c8e33cb_s.webp,2025-08-03 10:36:15+00:00,thestreet.com,Biztoc.com
Reddit: The Future Of Consumer-Led Marketing (NYSE:RDDT) - Hvtech,"This article was written by Follow I aim to provide alpha-generating investment ideas. I am an independent investor managing my family’s portfolio, primarily via a Self Managed Super Fund. You can expect my articles to deliver a clearly structured, evidence-b…","I aim to provide alpha-generating investment ideas. I am an independent investor managing my family’s portfolio, primarily via a Self Managed Super Fund. You can expect my articles to deliver a clear… [+1410 chars]",https://us5.bitckoni.in/reddit-the-future-of-consumer-led-marketing-nyserddt/,https://static.seekingalpha.com/cdn/s3/uploads/getty_images/2162156794/image_2162156794.jpg?io=getty-c-w1536,2025-08-03 04:20:26+00:00,Admin,Bitckoni.in
I’ve got cancer so how should I invest my KiwiSaver? – Mary Holm,OPINION: That's tough but good on you for thinking about it.,"True, you miss out on higher average returns. But you dont need the worry that the markets might be down at the very time you might have to withdraw. 
If anything, you should perhaps move all your m… [+12269 chars]",https://www.nzherald.co.nz/business/personal-finance/ive-got-cancer-so-how-should-i-invest-my-kiwisaver-mary-holm/SMGSAVRTTVCFDESMO7PETM7NK4/,https://www.nzherald.co.nz/resizer/v2/5ZYPJS2NT2SYS6Q6L77W45IJTU.jpg?auth=c8fff7d286a71bf5526f52e11f3b4d98dc8350426f654539e312d84e07c0ff4a&width=1200&height=675&quality=70&smart=true,2025-08-01 17:00:00+00:00,Mary Holm,New Zealand Herald
30代貯金30万なんやけど積立投資始めてもいい？,"転載元: https://nova.5ch.net/test/read.cgi/livegalileo/1753917985/1: それでも動く名無し 2025/07/31(木) 08:26:25.75 ID:P9buYinE0
 もう遅い？ 

3: それでも動く名無し 2025/07/31(木) 08:27:12.47 ID:6vvU83YH0
 時期が悪い 
4: それでも動く名無し 2025/07/31(木...",": https://nova.5ch.net/test/read.cgi/livegalileo/1753917985/
1: 2025/07/31() 08:26:25.75 ID:P9buYinE0
3: 2025/07/31() 08:27:12.47 ID:6vvU83YH0
4: 2025/07/31() 08:27:51.02 ID:00ogke4T0
5: 2025/07/… [+1563 chars]",http://blog.livedoor.jp/nanjstu/archives/62533982.html,https://livedoor.blogimg.jp/nanjstu/imgs/9/c/9c4f39c6.jpg,2025-08-01 03:20:37+00:00,nanjstu,Livedoor.jp
Coinbase shares slide after hours,"had been on a tear this year.
The stock was up more than 52% since Dec. 31, 15th among stocks in the Standard & Poor's 500 Index. 
That performance is still tops among stocks in the S&P 500 Financial sector, ahead of such giants as Citigroup (C) , Bank of New…","had been on a tear this year.The stock was up more than 52% since Dec. 31, 15th among stocks in the Standard &amp; Poor's 500 Index. That performance is still tops among stocks in the S&amp;P 500 Fin… [+154 chars]",https://biztoc.com/x/7eb4ba8fbf39e2cf,https://biztoc.com/cdn/7eb4ba8fbf39e2cf_s.webp,2025-07-31 23:05:15+00:00,thestreet.com,Biztoc.com
Bitcoin Treasury Companies Are The New Altcoins,Why have altcoins struggled to keep pace with Bitcoin? Because a new set of stars has eclipsed their role this cycle: bitcoin treasury companies.,"Why have altcoins struggled to keep pace with Bitcoin? Because a new set of stars has eclipsed their role this cycle: bitcoin treasury companies.
By role, I do not mean their technological utility. … [+5026 chars]",https://www.forbes.com/sites/edanyago/2025/07/31/bitcoin-treasury-companies-are-the-new-altcoins/,https://imageio.forbes.com/specials-images/imageserve/688ad81701000e9e8867f4a4/0x0.jpg?format=jpg&height=900&width=1600&fit=bounds,2025-07-31 13:00:21+00:00,"Edan Yago, Contributor, 
 Edan Yago, Contributor
 https://www.forbes.com/sites/edanyago/",Forbes
Probability of September rate cut slips below 50% during Powell's remarks,,"{ window.open(this.href, '_blank'); }, 200); return false;""&gt;Why did Spotify's stock drop despite growth? { window.open(this.href, '_blank'); }, 200); return false;""&gt;How will Trump's tariffs imp… [+874 chars]",https://biztoc.com/x/75cfb65edec572eb,https://biztoc.com/cdn/950/og.png,2025-07-30 19:36:28+00:00,marketwatch.com,Biztoc.com
Assetmark Inc. Reduces Position in ProShares Ultra S&P500 (NYSEARCA:SSO),"Assetmark Inc. cut its holdings in shares of ProShares Ultra S&P500 (NYSEARCA:SSO – Free Report) by 92.4% during the 1st quarter, HoldingsChannel reports. The institutional investor owned 37,540 shares of the real estate investment trust’s stock after selling…","Assetmark Inc. cut its holdings in shares of ProShares Ultra S&amp;P500 (NYSEARCA:SSO – Free Report) by 92.4% during the 1st quarter, HoldingsChannel reports. The institutional investor owned 37,540 … [+3162 chars]",https://www.etfdailynews.com/2025/07/30/assetmark-inc-reduces-position-in-proshares-ultra-sp500-nysearcasso/,https://www.americanbankingnews.com/wp-content/timthumb/timthumb.php?src=https://www.marketbeat.com/logos/proshares-ultra-sp500-logo-1200x675.png?v=20210825121734&w=240&h=240&zc=2,2025-07-30 07:16:51+00:00,MarketBeat News,ETF Daily News
“Trump Accounts” Are The Next Generation’s First Steps Toward Financial Independence,"New federal law creates $1,000 investment accounts for all babies born 2025-2028. Parents can contribute $5K annually. Could mean $360K by age 18 for full participation.","WASHINGTON, DC - JULY 03: Speaker of the House Mike Johnson (R-LA) (C) is congratulated by his ... More fellow Republicans after signing the One Big Beautiful Bill Act during an enrollment ceremony i… [+6233 chars]",https://www.forbes.com/sites/sarahkeohanewilliamson/2025/07/29/trump-accounts-are-the-next-generations-first-steps-toward-financial-independence/,https://imageio.forbes.com/specials-images/imageserve/6888ea4194d8c2c7c9fe2555/0x0.jpg?format=jpg&height=900&width=1600&fit=bounds,2025-07-29 15:57:34+00:00,"Sarah Keohane Williamson, Contributor, 
 Sarah Keohane Williamson, Contributor
 https://www.forbes.com/sites/sarahkeohanewilliamson/",Forbes
Corpay Cross-Border Named the Official FX Partner of Sunderland AFC,"Providing access to currency risk management and cross-border payments solutions TORONTO — Corpay, Inc.*, (NYSE: CPAY) a global leader in corporate payments, is pleased to announce that Corpay’s Cross-Border business has entered into an agreement with Sunderl…","THIS CONTENT IS RESERVED FOR SUBSCRIBERS ONLY
Subscribe now to read the latest news in your city and across Canada.
<ul><li>Exclusive articles from Barbara Shecter, Joe O'Connor, Gabriel Friedman, … [+5616 chars]",https://financialpost.com/pmn/business-wire-news-releases-pmn/corpay-cross-border-named-the-official-fx-partner-of-sunderland-afc,,2025-07-29 12:38:19+00:00,Business Wire,Financial Post
Should parents be able to see their adult children’s bank accounts? – Mary Holm,OPINION: There's a difference between young children's accounts and over 18-year-olds.,"A: Im not sure banks are the ones who should be involved. But definitely, yes, older teens should be running their own bank accounts without parental involvement. Im appalled to learn what your frien… [+11327 chars]",https://www.nzherald.co.nz/business/personal-finance/should-parents-be-able-to-see-their-adult-childrens-bank-accounts-mary-holm/UHEQQKV3IZCYZMRUTQZOXEIDEE/,https://www.nzherald.co.nz/resizer/v2/3B54QF5WQZEEFBYSDSNFNOZBCI.JPG?auth=8be2d818b9074787ac54e932b5a2ff8fca59e908e52377efec230fe1e36cf682&width=1200&height=675&quality=70&smart=true,2025-07-25 17:00:00+00:00,Mary Holm,New Zealand Herald
"Dow futures down 290 points as UnitedHealth confirms DOJ probe, investors shrug off jobless claims",,"{ window.open(this.href, '_blank'); }, 200); return false;""&gt;Why is Tesla facing 'rough quarters' ahead? { window.open(this.href, '_blank'); }, 200); return false;""&gt;How will Trumps Federal Reser… [+890 chars]",https://biztoc.com/x/7cb57a85956e0a03,https://biztoc.com/cdn/950/og.png,2025-07-24 21:38:28+00:00,marketwatch.com,Biztoc.com
Investor optimism about the stock market falls for a third straight week,,"{ window.open(this.href, '_blank'); }, 200); return false;""&gt;Why did Trump cut tariffs in Asia? { window.open(this.href, '_blank'); }, 200); return false;""&gt;How will Japan-US trade deal impact au… [+872 chars]",https://biztoc.com/x/cbe8807aeda5dd4d,https://biztoc.com/cdn/950/og.png,2025-07-24 11:02:17+00:00,marketwatch.com,Biztoc.com
"S&P 500 eyes record open, IBM to weigh on Dow, Nasdaq to shake off Tesla results",,"{ window.open(this.href, '_blank'); }, 200); return false;""&gt;Why did Trump cut tariffs in Asia? { window.open(this.href, '_blank'); }, 200); return false;""&gt;How will Japan-US trade deal impact au… [+770 chars]",https://biztoc.com/x/299881bd5826a1cf,https://biztoc.com/cdn/950/og.png,2025-07-24 10:30:33+00:00,marketwatch.com,Biztoc.com
"Dow regains 45,000, ends just shy of record ahead of Tesla, Alphabet earnings",,"{ window.open(this.href, '_blank'); }, 200); return false;""&gt;Why is Hershey raising chocolate prices? { window.open(this.href, '_blank'); }, 200); return false;""&gt;How will the US-Japan trade deal… [+949 chars]",https://biztoc.com/x/f59c1968e3d18e6d,https://biztoc.com/cdn/950/og.png,2025-07-23 20:05:57+00:00,marketwatch.com,Biztoc.com
Trump Announces Japan Trade Deal With Lowered Tariffs Of 15%—U.S. Futures And Japanese Auto Stocks Rise,Trump initially threatened a 25% tariff rate for Japan that would have gone into effect in August.,"The U.S. and Japan have reached a trade agreement under which the longtime U.S. will face a 15% tariffdown from a previously threatened 25%President Donald Trump announced on Tuesday, as Japans Prime… [+4537 chars]",https://www.forbes.com/sites/antoniopequenoiv/2025/07/23/trump-announces-japan-trade-deal-with-lowered-tariffs-of-15-us-futures-and-japanese-auto-stocks-rise/,https://imageio.forbes.com/specials-images/imageserve/68808878e4d97f5d1a672cd2/0x0.jpg?format=jpg&height=900&width=1600&fit=bounds,2025-07-23 10:35:46+00:00,"Antonio Pequeño IV, Forbes Staff, 
 Antonio Pequeño IV, Forbes Staff
 https://www.forbes.com/sites/antoniopequenoiv/",Forbes
"S&P ends at fresh record high, Nasdaq falls as Big Tech earnings approach",,"{ window.open(this.href, '_blank'); }, 200); return false;""&gt;Why did UniCredit withdraw Banco BPM offer? { window.open(this.href, '_blank'); }, 200); return false;""&gt;How did tariffs impact Genera… [+874 chars]",https://biztoc.com/x/fcc8e4ff226c8cf3,https://biztoc.com/cdn/950/og.png,2025-07-22 20:09:32+00:00,marketwatch.com,Biztoc.com
Neoliberal Economic Orthodoxy Is Now Up For Review,"Neoliberal Economic Orthodoxy Is Now Up For Review
 
By Benjamin Picton, Senior Market Strategist at Rabobank
Equities again struggled for direction on a day with very little consequential economic data. US indices closed mixed with the Dow slightly in the re…","Neoliberal Economic Orthodoxy Is Now Up For Review
By Benjamin Picton, Senior Market Strategist at RabobankEquities again struggled for direction on a day with very little consequential economic dat… [+144 chars]",https://biztoc.com/x/994e02adf967874d,https://biztoc.com/cdn/994e02adf967874d_s.webp,2025-07-22 15:40:31+00:00,zerohedge.com,Biztoc.com
Powell doesn't comment on economy or interest rates in brief remarks,,"{ window.open(this.href, '_blank'); }, 200); return false;""&gt;Why is Coca-Cola launching cane sugar soda? { window.open(this.href, '_blank'); }, 200); return false;""&gt;How will Fed chair Powell's s… [+826 chars]",https://biztoc.com/x/b8993336b01cdd6b,https://biztoc.com/cdn/950/og.png,2025-07-22 12:41:27+00:00,marketwatch.com,Biztoc.com
Corpay Cross-Border Named the Official FX Partner of the FIM World Supercross Championship,"Providing access to currency risk management and cross-border payments solutions TORONTO — Corpay, Inc.*, (NYSE: CPAY) a global leader in corporate payments, is pleased to announce that Corpay’s Cross-Border business has entered into an agreement with the FIM…","THIS CONTENT IS RESERVED FOR SUBSCRIBERS ONLY
Subscribe now to read the latest news in your city and across Canada.
<ul><li>Exclusive articles from Barbara Shecter, Joe O'Connor, Gabriel Friedman, … [+5295 chars]",https://financialpost.com/pmn/business-wire-news-releases-pmn/corpay-cross-border-named-the-official-fx-partner-of-the-fim-world-supercross-championship,,2025-07-22 12:32:07+00:00,Business Wire,Financial Post
Cwm LLC Boosts Holdings in ProShares Short S&P 500 (NYSEARCA:SH),"Cwm LLC grew its stake in shares of ProShares Short S&P 500 (NYSEARCA:SH – Free Report) by 4,884.8% during the 1st quarter, according to its most recent 13F filing with the SEC. The institutional investor owned 23,030 shares of the real estate investment trus…","Cwm LLC grew its stake in shares of ProShares Short S&amp;P 500 (NYSEARCA:SH – Free Report) by 4,884.8% during the 1st quarter, according to its most recent 13F filing with the SEC. The institutional… [+2401 chars]",https://www.etfdailynews.com/2025/07/22/cwm-llc-boosts-holdings-in-proshares-short-sp-500-nysearcash/,https://www.americanbankingnews.com/wp-content/timthumb/timthumb.php?src=https://www.marketbeat.com/logos/proshares-short-sp500-logo-1200x675.png?v=20210824094613&w=240&h=240&zc=2,2025-07-22 10:18:54+00:00,MarketBeat News,ETF Daily News
Top penny cryptos to buy now before the next bull run,"The article highlights Snorter Bot, Best Wallet, TOKEN6900, and SUBBD as potential leaders in the next crypto bull run. Snorter Bot offers Telegram-based crypto tools. Best Wallet aims to be a comprehensive crypto app. TOKEN6900 focuses on meme culture. SUBBD…","Its not always the crypto giants that make the biggest moves. The next wave of 10x to 100x coins is hiding among low-cap, low-priced altcoins. These are the penny cryptos priced in cents, but buildin… [+6408 chars]",https://economictimes.indiatimes.com/wealth/invest/top-penny-cryptos-to-buy-now-before-the-next-bull-run/articleshow/122830839.cms,"https://img.etimg.com/thumb/width-1200,height-900,imgsize-163153,resizemode-75,msid-122830839/wealth/invest/top-penny-cryptos-to-buy-now-before-the-next-bull-run.jpg",2025-07-22 07:29:51+00:00,Spotlight Wire,The Times of India
