Date,Volume,Open,High,Low,Close
2008-01-02,3452650000.0,1467.97,1471.77,1442.07,1447.16
2008-01-03,3429500000.0,1447.55,1456.8,1443.73,1447.16
2008-01-04,4166000000.0,1444.01,1444.01,1411.19,1411.63
2008-01-07,4221260000.0,1414.07,1423.87,1403.45,1416.18
2008-01-08,4705390000.0,1415.71,1430.28,1388.3,1390.19
2008-01-09,5351030000.0,1390.25,1409.19,1378.7,1409.13
2008-01-10,5170490000.0,1406.78,1429.09,1395.31,1420.33
2008-01-11,4495840000.0,1419.91,1419.91,1394.83,1401.02
2008-01-14,3682090000.0,1402.91,1417.89,1402.91,1416.25
2008-01-15,4601640000.0,1411.88,1411.88,1380.6,1380.95
2008-01-16,5440620000.0,1377.41,1391.99,1364.27,1373.2
2008-01-17,5303130000.0,1374.79,1377.72,1330.67,1333.25
2008-01-18,6004840000.0,1333.9,1350.28,1312.51,1325.19
2008-01-22,6544690000.0,1312.94,1322.09,1274.29,1310.5
2008-01-23,3241680000.0,1310.41,1339.09,1270.05,1338.6
2008-01-24,5735300000.0,1340.13,1355.15,1334.31,1352.07
2008-01-25,4882250000.0,1357.32,1368.56,1327.5,1330.61
2008-01-28,4100930000.0,1330.7,1353.97,1322.26,1353.96
2008-01-29,4232960000.0,1355.94,1364.93,1350.19,1362.3
2008-01-30,4742760000.0,1362.22,1385.86,1352.95,1355.81
2008-01-31,4970290000.0,1351.98,1385.62,1334.08,1378.55
2008-02-01,4650770000.0,1378.6,1396.02,1375.93,1395.42
2008-02-04,3495780000.0,1395.38,1395.38,1379.69,1380.82
2008-02-05,4315740000.0,1380.28,1380.28,1336.64,1336.64
2008-02-06,4008120000.0,1339.48,1351.96,1324.34,1326.45
2008-02-07,4589160000.0,1324.01,1347.16,1316.75,1336.91
2008-02-08,3768490000.0,1336.88,1341.22,1321.06,1331.29
2008-02-11,3593140000.0,1331.92,1341.4,1320.32,1339.13
2008-02-12,4044640000.0,1340.55,1362.1,1339.36,1348.86
2008-02-13,3856420000.0,1353.12,1369.23,1350.78,1367.21
2008-02-14,3644760000.0,1367.33,1368.16,1347.31,1348.86
2008-02-15,3583300000.0,1355.2262527827597,1359.9789067726842,1346.2118690031548,1358.1680446875716
2008-02-19,3613550000.0,1359.5199728848795,1365.8724055568136,1347.1906724561406,1349.467273422584
2008-02-20,3870520000.0,1353.1733146270583,1357.3809426638045,1338.1410603631207,1347.4934737765268
2008-02-21,3696660000.0,1352.0625002814238,1359.4021780157962,1337.9151635601906,1350.6395144580506
2008-02-22,3572660000.0,1355.5160787589527,1364.1780597302172,1340.203533678877,1350.1800765945054
2008-02-25,3866350000.0,1352.889739103951,1363.0143977728483,1341.8213438291814,1353.5693350350869
2008-02-26,4096060000.0,1354.2064773835964,1369.8199039812268,1347.2689138936478,1358.7731366451
2008-02-27,3904700000.0,1358.8535181499315,1373.842300586176,1353.2645850907693,1362.6045852604116
2008-02-28,3938580000.0,1360.1786785296608,1371.9271352664434,1351.2954836878746,1361.6581630459893
2008-02-29,4426730000.0,1360.987594819383,1372.242261692219,1348.1321728561898,1360.4713041202206
2008-03-03,4117570000.0,1358.0681449465706,1359.6390380978394,1332.1300907931925,1346.1221998876404
2008-03-04,4757180000.0,1351.7659689378168,1350.2836542741595,1341.3059338284806,1354.7944046613575
2008-03-05,4277710000.0,1345.37525164311,1348.313629189688,1327.9492177532943,1342.6250213629435
2008-03-06,4323460000.0,1336.37126480246,1342.4686609285675,1321.589511468008,1336.2299773352481
2008-03-07,4565410000.0,1331.5287004612826,1336.7627127307544,1312.1711970039116,1320.7012872370728
2008-03-10,4261240000.0,1307.0479569441197,1313.149961981903,1287.6167689562867,1294.382430297645
2008-03-11,5109080000.0,1292.8894482795486,1313.2876358369522,1280.2283297530091,1302.6225314436235
2008-03-12,4414280000.0,1305.4637173484016,1321.6238413122444,1290.1504916626448,1306.001646313652
2008-03-13,5073360000.0,1305.3375972731908,1321.822230320016,1287.6223598625063,1305.547753723004
2008-03-14,5153780000.0,1303.6628198342332,1320.0241571839979,1282.0499756077395,1300.1687152519044
2008-03-17,5683010000.0,1302.3839427515577,1312.4050234232018,1278.966118013442,1297.9722849900754
2008-03-18,5335630000.0,1302.2426520752244,1318.5634215963573,1277.3715877161637,1303.0638742825151
2008-03-19,5358550000.0,1305.924703078804,1331.7317098539045,1281.9952645235392,1304.7998822106993
2008-03-20,6145220000.0,1305.30807423464,1322.8873282479126,1285.1642128043156,1304.6162313270995
2008-03-24,4499000000.0,1306.589846723826,1328.8126849787882,1288.9036595505718,1313.0032369185167
2008-03-25,4145120000.0,1313.997147289804,1333.8467171493603,1306.4474733412162,1314.9763049721857
2008-03-26,4055670000.0,1316.1242569738906,1335.5402906066654,1315.4116712770028,1319.9917879609354
2008-03-27,4037930000.0,1323.276095431988,1341.9001588765136,1321.1152470361703,1328.2495812368977
2008-03-28,3686980000.0,1331.5300301538496,1347.5587978985684,1319.583350368045,1335.7736046881603
2008-03-31,4188990000.0,1332.808360171343,1340.1697069398042,1317.3522166759712,1326.764898261359
2008-04-01,4745120000.0,1318.5704885349294,1337.8647571494232,1310.0621406939683,1329.1316430432178
2008-04-02,4320440000.0,1336.8566563857107,1361.5030463761586,1329.7229586857695,1354.4839249480756
2008-04-03,3920100000.0,1356.3847034080268,1367.4190242149461,1351.6955468533017,1357.5151515440334
2008-04-04,3703100000.0,1350.7432966826145,1369.0252643202234,1347.93752146078,1360.5698453068158
2008-04-07,3747780000.0,1357.6796131117821,1370.6979744808168,1357.5297081942156,1360.6947948718503
2008-04-08,3602500000.0,1358.5943569243575,1374.4377616632114,1360.9943442213976,1366.683301916807
2008-04-09,3556670000.0,1360.8971497342857,1370.5461134331672,1353.5582121967145,1364.4855177200134
2008-04-10,3686150000.0,1362.682108300811,1368.1061332289962,1352.0364323783454,1360.7056710837096
2008-04-11,3723790000.0,1361.445213689737,1364.5668794334222,1348.404343489379,1356.089510236306
2008-04-14,3565020000.0,1357.2829878397058,1366.9467809579194,1344.936715902126,1358.8599373373672
2008-04-15,3581230000.0,1356.515432028981,1364.8634423694089,1345.7098585798017,1357.1034338904503
2008-04-16,4260370000.0,1354.3303528555716,1363.8679537831501,1344.4659610920355,1355.1596122090405
2008-04-17,3713880000.0,1351.632845294909,1361.7269249454012,1342.0986198670093,1353.0614361308562
2008-04-18,4222380000.0,1349.3220305849247,1360.0826172809795,1341.286146234767,1348.6934696666074
2008-04-21,3420570000.0,1355.3274007919051,1371.9699772147465,1353.5636062883493,1363.8999806540078
2008-04-22,3821900000.0,1369.0059056928376,1377.3449429851187,1361.895949733726,1371.3047202911987
2008-04-23,4103610000.0,1378.757938435613,1382.974249008557,1368.3158670181685,1374.414410430801
2008-04-24,4461660000.0,1376.4376985217273,1386.8813355564798,1368.2491052392782,1376.5193841829262
2008-04-25,3891150000.0,1380.9708141786307,1395.0156726416794,1373.3193360918262,1385.714977407589
2008-04-28,3607000000.0,1381.1187148901654,1390.9655845597047,1373.8216726727956,1383.1785110844646
2008-04-29,3815320000.0,1384.5557414851169,1394.9168915606308,1378.603546932206,1387.670798627994
2008-04-30,4508890000.0,1387.8084253125198,1399.3227874868235,1382.1802373893247,1391.236226684807
2008-05-01,4448780000.0,1390.8161313013316,1400.7100149311798,1383.5028372180918,1391.0782011736057
2008-05-02,3953030000.0,1391.3989388019768,1403.4507859413507,1384.523857929024,1392.9035915131215
2008-05-05,3410090000.0,1395.6534482473292,1408.3277348107383,1389.5221491858467,1398.17617967332
2008-05-06,3924100000.0,1400.1114339792937,1411.6680960953672,1394.0384582872832,1401.6927987503718
2008-05-07,4075860000.0,1400.6871809607517,1413.566569481029,1393.477818689772,1401.4963565361923
2008-05-08,3827550000.0,1400.6628649351392,1413.1001003313436,1393.9139731280197,1401.1186621215656
2008-05-09,3518620000.0,1402.3984658385866,1413.4755006020569,1394.5723877264834,1405.7980423069782
2008-05-12,3370630000.0,1406.0908573825352,1412.9606282975262,1395.122546241217,1405.0597602471698
2008-05-13,4018590000.0,1403.8244486247966,1409.3722166673522,1391.783381308806,1399.7229735573212
2008-05-14,3979370000.0,1399.172251071776,1403.7762726404565,1390.3224485751116,1401.3554321789968
2008-05-15,3836480000.0,1405.9315842932576,1415.6744877452788,1401.3313798141176,1408.8107731238588
2008-05-16,3842590000.0,1411.8275607721566,1424.031090177964,1407.6473452892326,1419.7418653224183
2008-05-19,3683970000.0,1418.8263079314274,1430.5621821075338,1413.5443359028804,1422.0336614810014
2008-05-20,3854320000.0,1418.8772500248465,1429.186942727488,1410.9426270883898,1415.9398397615873
2008-05-21,4517990000.0,1416.3862975280454,1423.852313735099,1406.534159212184,1412.975792099133
2008-05-22,3955960000.0,1413.2062572571688,1419.2393994583108,1401.4459812549346,1410.8619820094555
2008-05-23,3516380000.0,1409.8404158676676,1413.2578027340503,1398.5978695153908,1406.8364533033737
2008-05-27,3588860000.0,1404.4756229830555,1407.4551512880028,1390.8345561039243,1404.3532221236874
2008-05-28,3927240000.0,1394.2215710277442,1397.4802721902463,1385.5261851996759,1398.868358270702
2008-05-29,3894440000.0,1396.7664668841817,1403.3136702984402,1386.0686488822726,1397.2742795204767
2008-05-30,3845630000.0,1394.9739459909672,1403.0511695024463,1387.8817133242724,1398.4916260529571
2008-06-02,3714320000.0,1395.959866682993,1402.6840438752909,1387.8866524482876,1395.070358006189
2008-06-03,4396380000.0,1394.4960122269626,1396.7033399082245,1379.2676860032907,1390.6525613214797
2008-06-04,4338640000.0,1389.0177320717294,1397.2650236524996,1381.5805991389773,1392.1337394914274
2008-06-05,4350790000.0,1390.9702759096308,1402.2803993914447,1383.612203762398,1390.1350552149315
2008-06-06,4771660000.0,1383.449013190994,1395.1914900930083,1373.5503715906639,1383.5902904864506
2008-06-09,4404570000.0,1375.6241572222934,1394.8766907269692,1367.6659663426094,1380.7648168385206
2008-06-10,4635070000.0,1365.9385515939387,1376.0015232028372,1356.1139612403003,1365.9275000205932
2008-06-11,4779980000.0,1361.0429112861814,1365.6138075285453,1348.570216928944,1355.0697589606782
2008-06-12,4734240000.0,1365.4841979232322,1368.395373774174,1351.159410649181,1359.8444482654675
2008-06-13,4080420000.0,1357.304367422319,1363.337076250165,1346.8263691080622,1357.757221722383
2008-06-16,3706940000.0,1356.5927840528498,1365.3891830141697,1345.3359505685394,1355.0392600241407
2008-06-17,3801960000.0,1354.1048022497823,1363.837940816195,1343.4145648552856,1353.5248087469624
2008-06-18,4573570000.0,1354.73112900319,1364.246482403335,1343.8218151882816,1351.7794340762891
2008-06-19,4811670000.0,1351.2659084359823,1357.3806921493942,1342.868409355603,1351.7447369762021
2008-06-20,5324900000.0,1348.7966552501769,1355.7388919324594,1338.1606179055345,1346.1523636547242
2008-06-23,4186370000.0,1345.606029420162,1353.030576588204,1333.4375712037606,1340.316518987219
2008-06-24,4705050000.0,1342.3838712909449,1346.5508732173562,1328.697364219546,1340.9794925734998
2008-06-25,4825640000.0,1335.7679276036063,1344.2778554660529,1325.6158908290122,1335.1203471858316
2008-06-26,5231280000.0,1326.7358639515312,1337.358599799871,1317.1270663488947,1326.8479088305667
2008-06-27,6208260000.0,1319.2906126809876,1326.5170172042506,1303.5624733744917,1313.483880266837
2008-06-30,5032330000.0,1302.8289069428624,1309.4081945466642,1289.786218962417,1299.2386997838923
2008-07-01,5846290000.0,1291.003578897269,1299.6891962084158,1280.470763871801,1289.0247941935618
2008-07-02,5276090000.0,1287.1881081728964,1294.7739345717814,1267.5984762783792,1282.9978481781366
2008-07-03,3247590000.0,1277.640759676735,1285.6125827457902,1260.1265460338461,1272.0116473852343
2008-07-07,5265420000.0,1276.9756204105142,1284.2141702674392,1259.4867043274455,1270.9903992431387
2008-07-08,6034110000.0,1269.9381051319397,1280.5732511292692,1253.4708894731295,1267.9613191361418
2008-07-09,5181000000.0,1265.675550124844,1276.6321441895284,1248.683444546202,1263.8465689480472
2008-07-10,5840430000.0,1263.420507931728,1273.4057722105147,1243.6795004001194,1258.9848913554215
2008-07-11,6742200000.0,1256.7324604584799,1268.2597646455556,1238.6398856422272,1256.1263382957723
2008-07-14,5434860000.0,1255.6013176148829,1264.9138522708222,1235.393004365473,1251.5050949839588
2008-07-15,7363640000.0,1249.6781284394574,1259.5417796918891,1228.8309625929294,1243.9039602620016
2008-07-16,6738630000.0,1243.3020702887954,1256.5591026104473,1224.7012617577352,1243.1420341557691
2008-07-17,7365210000.0,1241.4866294147348,1256.1426542911227,1224.4463295816126,1244.3870808882546
2008-07-18,5653280000.0,1242.9311681943625,1253.7978774345702,1234.2035001225995,1243.9875225675205
2008-07-21,4630640000.0,1240.6437956319814,1251.2257803458895,1229.417270140738,1241.092390973955
2008-07-22,6180230000.0,1248.7350877247638,1259.2351591161198,1240.4358027057967,1250.5241588334304
2008-07-23,6705830000.0,1257.830415103212,1269.1974164248081,1251.4245284190297,1260.4008091264086
2008-07-24,6127980000.0,1267.8146693399162,1279.7922983900119,1258.7598948447342,1268.083241634969
2008-07-25,4672560000.0,1270.1689611573454,1275.8607567996935,1254.0091544337872,1255.436096818836
2008-07-28,4282960000.0,1258.8940586970518,1262.8504972527815,1242.9750516204613,1246.841691661401
2008-07-29,5414240000.0,1255.1880634974893,1263.7206947422221,1239.0021577844718,1250.869051479148
2008-07-30,5631330000.0,1253.6862246771082,1271.5666237169069,1246.1322283808104,1261.1618182117315
2008-07-31,5346050000.0,1264.0180454764372,1278.6832558267347,1258.8223546116606,1265.516409599624
2008-08-01,4684870000.0,1262.752268857187,1272.902242664968,1253.4202995547262,1263.8860968114334
2008-08-04,4562280000.0,1261.3568881180286,1270.087596262813,1251.7492322838134,1262.5661431246897
2008-08-05,1219310000.0,1255.4932714733357,1271.4557146153488,1249.8151536053522,1263.6148694192348
2008-08-06,4873420000.0,1260.896727475574,1272.337929547234,1250.5880806333964,1264.126046962373
2008-08-07,5319380000.0,1264.037287376532,1274.4942391665368,1254.1768870391716,1264.3519433928343
2008-08-08,4966810000.0,1266.710687380172,1282.3479093532183,1257.601218573287,1270.9418371930992
2008-08-11,5067310000.0,1265.6701302427712,1285.1491709989446,1258.2069715956281,1270.738700305321
2008-08-12,4711290000.0,1273.5083056227725,1292.6459926023297,1268.1538333065837,1280.6686894931088
2008-08-13,4787600000.0,1280.1939395377176,1294.9046449844168,1273.0105875595984,1281.1452339980283
2008-08-14,4064000000.0,1288.8814873579117,1298.4126115510107,1278.1477691552627,1288.8480618087492
2008-08-15,4041820000.0,1285.3850089150828,1296.4916017579576,1276.5445080155625,1287.420958762111
2008-08-18,3829290000.0,1292.6196561074214,1299.6545491339468,1282.3155593424217,1289.1329101526317
2008-08-19,4159760000.0,1288.5003916260996,1292.231976584663,1274.3070877027822,1279.5955429705214
2008-08-20,4555030000.0,1289.6642586266212,1294.4120714099452,1276.109516511427,1287.7386491779248
2008-08-21,4032590000.0,1288.7757649260975,1291.6139713442947,1275.397436354912,1288.5904481134323
2008-08-22,3741070000.0,1287.4825746234271,1293.837712485664,1276.5147862888957,1287.1189215035556
2008-08-25,3420600000.0,1285.9011346828986,1293.1559285091864,1275.1438959559714,1286.6538387260314
2008-08-26,3587570000.0,1284.1442041396901,1289.0638917281165,1272.0782036113585,1282.8531179571462
2008-08-27,3499610000.0,1283.8093087975442,1289.140929671321,1272.2399235489854,1284.1808911507947
2008-08-28,3854280000.0,1282.0461902678728,1289.966608791563,1273.8227234250962,1285.9380809660759
2008-08-29,3288120000.0,1282.7402087977682,1291.6072918162652,1274.5842237849754,1283.8261550489735
2008-09-02,4783560000.0,1283.505186411277,1294.904452745516,1276.3110919603746,1285.582346170498
2008-09-03,5056980000.0,1284.140678611676,1292.07585436367,1273.3117920092927,1281.2692148673545
2008-09-04,5212500000.0,1281.3177679953435,1289.16037323357,1270.389327523709,1283.050866510917
2008-09-05,5017080000.0,1279.6378137160702,1283.6667778627175,1250.7623034987582,1270.0719227406676
2008-09-08,7351340000.0,1261.0592898221241,1271.5626797920154,1245.6568285241433,1260.1645528913218
2008-09-09,7380630000.0,1251.480003425689,1268.075286517048,1238.8094196243144,1252.889621504601
2008-09-10,6543440000.0,1252.9340274173335,1262.1640858611458,1229.358200687117,1236.0148972181553
2008-09-11,6869250000.0,1238.59874516324,1252.2954458098782,1220.3528623991783,1240.5492867136024
2008-09-12,6273260000.0,1247.9163526230075,1259.5734452910697,1227.5328249790966,1245.0063462196654
2008-09-15,8279510000.0,1244.6758653684494,1256.3204082568257,1217.5637568716807,1234.4779148016974
2008-09-16,9459830000.0,1237.33805296203,1249.9484796671427,1208.4984378123556,1227.70402161175
2008-09-17,9431870000.0,1227.163941703127,1236.8573667011954,1185.727776380979,1217.2867747203934
2008-09-18,10082690000.0,1214.946424221329,1229.3672883601664,1173.6135288871974,1209.8133196824638
2008-09-19,9387170000.0,1208.8965073032632,1243.10035775687,1200.5091967633145,1225.7780814946755
2008-09-22,5368130000.0,1235.374801673456,1255.9300944692857,1202.612310302265,1221.4532372979802
2008-09-23,5185730000.0,1217.2049292443153,1235.5539608053043,1191.313050455501,1210.6638815168767
2008-09-24,4820360000.0,1212.2700496662185,1219.1981415330376,1189.6777653149281,1203.664344906643
2008-09-25,5877640000.0,1196.9534144023116,1226.9556235188086,1180.4237424657426,1204.2992504428446
2008-09-26,5383610000.0,1214.0099475180332,1226.7831260486043,1195.4556180054465,1210.572640770243
2008-09-29,7305060000.0,1207.7948021352233,1218.5845461294216,1146.3038592019625,1166.699938851115
2008-09-30,4937680000.0,1180.0586741356374,1210.02677282727,1136.757542657186,1181.3673851911817
2008-10-01,5782130000.0,1177.12573397695,1191.1619741613456,1122.71416250295,1153.423669560865
2008-10-02,6285640000.0,1166.1210840997787,1176.3848517753704,1124.4744841584293,1154.4984938399166
2008-10-03,6716120000.0,1150.5823422682902,1167.6995816413714,1113.8151798994254,1126.183007122283
2008-10-06,7956020000.0,1143.4792739711554,1151.6771235295616,1067.722395506412,1119.2569921147542
2008-10-07,7069210000.0,1118.7669861407526,1113.1743889871614,1022.6353303358862,1077.9906988394964
2008-10-08,8716330000.0,1074.8295943545938,1073.909701490907,1014.3697084038436,1038.998149866312
2008-10-09,6819000000.0,1040.9732153510793,1043.2354887503006,967.9118985488125,1003.9860879400642
2008-10-10,11456230000.0,991.107985448031,1001.6932673740073,905.5132000972482,948.7261653441013
2008-10-13,7263370000.0,955.7026213203816,1009.7273902768803,924.589244228085,973.7370746585731
2008-10-14,8161990000.0,968.768727690472,1022.1480491608689,937.9977351066134,986.6193521610911
2008-10-15,6542330000.0,994.220724794426,996.3659591294272,903.6741080473197,934.2070373119317
2008-10-16,7984500000.0,958.4220375734232,989.2025141568187,911.3520928183782,957.0929251565142
2008-10-17,6581780000.0,931.8830085047373,985.0475138232523,911.3758089361601,948.8988299050759
2008-10-20,5175640000.0,951.8283763632083,994.2511118397309,931.207281122004,974.2609499153855
2008-10-21,5121830000.0,975.8604726572463,995.3318251100192,946.7372171874167,962.6586559835075
2008-10-22,6147980000.0,962.6803579911258,981.6008796356427,910.3521570940947,955.8537326544593
2008-10-23,7189900000.0,946.536337306548,954.1091947277521,879.7226821726568,921.1037153506489
2008-10-24,6550050000.0,913.5411957209668,923.7398950741955,866.553477773368,900.5137358030504
2008-10-27,5558050000.0,891.4849686566141,904.0171857478812,861.5014832149811,870.7538547061405
2008-10-28,7096950000.0,877.8047956712744,905.7590544589951,841.2112138842738,886.9975705694864
2008-10-29,7077800000.0,896.1409406287927,952.3350548494456,896.8072898241528,926.4644753674215
2008-10-30,6175830000.0,923.6310538775963,946.3920104224164,904.6373024063577,918.9092102801382
2008-10-31,6394350000.0,910.0205001045828,948.6038248915943,909.4370273201026,928.6418525063619
2008-11-03,4492280000.0,935.3016774656829,965.2569857218921,929.8695751315604,935.6526799528815
2008-11-04,5531290000.0,957.1956567074861,974.8745509899719,952.1715834119121,954.0598470434734
2008-11-05,5426640000.0,966.6136543366553,988.5841194992149,956.3230602530425,963.5085566510073
2008-11-06,6102230000.0,971.945498169188,981.8319847933889,933.7737536990983,946.1012770380684
2008-11-07,4931640000.0,944.7780920809064,960.69511047062,910.8461110146374,934.9163828937517
2008-11-10,4572000000.0,925.2244627122848,943.0522134909672,906.6913155938959,930.7197017693563
2008-11-11,4998340000.0,929.7427377082865,946.1564629213068,903.3706672936008,926.5713488597769
2008-11-12,5764180000.0,918.2375644430826,926.1961552892932,883.4515037325639,906.5208096745779
2008-11-13,7849120000.0,897.8933241174137,909.8471780919442,853.4030793872465,889.1891764710382
2008-11-14,5881030000.0,890.6383873296596,902.2917558337588,853.0572592694671,874.4616997961335
2008-11-17,4927490000.0,886.9448092063923,896.7626882323103,850.0219096283104,859.6775953691783
2008-11-18,6679470000.0,862.7209033588929,872.6283039152648,830.8077896267013,851.4427138081345
2008-11-19,6548600000.0,867.9091016388314,878.6954916622362,824.3092209061776,854.2189866136034
2008-11-20,9093740000.0,856.2772757723749,867.2064482817599,805.0991058430067,831.2712201022794
2008-11-21,9495900000.0,835.3755709452521,849.3727476131403,783.2356814562288,813.453987152535
2008-11-24,7879440000.0,822.2369930631093,857.1300879296771,793.8551031538382,822.4698728128822
2008-11-25,6952700000.0,816.0407979599222,851.6932753529853,805.009110144631,838.2202993986219
2008-11-26,5793260000.0,838.7793687307376,867.7684762091886,831.3642730518582,864.0036063769728
2008-11-28,2740860000.0,850.738172534687,883.0864771938125,849.2239562755514,884.6723226285078
2008-12-01,6052010000.0,867.5424800573741,890.8756943567995,845.9440149492664,871.2722612435525
2008-12-02,6170100000.0,865.3654661250972,882.1363087419417,837.6581873786547,860.1658253401118
2008-12-03,6221880000.0,852.6441793394259,877.956901983242,835.6467037826412,861.0124682433319
2008-12-04,5860390000.0,859.8967037262177,880.2318030722287,835.9208753699859,867.3396461604214
2008-12-05,6165370000.0,859.2177238976391,876.0640218376674,825.1881023821287,849.8359409499816
2008-12-08,6553600000.0,857.1601467230954,883.1366698394204,836.8527409182185,866.658296897071
2008-12-09,5693110000.0,871.6661449593319,898.1263397848766,856.0769262990723,884.5749829196468
2008-12-10,5942130000.0,896.824939703868,909.2360322320152,878.6420373705337,887.4921540489248
2008-12-11,5513840000.0,895.3763587420713,906.7718499504942,873.8352571906445,882.2311714018682
2008-12-12,5959590000.0,891.2301648230749,905.2375461276557,871.7427214009412,885.545329845654
2008-12-15,4982390000.0,885.2558341139735,893.4107967244961,862.878676697172,879.7871006485191
2008-12-16,6009780000.0,879.846425404242,896.384494797255,865.7341480613601,882.6917691987851
2008-12-17,5907380000.0,880.2176167746395,899.3539143871886,871.488888773914,889.6073040097922
2008-12-18,5675000000.0,885.8914711911889,902.0313820491118,874.2629705116626,887.4959502736881
2008-12-19,6705310000.0,884.1191086800786,899.7069655949931,870.546452654071,882.0490722646961
2008-12-22,4869850000.0,877.0287845353262,892.6562491216583,863.8949349673832,879.9308288040653
2008-12-23,4051970000.0,876.6492133620646,890.1432299713682,861.8861330055946,875.7624161920409
2008-12-24,1546550000.0,876.2217923485105,887.2696014062797,861.8269743345933,876.8391718750607
2008-12-26,1880050000.0,880.0207994126728,889.3143503145782,865.222394638114,878.1463387622085
2008-12-29,3323430000.0,876.7983860360756,884.0952916963896,863.182691267465,874.068652251161
2008-12-30,3627800000.0,872.506938692905,880.2283269212214,861.6361135142033,872.3901593309961
2008-12-31,4172940000.0,875.4281926739504,883.6125983866858,866.3058788619002,880.505833013422
2009-01-02,4048270000.0,886.1464052585086,911.4583576114268,881.7487066976079,899.8211786518284
2009-01-05,5413910000.0,911.4940942269,932.8195154591625,904.9280585539567,921.5249404696498
2009-01-06,5392620000.0,924.6658217869547,937.0684515978127,918.4878965435269,925.1458268305743
2009-01-07,4704940000.0,924.0440033210156,933.8976865907283,911.4889551633828,917.1268756254484
2009-01-08,4991550000.0,915.4790317541241,917.9499334321811,900.5688667761768,908.910141755881
2009-01-09,4716500000.0,907.6524670646631,912.3721391724508,889.4098171869326,897.2961952582874
2009-01-12,4725050000.0,897.5884980495404,899.7712329028176,876.4275912373859,883.5011365723695
2009-01-13,5567460000.0,882.8294647125205,884.256042814704,865.2404109730211,873.1555819482395
2009-01-14,5407880000.0,870.7045824268523,870.9908953723842,847.9789494254056,860.0912039166141
2009-01-15,7807350000.0,857.0590517078718,860.4197743805603,831.3635697692127,851.9753085265718
2009-01-16,6786040000.0,851.1076998086811,860.936081496068,830.8109927344341,850.280994339697
2009-01-20,6375230000.0,849.2532183667354,855.2683248693795,820.4733206362622,833.5714441270643
2009-01-21,6467830000.0,833.4987656503113,847.0586126454547,809.8792492194549,833.7494906363406
2009-01-22,5843830000.0,832.5799357016307,842.0588413200327,807.1529269350145,831.5059295540435
2009-01-23,5832160000.0,829.1809416409976,842.6417874542677,809.8421018957791,832.4744493766499
2009-01-26,6039940000.0,831.4406458083913,850.5701692915627,819.0977993947112,833.2869070299764
2009-01-27,5353260000.0,832.8634759247917,850.0079205694464,824.1294821390734,833.9558411647868
2009-01-28,6199180000.0,834.7014950093535,857.7481038540533,830.8410683064294,846.6278180013292
2009-01-29,5067060000.0,844.0159309332729,858.6183488109189,832.2461208887272,842.5297737970504
2009-01-30,5350580000.0,841.7529212667615,856.5550469023797,828.5656512999391,834.5454830402549
2009-02-02,5673270000.0,833.2101746003061,840.6341493042167,819.5802783483133,824.6789823652363
2009-02-03,5886310000.0,824.7995103788564,840.9729676203665,822.5295047638082,834.403713109837
2009-02-04,6420450000.0,833.7424974177809,847.4794248490406,825.9176105732064,830.7528940951945
2009-02-05,6624030000.0,830.9518572423835,847.0158270647341,821.238430846847,833.4635068885466
2009-02-06,6484100000.0,833.3807040969228,854.0924963542017,828.5293898479617,845.9327731120856
2009-02-09,5574370000.0,846.250478315637,864.7718231428041,844.3435964372952,857.3412940689293
2009-02-10,6770170000.0,856.0548635546912,866.2747162805459,837.023043477507,847.2912619810282
2009-02-11,5926460000.0,846.5386662880207,856.1059002807252,831.3852478250352,841.4594053536317
2009-02-12,6476460000.0,839.0951314634152,847.059229733443,823.5020628451672,842.64861824566
2009-02-13,5296650000.0,841.1330860312003,847.3855497954746,828.7626476343013,840.4922373244891
2009-02-17,5907820000.0,836.5939188076355,838.6480466727246,812.8571791827641,823.018220289741
2009-02-18,5740710000.0,819.7438813750681,818.012783191963,795.6617799875065,804.5860053592021
2009-02-19,5746940000.0,802.77377698845,806.7914277394161,783.6434669035519,793.5331300097359
2009-02-20,8210590000.0,790.3953224707276,792.2229243810588,769.9438722752735,781.7790812072145
2009-02-23,6509300000.0,780.7037296514364,782.320686010365,753.2851162188922,762.0581354970539
2009-02-24,7234490000.0,762.0250703192222,774.0722643274189,744.4978311801137,760.7252395045016
2009-02-25,7483640000.0,759.8680845430307,774.6664100395893,745.360033822405,763.5024080395308
2009-02-26,7599970000.0,762.1723031671911,776.9209276208004,749.4238912791936,758.8017692571448
2009-02-27,8926480000.0,757.5749465272776,765.492592726342,741.3652820102388,747.5449837192516
2009-03-02,7868290000.0,744.1929637065207,747.620140662155,722.8231948664152,727.3273111713764
2009-03-03,7583230000.0,725.520304028522,728.5916527692362,705.3285824761193,715.7218062388672
2009-03-04,7673620000.0,715.6495546596537,729.9790679081206,707.4223523044053,714.7913571579458
2009-03-05,7507250000.0,714.1169508856163,721.8682794046928,695.8726201454598,700.5807925688741
2009-03-06,7331830000.0,699.9513151704236,708.066984195461,679.9718014240299,689.0818134270038
2009-03-09,7277320000.0,688.1213409561868,699.5617210325919,671.852453662348,680.0257795490094
2009-03-10,8618330000.0,680.6754557458717,702.2604971785245,671.0782688393629,690.2233817776225
2009-03-11,7287810000.0,690.4623985900997,717.3600544513502,692.5891491483559,706.0717304173954
2009-03-12,7326630000.0,707.76897753782,735.4395822761425,702.6628476000302,724.9396925884314
2009-03-13,6787090000.0,727.7965796385071,744.2516651277737,720.2516248876096,737.9315649744187
2009-03-16,7883540000.0,740.5566192249172,760.4659583644506,736.7448876851948,747.2349494583485
2009-03-17,6156800000.0,747.97420118246,770.6562538445771,745.8156129317363,762.5392037876767
2009-03-18,9098450000.0,762.413138236676,788.6913713255965,758.4842915142351,782.488661705671
2009-03-19,9033870000.0,783.9753008383759,801.8423513648357,774.085948141501,790.3554524604443
2009-03-20,7643720000.0,792.3391318743713,802.5769147942028,778.3599871039808,782.6516318003388
2009-03-23,7715770000.0,785.6039644306635,812.712561626122,776.9639928884582,798.8363133736244
2009-03-24,6767980000.0,799.4290444749868,820.092335228323,788.6442930133194,805.3681460182579
2009-03-25,7687180000.0,805.6102456508942,823.5495489247751,790.965294347011,807.5625296555552
2009-03-26,6992960000.0,808.4735200175277,827.395301147227,799.8950412597688,817.8644362156474
2009-03-27,5600210000.0,816.9459244046753,832.3226204699318,809.4186567638097,824.714063661259
2009-03-30,5912660000.0,822.0837074937053,827.4204470493881,805.1559139358326,816.3326262619835
2009-03-31,6089100000.0,814.1861158016977,819.932945085832,797.9791271605736,806.5239443129294
2009-04-01,6034140000.0,803.8282329306484,816.4042985067373,790.9359858228376,807.9819721924742
2009-04-02,7542810000.0,807.189941187206,828.7109836849598,799.4059766494379,820.3638846387277
2009-04-03,5855640000.0,820.9329615136203,838.0389455466596,815.5341020033051,832.7357949738954
2009-04-06,6210000000.0,831.2520560683466,834.8197210151717,817.7680317385756,829.6712164702506
2009-04-07,5155580000.0,827.8942030219395,832.1156321778511,811.8286502628556,822.6072789283751
2009-04-08,5938460000.0,822.7538591305865,830.7134159473302,813.4777518763711,823.444522910959
2009-04-09,7600710000.0,825.4881619201504,842.6007946162184,821.341909364729,842.0085301043532
2009-04-13,6434890000.0,842.8235471438732,857.3311332819922,836.7969562043279,855.843002408322
2009-04-14,7569840000.0,854.5405850490592,859.8553794115783,841.8676824164787,850.293055828711
2009-04-15,6241100000.0,849.0352080317591,856.2859184781884,839.2057111387197,847.4057035669274
2009-04-16,6598670000.0,847.6886691139578,859.3916791990152,839.7489183144231,851.6861133161522
2009-04-17,7352010000.0,852.0108661920942,865.9983323829724,845.6821500888606,856.6513105362146
2009-04-20,6973960000.0,857.636776723366,867.2300842785135,840.1574894260277,846.2851203233589
2009-04-21,7436490000.0,845.3980563753964,858.7097671564593,830.4442059379938,843.662622957654
2009-04-22,7327860000.0,841.9852706688697,858.3864030584137,834.0101392424532,841.1561299194724
2009-04-23,6563100000.0,841.1825682978782,857.2616659238292,834.585017688482,845.2280209553284
2009-04-24,7114440000.0,846.8480173475348,862.0948547673507,840.8745898467816,849.4864192273948
2009-04-27,5613460000.0,849.4912370741527,863.1946230323363,843.4767565202138,849.9532761042838
2009-04-28,6328000000.0,848.2072875584365,860.9379471927565,842.3169858115186,847.4304466457706
2009-04-29,6101620000.0,847.3846896546876,866.7465121906175,845.0137620407372,854.776463155872
2009-04-30,6862540000.0,856.4664590138119,875.4244107505097,853.2550580578077,860.9510979189861
2009-05-01,5312170000.0,862.6920635344102,876.3928281214368,858.9934986557125,866.474476326437
2009-05-04,7038840000.0,868.4040647278616,887.8324021522159,866.8194438885214,881.3227833455497
2009-05-05,6882860000.0,881.8190507115526,897.357887297489,878.9922531652632,892.1600448756634
2009-05-06,8555040000.0,893.5128016705862,909.052438932445,892.2315453089001,902.5168076556419
2009-05-07,9120100000.0,904.0544361345903,917.7723586493548,896.1294360060427,903.4169737401035
2009-05-08,8163280000.0,905.1144007340563,923.0152522398893,900.9447647518181,911.3564564362964
2009-05-11,6150600000.0,910.7809857281162,922.8960201471374,902.8700472974472,911.9309334286681
2009-05-12,6871750000.0,910.9675004130032,918.9584147996208,901.430396776131,911.5966278844692
2009-05-13,7091820000.0,910.2854085895681,913.9406485019529,894.034874928303,901.858653472427
2009-05-14,6134870000.0,900.6855237710644,911.1629398461972,891.2710903672321,901.8188961823489
2009-05-15,5439720000.0,901.43765628652,906.6960782250765,891.2319391793901,899.0285378365444
2009-05-18,5702150000.0,898.6060507287328,907.7721136867594,888.4563791503938,904.2977440750038
2009-05-19,6616270000.0,903.1331745654724,911.2871536077635,895.0326627593782,906.4143580961169
2009-05-20,8205060000.0,905.1655103728651,917.2681542075645,898.1349866330007,905.3214518033888
2009-05-21,6019840000.0,902.4271783142111,907.1452894801462,889.0373663711631,896.6597901982248
2009-05-22,5155320000.0,894.782163276556,902.6630285340074,885.4848569553966,892.4361722994497
2009-05-26,5667050000.0,891.7219534479481,906.4119791243072,884.5450726775023,902.3815467256138
2009-05-27,5698800000.0,901.1013676509453,911.7135196615022,889.2092517088063,903.5163447485728
2009-05-28,5738980000.0,901.9222362916997,912.4231271704903,892.158292415501,904.4541367600497
2009-05-29,6050420000.0,904.328863877445,915.4956932460957,896.2275823039222,908.2430462236124
2009-06-01,6370440000.0,909.8346164531816,927.6308149428553,905.5880837260531,920.149540067709
2009-06-02,5987340000.0,922.6525163349992,938.0152661043576,920.7254924938286,928.8069709740253
2009-06-03,5323770000.0,928.9583268158602,937.7868605132755,918.688355383993,927.926721995575
2009-06-04,5352890000.0,928.2755754778195,939.7772501825034,922.4544011695364,930.9299628140948
2009-06-05,5277910000.0,933.0895590395709,945.205293492816,927.278673223369,935.4016575942172
2009-06-08,4483430000.0,937.8859855809087,950.1312512895624,931.3472684967256,937.9594274646478
2009-06-09,4439950000.0,939.3336776105759,948.2565795786423,932.2006644001098,938.9676161639331
2009-06-10,5379420000.0,940.4223790789091,948.1993408507556,930.5682103234992,936.3016508860314
2009-06-11,5500840000.0,936.9811319716512,950.0495883219918,931.3471582241264,937.4469791014242
2009-06-12,4528120000.0,937.8291118343511,947.1574175681626,931.8378125274209,940.214273727554
2009-06-15,4697880000.0,938.6861222813579,943.7812853239268,926.9814118314913,935.398825390822
2009-06-16,4951200000.0,934.6141733499335,938.057053662896,921.2016189462305,927.1953070130245
2009-06-17,5523650000.0,927.1765499366456,931.6142758678055,916.2516705157518,922.2958288350976
2009-06-18,4684010000.0,922.0961738830126,927.3060017789549,913.3720461422399,923.0748890448876
2009-06-19,5713390000.0,923.4270631007291,927.9525642292851,916.9119551252656,924.7669006929103
2009-06-22,4903940000.0,923.4584164167744,923.3779647214851,906.0508025741032,912.7049678278378
2009-06-23,5071020000.0,911.4639380306207,911.6043626630475,897.6248931097576,902.8231816612458
2009-06-24,4636720000.0,902.0318056280522,907.8270152429745,894.9038564154138,903.1222492037092
2009-06-25,4911240000.0,901.851662776987,914.7822594603141,897.8250811762598,911.8920475610327
2009-06-26,6076660000.0,911.0460838813368,921.7569213676617,906.0003876022055,914.8230627801004
2009-06-29,4211760000.0,914.6869227428065,923.2788417678199,909.3099196693548,917.5921057463519
2009-06-30,4627570000.0,917.7394264583527,924.8311888149717,910.1300334436839,916.9863844483912
2009-07-01,3919400000.0,917.6304450370781,926.7574923557615,912.6381237387019,918.2488874877041
2009-07-02,3931000000.0,918.2320480926278,924.0814248075219,906.4418694780022,909.2452324850792
2009-07-06,4712580000.0,908.1290441627173,910.7198705181222,895.0069823566922,901.939845057789
2009-07-07,4673300000.0,900.0544944718777,900.6496647895644,884.3612800330076,891.6417530119182
2009-07-08,5721780000.0,891.7976939256604,893.5674986833244,878.2707163432882,886.4941111275995
2009-07-09,4347170000.0,886.2456234174824,890.1694746547793,875.4520122784563,883.4176685974993
2009-07-10,3912080000.0,882.775101832576,886.4999238069613,873.9639576798521,881.6586048379609
2009-07-13,4499440000.0,881.2085471079484,890.7562700884257,873.9352795797344,887.9287250760723
2009-07-14,4149030000.0,887.7834011359191,897.7223049379659,881.3661165365221,894.7366227139923
2009-07-15,5238830000.0,897.7534189060096,913.8987801170724,894.8299015285879,911.1108688459102
2009-07-16,4898640000.0,911.3240013803181,927.940311420776,908.3130596423019,922.2981102279136
2009-07-17,5141380000.0,923.0017187062397,935.2927382501313,921.5481479581724,927.9486769202225
2009-07-20,4853150000.0,928.5359646444537,942.242555016985,928.7352949075834,936.1817799400114
2009-07-21,5309300000.0,939.2682439531767,949.6094157023316,936.9682627030836,943.6236529610533
2009-07-22,4634100000.0,944.4210589320853,955.339283947012,941.2422401089973,949.2295899875614
2009-07-23,5761650000.0,949.7840334882687,967.2688378593555,948.9984932374701,959.8396480329641
2009-07-24,4458300000.0,958.6733550393211,973.8259947788501,956.275860771848,967.9449621498188
2009-07-27,4631290000.0,967.5444959023501,976.9896968449381,962.5391224984527,972.6760581341365
2009-07-28,5490350000.0,972.2037980075967,978.5725173182446,963.8812634889573,976.3438785179402
2009-07-29,5178770000.0,975.2526051563841,980.5448825740541,968.4058693190287,979.3183210660145
2009-07-30,6035180000.0,978.8982973109438,990.3762271969513,974.8824138510369,985.6421851984087
2009-07-31,5139070000.0,985.5677015752249,996.0541402970841,982.5177504569123,990.7710293749751
2009-08-03,5603440000.0,991.6110193242158,1001.8869891714986,988.9964252037772,998.2353337207159
2009-08-04,5713700000.0,998.4849647138467,1005.5690103042177,993.7064758059709,1004.1479921668887
2009-08-05,7242120000.0,1003.3669286133876,1006.4564442512532,995.2162528610809,1004.9348281937384
2009-08-06,6753380000.0,1004.8208008176798,1007.2941072136697,993.7799213057596,1001.6769929339897
2009-08-07,6827090000.0,1003.2228212840987,1012.0063422976743,996.4542807307972,1006.3723554011043
2009-08-10,5406080000.0,1006.043318495997,1011.6424003803598,998.7092100691737,1007.7314065440185
2009-08-11,5773160000.0,1007.7278131096423,1010.3192662073373,998.1295193863627,1004.5412418566805
2009-08-12,5498170000.0,1003.4658005141287,1011.8287829975312,996.0546099235424,1005.2878804487631
2009-08-13,5250660000.0,1005.1838750687334,1014.5562210028829,999.8008984497964,1009.0824692142351
2009-08-14,4940750000.0,1009.0383309481659,1015.4731667121121,999.3817862371353,1008.5005509954586
2009-08-17,4088570000.0,1006.132961635336,1009.1911423006859,992.1971111798919,997.4750538425395
2009-08-18,4198970000.0,996.1728632734344,1001.0647747300081,986.1651543725125,992.8671535993433
2009-08-19,4257000000.0,991.4706281517979,1000.2172509723956,984.2282218692616,993.9922151648952
2009-08-20,4893160000.0,993.1082120419471,1002.6870372392569,987.6704675108565,998.0770305670916
2009-08-21,5885550000.0,997.9212642443673,1011.7583955637857,994.4655267330647,1005.4325640421407
2009-08-24,6302450000.0,1007.215774961099,1022.5037566060997,1007.359832347903,1012.5916943282855
2009-08-25,5768740000.0,1013.2857680774387,1027.9769344733133,1013.3959979035274,1016.6207848926603
2009-08-26,5080060000.0,1017.557338006904,1029.0418625516616,1017.1767164037839,1021.3500251084602
2009-08-27,5785880000.0,1021.7323600343952,1032.1391297829302,1017.0555995323016,1025.7122576438403
2009-08-28,5785780000.0,1026.937342752756,1036.3944665265021,1021.2661447353798,1029.149108249591
2009-08-31,5004560000.0,1028.6709477715867,1034.0647343156463,1020.7858312763061,1025.2447740955336
2009-09-01,6862360000.0,1025.5762356722669,1031.3623906260646,1008.9031982107535,1010.8027171053275
2009-09-02,5842730000.0,1009.0349153547967,1013.993344932302,996.9176962450084,999.0837058299633
2009-09-03,4624280000.0,999.1934476081963,1005.0265193097096,991.8243401885635,1001.5883726168225
2009-09-04,4097370000.0,1000.9091790737699,1009.6046867689491,995.0857412862867,1006.9570133101087
2009-09-08,5235160000.0,1006.8399015835801,1016.5563561369208,1004.9585856470062,1015.6812418591524
2009-09-09,5202550000.0,1016.1771386423264,1028.0889956018248,1015.5258788892497,1023.6805244046011
2009-09-10,5191380000.0,1024.429744782872,1035.7887470133944,1021.9095436626916,1032.9542326218261
2009-09-11,4922600000.0,1032.7828273310379,1042.4111843121682,1030.2209976274917,1038.478405324884
2009-09-14,4979610000.0,1038.6801569239392,1047.2483660096498,1034.6412357053298,1044.9426136620566
2009-09-15,6185620000.0,1043.934477329697,1051.9612703615928,1038.435102669152,1047.0604822844377
2009-09-16,6793530000.0,1047.7807524510904,1057.6709725365981,1042.8296120294954,1055.0250743645674
2009-09-17,6668110000.0,1054.7774715866333,1064.542141302868,1050.5498192058446,1060.0176422889845
2009-09-18,5607970000.0,1060.6351287632851,1068.2699174110032,1057.1662650718533,1063.8852207842283
2009-09-21,4615280000.0,1063.9353226085636,1068.8792490622202,1058.7794401288124,1065.3629300047098
2009-09-22,5246600000.0,1066.4909079139456,1072.2134376213116,1063.2149031487018,1069.6074091188152
2009-09-23,5531930000.0,1070.7114744146113,1076.9533924156767,1065.0683567836334,1069.2022064093164
2009-09-24,5505610000.0,1071.0869510136404,1076.1382391444645,1060.0194971298479,1064.376552563305
2009-09-25,4507090000.0,1064.3087637458327,1068.334061220428,1052.991476912906,1057.942447271197
2009-09-28,3726950000.0,1056.1138502541844,1068.1147924111926,1051.836341821418,1061.9718390496314
2009-09-29,4949900000.0,1062.2629495683566,1070.5926047515463,1055.986777877155,1063.3646417287762
2009-09-30,5998860000.0,1063.06146815492,1068.630504869347,1052.1672184715985,1060.9753705777537
2009-10-01,5791450000.0,1059.9421283891045,1061.4660758674854,1041.0357345711793,1047.0369410010267
2009-10-02,5583240000.0,1044.550671723733,1046.4631811356514,1029.150966884029,1035.7063569827224
2009-10-05,4313310000.0,1035.598288907816,1042.8972341010724,1027.1274855284132,1038.5970513076234
2009-10-06,5029840000.0,1037.7025842631072,1050.8227102910944,1033.9721570771148,1048.1897639744384
2009-10-07,4238220000.0,1048.0860894521268,1058.4839589258693,1045.6983296053534,1053.980334505662
2009-10-08,4988400000.0,1056.3604966437076,1063.6980916677867,1051.987965080937,1055.7939129318643
2009-10-09,3763780000.0,1056.8546055087165,1063.7026684550715,1053.416932395307,1058.4094016053377
2009-10-12,3710430000.0,1059.5271705033847,1067.9934183904213,1057.034451086816,1063.855854877736
2009-10-13,4320480000.0,1063.6446480528534,1069.5539411384837,1061.3788542029804,1066.9474936889865
2009-10-14,5406420000.0,1070.8882908474418,1079.6217122104376,1070.5021393508284,1078.7687890646819
2009-10-15,5369780000.0,1080.8531335461382,1089.5022013120786,1080.3024661246461,1088.673156063363
2009-10-16,4894740000.0,1090.324456390535,1094.9004661548634,1084.8499643230534,1091.4641699236329
2009-10-19,4619240000.0,1092.491145450183,1098.6779777471681,1087.5900107479283,1095.0975619720025
2009-10-20,5396930000.0,1096.7046733577963,1100.9220782063683,1088.0537238416757,1094.9979915211225
2009-10-21,5616290000.0,1095.392909763053,1102.4672422536046,1085.6415509383198,1088.70107568986
2009-10-22,5192410000.0,1088.1425920748334,1099.5927828374215,1078.8201078746606,1087.9549499432544
2009-10-23,4767460000.0,1089.4206019158376,1096.4723685241206,1074.8518193644545,1083.6468625535833
2009-10-26,6363380000.0,1084.2259423955643,1091.9940305991504,1071.4481511463694,1078.206626294395
2009-10-27,5337380000.0,1078.644348736997,1085.0242347852525,1068.146324599268,1073.1173201704491
2009-10-28,6600350000.0,1072.1880550087537,1075.686475394514,1056.8254360047822,1060.8222419211295
2009-10-29,5595040000.0,1059.58676913552,1071.8273161362495,1048.154148950259,1062.4527356617104
2009-10-30,6512420000.0,1060.2702481591684,1067.8722749119197,1040.3685480700972,1050.7326180282553
2009-11-02,6202640000.0,1050.2335944724898,1060.4327227950926,1032.6385766174812,1043.8265518950188
2009-11-03,5487500000.0,1041.0738906984207,1049.3594438812022,1028.994751298294,1041.3305937426962
2009-11-04,5635510000.0,1040.4896835074956,1051.2679165222987,1036.4252596447436,1043.5899821103637
2009-11-05,4848350000.0,1043.7982243040194,1060.9430135964894,1044.2087865671758,1057.0572109231816
2009-11-06,4277130000.0,1056.637097572857,1068.7535654519318,1053.6118349170756,1065.8425014634659
2009-11-09,4460030000.0,1067.6938218961905,1082.3283797515007,1062.6995250969437,1077.0992959287867
2009-11-10,4394770000.0,1077.4947072503662,1087.5826150987612,1071.859517093686,1080.3191823349202
2009-11-11,4286700000.0,1084.1087528748476,1094.1092216278291,1083.1667399403586,1089.3092773392164
2009-11-12,4160250000.0,1090.6157534883785,1098.300326809178,1086.4844982126522,1090.3391809716627
2009-11-13,3792610000.0,1092.4743522395604,1101.295784311414,1088.2384269914562,1094.0004848914327
2009-11-16,4565850000.0,1094.6926904051165,1109.4756087045096,1093.7579328724094,1102.7575688124975
2009-11-17,3824070000.0,1104.3751307815794,1112.2404575813725,1099.7157232336417,1107.9169696967786
2009-11-18,4293340000.0,1107.7198447603978,1112.4106250998502,1102.5061465078315,1109.8842079602368
2009-11-19,4178030000.0,1108.4592621967993,1109.5050738780026,1095.5842815495168,1102.6006641646661
2009-11-20,3751230000.0,1100.931598728907,1100.580472559953,1088.2503194059789,1093.2655291114272
2009-11-23,3827920000.0,1094.946802035826,1104.6780802027727,1089.7998456003436,1099.3325671149007
2009-11-24,3700820000.0,1099.527155980091,1105.7923306408916,1093.8011382503823,1103.0592977495849
2009-11-25,3036350000.0,1103.0531038347792,1107.9477640540033,1098.5320554171892,1106.425891046276
2009-11-27,2362910000.0,1104.721200200007,1107.748334252785,1092.9317704209952,1101.9992516924174
2009-11-30,3895520000.0,1098.7587592011505,1103.0489994441482,1088.9672428476272,1097.7988332722296
2009-12-01,4249310000.0,1098.0302699733008,1106.6599210541453,1092.1835054682977,1103.4408835094594
2009-12-02,3941340000.0,1102.312457275524,1111.8031745853573,1099.9215799528042,1107.1302239652362
2009-12-03,4810030000.0,1107.9269715183323,1115.2089083690664,1098.6567367164826,1104.3101395569586
2009-12-04,5781140000.0,1102.861493638948,1115.480492840822,1095.8764225857879,1103.4208275377634
2009-12-07,4103360000.0,1103.5792024040854,1114.7258630614947,1098.7557848798392,1105.5375822699368
2009-12-08,4748030000.0,1104.6850726996227,1111.1004674654666,1096.9929362828877,1102.0755218561685
2009-12-09,4115410000.0,1101.686405338942,1106.295737221269,1093.845137085818,1101.1927735232528
2009-12-10,3996490000.0,1101.1554293931836,1108.294736772468,1097.5325682120379,1103.1303919396403
2009-12-11,3791090000.0,1104.2413288385026,1108.4908380881411,1099.1750513715392,1104.5429486819767
2009-12-14,4548490000.0,1105.589545621187,1109.9117605147858,1101.7761578445652,1106.9477376921186
2009-12-15,5045100000.0,1107.6476975295834,1111.1371711907236,1101.73342370855,1105.407200086973
2009-12-16,4829820000.0,1106.5461213256337,1111.7690890305241,1102.039047928977,1105.0241665044848
2009-12-17,7615070000.0,1104.8236358164918,1109.4501929329977,1099.228225161187,1101.2371225975974
2009-12-18,6325890000.0,1101.567326239852,1106.7081124211036,1095.9884102852748,1100.2630482715676
2009-12-21,3977340000.0,1101.5111460366197,1109.1710314663426,1099.218318203784,1105.235062372523
2009-12-22,3641130000.0,1107.4325878978505,1114.278542620435,1106.1009776188068,1111.0925883192824
2009-12-23,3166870000.0,1112.030812623189,1116.7483365992714,1110.766025333551,1113.6924718560708
2009-12-24,1267710000.0,1115.269004849818,1119.8131772581999,1113.6454938020113,1117.9655382882454
2009-12-28,2716400000.0,1119.1413885426803,1123.8659303462614,1117.0492982061414,1121.2668664081755
2009-12-29,2491020000.0,1123.259383941669,1127.4026683116413,1121.3700463101602,1123.5537262304354
2009-12-30,2277300000.0,1124.1051192075304,1126.8458891047658,1121.6060448908356,1123.6803274831207
2009-12-31,2076990000.0,1124.8585618515929,1126.6543940031659,1118.3241625316314,1119.7869332359278
2010-01-04,3991400000.0,1120.4214875183518,1129.0974959223036,1116.666017831243,1124.3641878097485
2010-01-05,2491020000.0,1124.4809368735866,1132.5369860196647,1121.5931117535833,1129.5560603166803
2010-01-06,4972660000.0,1129.4816977765918,1134.6035154176177,1127.220357557702,1133.132630315664
2010-01-07,5270680000.0,1132.754019449152,1137.8829625863086,1129.4379392223525,1136.6036357195346
2010-01-08,4389590000.0,1136.0281482515643,1141.6116774010836,1132.383263195687,1140.724992585306
2010-01-11,4255780000.0,1140.6841686999844,1145.788745430381,1137.2822329950934,1144.8721502962842
2010-01-12,4716160000.0,1143.7617982056656,1146.5242307805825,1137.6395179424856,1143.5828573710962
2010-01-13,4170360000.0,1142.9754758417873,1147.996370287736,1136.9220193469762,1144.806224026631
2010-01-14,3915200000.0,1144.554675261909,1149.9121959111508,1140.3025545011806,1147.5296780746119
2010-01-15,4758730000.0,1147.3888153815294,1150.7336896441955,1139.144830829225,1145.3353741453948
2010-01-19,4724830000.0,1144.982508147071,1151.7474405062076,1138.5235307282842,1147.0950775775043
2010-01-20,4810560000.0,1146.3149762690775,1151.020931452342,1134.8182822322942,1145.131448564481
2010-01-21,6874290000.0,1144.4819231038734,1147.839977753758,1127.2085937480213,1134.3033752553142
2010-01-22,6208650000.0,1131.9539985334782,1131.5130361279803,1106.1756342463163,1108.9314511701002
2010-01-25,4481390000.0,1108.6304672723948,1113.5837315119934,1097.1103418788632,1102.4875766627003
2010-01-26,4731910000.0,1099.9263847260538,1108.1855829279682,1094.5670909552111,1099.9419239014364
2010-01-27,5319120000.0,1098.8869849004484,1105.0844944471523,1089.6121053059487,1098.1966292193122
2010-01-28,5452400000.0,1096.1602271839495,1100.8498063766147,1081.462762341969,1090.2435693203174
2010-01-29,5412850000.0,1090.9861648661301,1096.433158048734,1075.4520440807316,1081.4441521727238
2010-02-01,4077610000.0,1081.1213323197276,1092.1986456818354,1073.968853446036,1084.2380816988452
2010-02-02,4749540000.0,1084.6597947919413,1098.0958994908037,1082.5932577206986,1094.8199874959446
2010-02-03,4285450000.0,1094.257044565387,1102.1792557423298,1087.1270446198018,1094.7183250416927
2010-02-04,5859690000.0,1094.2432591741342,1097.4635956756304,1074.5368257322327,1079.5484135680013
2010-02-05,6438900000.0,1080.0268311343714,1084.1264153658528,1057.1476787562874,1067.575515574715
2010-02-08,4089820000.0,1067.49958982886,1071.9516850925481,1052.2157494558041,1061.5551073330382
2010-02-09,5114260000.0,1062.6487086549803,1076.4120408269232,1062.1280320468557,1068.317747141141
2010-02-10,4251450000.0,1068.8569080521304,1075.97951615268,1058.7849283106825,1066.297451135094
2010-02-11,4400870000.0,1066.6557209252123,1076.1984132251805,1057.186639456778,1070.3861461573892
2010-02-12,4160680000.0,1069.1378932903835,1076.0741759025893,1059.445843311033,1072.9602213911837
2010-02-16,4080770000.0,1074.1447503714223,1084.6852474825228,1068.781998715612,1081.6340528341368
2010-02-17,4259230000.0,1084.1253571265836,1093.6647199766878,1081.9977682730369,1089.2584579851741
2010-02-18,3878620000.0,1090.910919819535,1100.1150514088552,1090.7771645547818,1097.1636678463128
2010-02-19,3944280000.0,1096.8200401401662,1104.8889764153885,1094.1998870791003,1102.987974394238
2010-02-22,3814440000.0,1103.9442161859547,1110.1661698230787,1102.2914926559845,1107.1498837925262
2010-02-23,4521050000.0,1107.864835722514,1111.3465282325892,1099.8074913335724,1102.2005522888649
2010-02-24,4168360000.0,1103.3904626419583,1109.5853285269066,1096.7494764703304,1102.665089154555
2010-02-25,4521130000.0,1100.589112456092,1105.831207864252,1090.0971461454453,1103.1658394137385
2010-02-26,3945190000.0,1102.1042233741027,1107.1440141677258,1094.9097228261417,1106.0383922889414
2010-03-01,3847640000.0,1105.326848907309,1111.4842761819416,1100.562449266783,1111.8235749088556
2010-03-02,4134680000.0,1111.6138711866886,1118.4773259812805,1110.2178838850482,1117.2374183373975
2010-03-03,3951320000.0,1117.7885112218187,1123.9027096257194,1114.7679459814367,1118.477798210096
2010-03-04,3945010000.0,1118.3660147907958,1123.188439794515,1113.840137506445,1119.490180462048
2010-03-05,4133000000.0,1120.6400367985693,1129.5118499592475,1118.7929015994284,1128.3467047319762
2010-03-08,3774680000.0,1128.644033720064,1136.426774447188,1129.2171519401882,1134.7397058863942
2010-03-09,5185570000.0,1134.3841471475746,1141.9154905995777,1133.0699421118682,1138.3333081635055
2010-03-10,5469120000.0,1137.808330747548,1145.3853380167857,1136.7214044161199,1142.094061032124
2010-03-11,4669060000.0,1141.3743183514648,1148.8569262109809,1139.0158955874708,1148.453274285748
2010-03-12,4928160000.0,1148.258874894547,1153.1498013932694,1144.8470700916914,1152.0099590550278
2010-03-15,4164110000.0,1151.5330723677716,1154.790141692095,1146.7201732958633,1152.6963568085605
2010-03-16,4369770000.0,1152.803039599534,1159.080922283519,1150.0887680000276,1155.8676141718083
2010-03-17,4963200000.0,1155.8295445662463,1163.9061464642664,1153.5300452851814,1159.805814036425
2010-03-18,4234510000.0,1160.0924193538624,1165.9660001703307,1157.1314122618267,1161.8395833252014
2010-03-19,5212410000.0,1162.2785216233926,1166.7897848105831,1155.759955286401,1160.8628525080328
2010-03-22,4261680000.0,1160.2705000413787,1167.080179459831,1154.5760850625256,1162.294596751365
2010-03-23,4411640000.0,1161.9740689922633,1169.9711187039698,1157.5711682910735,1166.5342087487916
2010-03-24,4705750000.0,1165.8590589890007,1170.952197643138,1160.3333456200646,1166.4119993522195
2010-03-25,5668900000.0,1166.7754149628317,1172.9553355546827,1160.4489507174196,1164.4387421059535
2010-03-26,4708420000.0,1165.2265796498134,1172.1162462505959,1159.4593482550545,1163.0970808684149
2010-03-29,4375580000.0,1164.156666073244,1171.5612825412086,1160.1230728395933,1165.7124311589487
2010-03-30,4085000000.0,1166.4488737250592,1172.50275508085,1164.1714183854117,1167.568511747242
2010-03-31,4484340000.0,1167.6500914937646,1172.438934743927,1163.1545921894847,1167.0918112426389
2010-04-01,4006870000.0,1167.7014351896535,1174.7082134390073,1165.793732060439,1169.4787241304666
2010-04-05,3881620000.0,1170.2794237859355,1179.2472717109388,1169.5829823127833,1175.8969830238561
2010-04-06,4086180000.0,1176.1940003282948,1184.718999631161,1177.404635369706,1182.636689719232
2010-04-07,5101430000.0,1182.2577913106045,1186.0555520274843,1175.6791798273562,1180.6780553384099
2010-04-08,4726970000.0,1180.6464803837557,1186.717302901562,1175.5882346573942,1182.289538878496
2010-04-09,4511570000.0,1182.5678456848157,1189.4763688982698,1178.7284061737244,1186.3729365642841
2010-04-12,4607090000.0,1187.2966147549168,1194.4130132906382,1187.8048143425085,1191.8632889045393
2010-04-13,5403580000.0,1192.037131174159,1196.2932560456998,1187.022913964752,1192.590951634468
2010-04-14,5760040000.0,1193.6837374617642,1202.13784655417,1191.9070096307928,1199.6884216889907
2010-04-15,5995330000.0,1200.3847477055829,1207.0660198833248,1197.3115728860737,1204.2172257291572
2010-04-16,8108470000.0,1204.3684472031462,1208.7105518272392,1194.6770378626438,1199.6031510758742
2010-04-19,6597740000.0,1199.2904084792237,1202.80032845174,1188.5178865452494,1197.8534188779197
2010-04-20,5316590000.0,1197.9303976696722,1204.303976915848,1192.3689938972739,1202.1915132869651
2010-04-21,5724310000.0,1202.4577390674783,1208.239535207425,1196.8681172699708,1205.321878855987
2010-04-22,6035780000.0,1204.197700862991,1209.905849478393,1195.6529213784356,1206.8599629453931
2010-04-23,5326060000.0,1205.6293215630656,1212.4169704282574,1198.238326226189,1210.5209826144962
2010-04-26,5647760000.0,1209.8144501612069,1215.7020149647326,1205.2968596607152,1212.7768133436496
2010-04-27,7454540000.0,1211.7803648949227,1215.9647279493702,1198.3281205082612,1203.5269636074604
2010-04-28,6342310000.0,1201.877786369158,1206.2676568785237,1186.1478640209918,1193.3241562037526
2010-04-29,6059410000.0,1194.481187292554,1206.9349130107846,1190.7512710338533,1202.3603386103312
2010-04-30,6048260000.0,1202.1572962604134,1209.0846259949465,1191.8271391711048,1197.3998250637776
2010-05-03,4938050000.0,1198.1936460120785,1208.269757603299,1190.6269803725036,1198.953092674904
2010-05-04,6594720000.0,1196.9572415009454,1202.5222962814303,1176.9318569537572,1185.4808441551595
2010-05-05,6795940000.0,1182.6617234449625,1187.955242432727,1167.4235567491867,1176.895891172674
2010-05-06,10617810000.0,1172.5310017102765,1174.9373533570986,1086.4678944036716,1147.107001020098
2010-05-07,9472910000.0,1146.7472952543083,1151.1550458990214,1093.4881681865543,1125.9111470316934
2010-05-10,6893700000.0,1131.35372544216,1157.5109256413211,1117.1047645002902,1146.1349293189512
2010-05-11,5842550000.0,1142.778857248991,1163.57961757494,1138.964823657381,1154.565594714717
2010-05-12,5225460000.0,1153.6419535058515,1173.56343372584,1163.4852801203065,1171.3848116056313
2010-05-13,4870640000.0,1168.2950280852324,1170.4144226673536,1143.7365159919962,1151.4839365232922
2010-05-14,6126400000.0,1153.074924853207,1162.3116846767543,1135.2830431179746,1147.5607160847844
2010-05-17,5922920000.0,1149.1886343674375,1154.8225183150964,1121.447532259562,1142.6754455337323
2010-05-18,6170840000.0,1142.0023028705414,1150.9597839368269,1116.7637434506692,1131.519526139208
2010-05-19,6765800000.0,1130.201596533631,1139.0279888897828,1114.372300790579,1123.7397761134052
2010-05-20,8328570000.0,1118.2214613744031,1121.2577311517316,1088.198550617348,1095.3611833388582
2010-05-21,5452130000.0,1090.1103850728243,1102.0101293521288,1056.452476894915,1085.2220367986372
2010-05-24,5224040000.0,1081.5033738795978,1093.9209949659185,1058.7010846882883,1078.9800780643627
2010-05-25,7329580000.0,1074.4237058862414,1086.2954096713424,1053.7565324344562,1076.918474956363
2010-05-26,4521050000.0,1073.6819619356397,1086.211728128475,1057.6795953386597,1073.700137635345
2010-05-27,5698460000.0,1073.9112506609677,1094.9122579173757,1065.8775329827454,1085.1635625410213
2010-05-28,4871210000.0,1086.8722465790047,1098.459680330747,1076.300719873334,1088.3019345297546
2010-06-01,5271480000.0,1087.7069791459921,1094.9748025837523,1074.5462273580886,1080.2063063329786
2010-06-02,5026360000.0,1080.9687868552337,1093.941307064787,1072.5953810990227,1084.5331758299496
2010-06-03,4995970000.0,1085.1630713202483,1098.8882503516847,1078.9164187765625,1091.207167232856
2010-06-04,6180580000.0,1091.0022000488657,1099.5290106312304,1071.6926296353654,1079.5101788407355
2010-06-07,5467560000.0,1080.5826811972956,1085.047994934969,1058.9949549753374,1060.8990423260036
2010-06-08,6192750000.0,1058.5811897273845,1068.7369697816987,1045.1642840197655,1057.1389030239613
2010-06-09,5983200000.0,1057.1981319170109,1070.8364979079183,1048.2527178239636,1058.977123473946
2010-06-10,5144780000.0,1059.1360458589018,1077.7470101608026,1051.2261728347057,1065.7063541905616
2010-06-11,4059280000.0,1064.9058310202768,1082.811438847656,1061.9104396288717,1078.4708406381399
2010-06-14,4425830000.0,1080.4730021378075,1095.204714969453,1080.236653126345,1085.1510078421047
2010-06-15,4644490000.0,1087.6388688839845,1104.9721393428408,1086.0846735348762,1097.3321947371492
2010-06-16,5002600000.0,1098.5443168570032,1112.722599942263,1096.2452259915003,1107.2355118489525
2010-06-17,4557760000.0,1108.466215996214,1116.8168544857535,1101.2465670897527,1112.7036143771857
2010-06-18,4555360000.0,1113.9277198628529,1121.2836087499306,1109.4925107895265,1116.1017266753795
2010-06-21,4514360000.0,1118.4810274136432,1123.958858591639,1107.958545528769,1113.2697250303356
2010-06-22,4514380000.0,1115.7153345644954,1122.2338027402957,1100.1900045882605,1105.8577407276332
2010-06-23,4526150000.0,1106.6036811145061,1113.190990108885,1093.2932747725474,1100.762098613691
2010-06-24,4814830000.0,1100.4000158928588,1099.6649406030438,1083.8940615261865,1089.216536248108
2010-06-25,5128840000.0,1089.0412199744133,1092.5701208292007,1076.7498094084106,1084.1203611381566
2010-06-28,3896410000.0,1083.3170312270067,1086.5690775256705,1072.4089708576369,1079.2919885661224
2010-06-29,6136700000.0,1077.8328104985003,1079.728134746184,1055.862018645019,1063.0643409423042
2010-06-30,5067080000.0,1059.6694787141146,1061.036048523758,1037.4769450925423,1041.5295899533473
2010-07-01,6435770000.0,1040.8521889551907,1043.0924554958062,1020.7576264614472,1031.7537297225938
2010-07-02,3968500000.0,1031.4986867342288,1034.6627297637833,1015.925134169854,1023.8055144177728
2010-07-06,4691240000.0,1026.0798714847776,1034.8642457832614,1013.8229306739946,1023.0408673775712
2010-07-07,4931220000.0,1025.0684961021734,1049.6139697490778,1020.8469998122348,1042.4483370651346
2010-07-08,4548460000.0,1044.582148629966,1065.3801281229826,1044.030336445668,1061.7570266058183
2010-07-09,3506570000.0,1063.3405195655648,1073.3200455247882,1060.8335808778515,1068.3170312720376
2010-07-12,3426990000.0,1068.4946631643768,1073.6270094711458,1062.1445795051266,1069.023629481495
2010-07-13,4640460000.0,1071.3953181257575,1086.6772728934268,1072.5454282858275,1081.7344885699677
2010-07-14,4521050000.0,1082.5336906518964,1095.2167163759857,1079.8240490093726,1090.385947495984
2010-07-15,4552470000.0,1091.4335539032634,1100.681753865422,1087.500653003996,1100.2371464908817
2010-07-16,5297350000.0,1099.3509712398052,1100.5477325194884,1077.5008670672798,1084.5007162386464
2010-07-19,4089500000.0,1084.010607113133,1087.9005384429536,1066.4592587766188,1074.346394463792
2010-07-20,4713280000.0,1071.0042313235165,1083.7413491430318,1059.7317094718699,1077.617159798209
2010-07-21,4747180000.0,1076.848705712343,1084.9476957451695,1060.1590144103145,1073.8981450748645
2010-07-22,4826900000.0,1075.7049843690752,1090.935333046583,1064.8275795715163,1079.999549700264
2010-07-23,4524570000.0,1080.45407884648,1096.3400641035187,1077.1945756545908,1089.7954430910104
2010-07-26,4009650000.0,1090.027148426505,1104.6129861989243,1089.0372871531688,1101.270931205924
2010-07-27,4725690000.0,1102.864594392743,1112.1391724487805,1100.5499729908888,1107.7156566483445
2010-07-28,4002390000.0,1108.767115995395,1115.3498529798712,1104.5007959321445,1111.1791969533635
2010-07-29,4612420000.0,1112.245622021637,1119.2625884893293,1104.2548975827403,1111.6282593898252
2010-07-30,4006450000.0,1110.721141026371,1115.4651452756536,1098.023446474173,1108.9212915025178
2010-08-02,4144180000.0,1110.3690550522251,1120.057994100392,1102.325250341526,1113.727284080829
2010-08-03,4071820000.0,1115.238241725511,1122.9853812394172,1110.8839850690397,1120.4270226499568
2010-08-04,4057850000.0,1121.5000982056777,1127.3361337951553,1120.4119708019778,1124.3076482582946
2010-08-05,3685560000.0,1123.309868967487,1127.379374310754,1115.8180874023956,1126.956907073029
2010-08-06,3857890000.0,1124.6133118601927,1127.6271314347523,1114.0232222088675,1127.4094061986088
2010-08-09,3979360000.0,1126.883273141295,1130.4277522979557,1120.5692619949682,1130.596600545969
2010-08-10,3979360000.0,1128.073620029391,1131.1382555432726,1122.0355805525571,1129.092640554428
2010-08-11,4511860000.0,1125.3492058078214,1126.771595147687,1105.8546194502337,1111.1895016260678
2010-08-12,4521050000.0,1103.5145027503672,1104.9150615638953,1087.9719283466234,1094.000830929484
2010-08-13,3328890000.0,1089.7473381315278,1092.4561107031925,1083.957330549982,1087.7951651249555
2010-08-16,3142450000.0,1084.9650901695607,1087.8301109206818,1078.031251386597,1083.8085361144124
2010-08-17,3968210000.0,1082.3476736379043,1091.8772802780268,1076.789389349353,1086.512317112042
2010-08-18,3724260000.0,1085.6962988209534,1097.1737932436074,1079.9343632780785,1090.8131469703985
2010-08-19,4290540000.0,1089.326918722589,1093.0167831348265,1075.4083769412082,1083.7760592320167
2010-08-20,3761570000.0,1082.5524426650056,1084.4809083807272,1070.997596381897,1079.864108031677
2010-08-23,3210950000.0,1080.7125193421807,1085.6857059638526,1071.2966205733305,1076.6653551231693
2010-08-24,4436330000.0,1075.1283982473951,1077.185105324498,1061.3434851832744,1066.7787192670523
2010-08-25,4360190000.0,1062.6826197964538,1067.1950763092607,1049.4253273650208,1058.2637245339708
2010-08-26,3646710000.0,1056.4187162471992,1060.77671955988,1043.8496031089853,1050.3218124430543
2010-08-27,4102460000.0,1051.849523361352,1062.0248298917281,1041.6943094701858,1055.0676858498077
2010-08-30,2917990000.0,1055.235491682091,1062.5664319019613,1043.4363785592486,1052.9391260429497
2010-08-31,4038770000.0,1051.5504961586755,1058.2769776766315,1041.5535927084536,1049.2603069718325
2010-09-01,4396880000.0,1049.0222486271368,1066.334877663162,1043.9012600873832,1061.2046254721663
2010-09-02,3704210000.0,1061.4225546986604,1080.3300557773923,1061.3895372190989,1078.5788444725367
2010-09-03,3534500000.0,1082.1106943506431,1095.4393607042957,1082.681954257857,1093.8847052613942
2010-09-07,3107380000.0,1093.794715619724,1097.9479132146982,1086.9211250344003,1090.8783972126755
2010-09-08,3224640000.0,1091.3415458230907,1102.194255742982,1090.118226112362,1096.6021338581697
2010-09-09,3387770000.0,1097.9936577521582,1108.1243033120245,1097.3431168670338,1102.741922028186
2010-09-10,3061160000.0,1103.8944550564438,1113.1959211127364,1105.3305028346012,1110.294173130817
2010-09-13,4521050000.0,1112.387492909019,1120.701414150714,1112.6483453369065,1116.7498490373155
2010-09-14,4521050000.0,1118.1217895198688,1125.025823464293,1115.839726942497,1119.7517740295984
2010-09-15,3369840000.0,1119.297122824394,1125.8010072359914,1115.064869977286,1120.7332020421243
2010-09-16,3364080000.0,1120.3474764960815,1125.4654575290904,1116.6817359404804,1123.154861149135
2010-09-17,4086140000.0,1123.9556600647493,1130.8164041390612,1121.8560640918672,1128.4302337705485
2010-09-20,3364080000.0,1129.719623621177,1140.155104735995,1127.6415122985334,1137.2736273462085
2010-09-21,4175660000.0,1137.3422886753863,1145.3878093503286,1132.1602738369734,1140.2725573499413
2010-09-22,3911070000.0,1139.1548058609335,1144.5422626933828,1131.2155254741758,1137.1672217631397
2010-09-23,3847850000.0,1135.4777927569978,1141.1757386853988,1126.9552041409336,1131.0406702006849
2010-09-24,4123950000.0,1132.6592964049466,1143.9629548437235,1128.1633993707799,1137.5660222233714
2010-09-27,3587860000.0,1139.1004892171782,1147.395361091379,1133.5805111224352,1141.6726525209976
2010-09-28,4025840000.0,1142.129439828734,1149.354366140491,1133.798250111755,1144.3190750407052
2010-09-29,3990280000.0,1143.9941398474555,1148.9961012970793,1135.9934525165663,1144.2858232155863
2010-09-30,4284160000.0,1144.4553533265732,1152.568307018946,1135.8063855932664,1143.0445648686978
2010-10-01,4298910000.0,1144.853769415035,1153.0045315546572,1138.5270701140948,1145.768062873749
2010-10-04,3604110000.0,1145.8806186064762,1151.354064109877,1136.6189898190767,1143.1524819410959
2010-10-05,4068840000.0,1144.756574649695,1156.0850392041343,1139.122366806565,1151.8668109792402
2010-10-06,4073160000.0,1152.1961110533578,1160.6279897533814,1146.9913451974874,1155.1709792195702
2010-10-07,3910550000.0,1155.749913788989,1161.3707974351066,1147.9007268400658,1154.3815227727844
2010-10-08,3871420000.0,1155.0560258110925,1161.264616700625,1148.2582073333504,1155.8875869599433
2010-10-11,2505900000.0,1156.3522524462817,1163.5220524777033,1152.7609543679027,1158.8959971850234
2010-10-12,4076170000.0,1159.7338793929855,1168.7702387509594,1156.6510627220784,1165.6959047507216
2010-10-13,4969410000.0,1165.7889763849378,1176.0113681189778,1162.8949169290622,1170.8453950761836
2010-10-14,4969410000.0,1171.7873947247017,1178.5846906286233,1166.425915336829,1173.4593586873516
2010-10-15,5724910000.0,1175.0404261333483,1179.9769324538386,1166.5570038946166,1173.9728588200871
2010-10-18,4450050000.0,1175.989211506769,1182.802359197099,1170.6833886423756,1178.9483114810148
2010-10-19,5600120000.0,1176.8376468430718,1181.8878415985255,1165.622476460811,1172.9913845674885
2010-10-20,5027880000.0,1172.4603712356447,1182.541470164818,1166.0306750223933,1174.192745510309
2010-10-21,4625470000.0,1174.345839824577,1184.9547204331013,1166.4230135960026,1175.0020054097863
2010-10-22,3177890000.0,1176.5767981471465,1184.798298577339,1172.434673066472,1178.3104627948583
2010-10-25,4221380000.0,1179.1659070068363,1188.315290398185,1175.9846602514783,1179.0502460295604
2010-10-26,4203680000.0,1179.8337531672578,1187.0621226777876,1175.861431135451,1180.1246477681984
2010-10-27,4335670000.0,1179.8609393316688,1184.6739626231038,1173.4313048819004,1182.1171237563894
2010-10-28,4283460000.0,1182.509188380888,1186.9024345470739,1175.6596510372087,1183.9321292888462
2010-10-29,3537880000.0,1184.5045372235911,1187.9884908125828,1178.7380537116867,1184.5033897240085
2010-11-01,4129180000.0,1185.5327485436128,1191.251862181766,1179.2574377748113,1185.156534987255
2010-11-02,3866200000.0,1186.8531665633989,1193.5146480218225,1182.4236846258884,1188.679997285653
2010-11-03,4665480000.0,1190.272755313123,1196.5932962129166,1184.854492642665,1193.7553681962474
2010-11-04,5695470000.0,1194.7821852919365,1208.5823888446785,1191.1387522663463,1206.5539655883197
2010-11-05,5637460000.0,1207.4773347606776,1219.8083806580046,1207.263389305207,1217.8435030992136
2010-11-08,3937230000.0,1217.0115576897979,1222.311318670994,1213.4557583878686,1219.1163143134502
2010-11-09,4848040000.0,1219.1057285263626,1224.5914306341344,1212.1998315273497,1218.7470243440407
2010-11-10,4561300000.0,1218.2527650870263,1223.0170494640593,1208.98908300282,1219.0228947373218
2010-11-11,3931120000.0,1215.9372436495416,1219.9499014950088,1207.1226117926144,1218.0350925437465
2010-11-12,4213620000.0,1214.143187298247,1216.4928451125563,1204.0259477765123,1211.2978153277484
2010-11-15,3503370000.0,1210.0603601071493,1212.8288440301048,1201.7397058811218,1204.738508510959
2010-11-16,5116380000.0,1203.8117718169324,1205.245564494316,1189.6002808364942,1195.2373639834643
2010-11-17,3904780000.0,1192.1277415898578,1193.4836506327129,1182.183035518701,1186.0722321558649
2010-11-18,4687260000.0,1187.8895960513908,1196.3433484527459,1183.6856042616,1191.6064044282466
2010-11-19,3675390000.0,1191.735811756615,1198.3210994023214,1186.465471187716,1197.088456304297
2010-11-22,3689500000.0,1196.4053858076918,1199.227690205888,1186.237125734317,1198.7748815616071
2010-11-23,4133070000.0,1194.2059540083194,1194.2515290829967,1180.3702544417265,1189.9053170549387
2010-11-24,3384250000.0,1189.4947562428401,1197.140969444774,1183.3195066079604,1195.1951773320338
2010-11-26,1613820000.0,1193.1638532571933,1197.9636120123032,1187.3147072395943,1195.7167801607914
2010-11-29,3673450000.0,1193.6558980382135,1195.9089377675025,1182.06000831685,1190.9656401723867
2010-11-30,4284700000.0,1187.9584777282862,1190.898116374674,1176.5621412988908,1184.7952588224518
2010-12-01,4548110000.0,1184.9305579252527,1194.4715341234103,1178.0092956911485,1189.6321699735884
2010-12-02,4970800000.0,1190.6829662452706,1211.1962928189103,1193.3093654862719,1208.9054314429436
2010-12-03,3735780000.0,1209.1228896692628,1220.262533844611,1206.7478697056777,1216.869710336025
2010-12-06,3527370000.0,1216.5740274391185,1221.1633992893233,1214.2816103846058,1219.4995637082209
2010-12-07,6970630000.0,1221.1882877791693,1228.4473025000734,1217.5520919599348,1221.6001704096836
2010-12-08,4607590000.0,1224.5067448687496,1232.6981683328515,1221.91591590974,1228.1629195531114
2010-12-09,4522510000.0,1230.3767737587673,1236.7848842898982,1226.4893857615202,1232.9201662383514
2010-12-10,4547310000.0,1234.632328799886,1240.4799918155177,1233.2706280425652,1238.0818898435698
2010-12-13,4361240000.0,1239.9946912568141,1244.1268532449021,1237.07633713159,1238.9070455764997
2010-12-14,4132350000.0,1241.1428688675737,1245.762077994641,1238.2355947674048,1239.9400576193116
2010-12-15,4407340000.0,1241.168679968787,1244.1398797649974,1234.9982833166514,1236.0923520319814
2010-12-16,4736820000.0,1237.1935613321066,1242.674881475422,1232.4742941868872,1238.6883969271557
2010-12-17,4632470000.0,1240.1402486582751,1245.1681414589223,1237.6429912474266,1243.0357749987459
2010-12-20,3548140000.0,1244.6492855405106,1249.3095759201392,1242.0767387600758,1246.8317895383955
2010-12-21,3479670000.0,1248.960128695986,1253.4324568718228,1246.8822632677932,1251.8819008309104
2010-12-22,1285590000.0,1252.4759893923406,1256.7620723062455,1250.8224269200743,1255.0642190424023
2010-12-23,2515020000.0,1254.2246962022646,1256.6681746006425,1251.6806824074702,1256.1209870808038
2010-12-27,1992470000.0,1254.2250026470015,1256.896418399262,1251.1873144332333,1256.0837088440098
2010-12-28,2478450000.0,1255.8640714334213,1258.2444223640514,1253.3103825671142,1258.1160180895229
2010-12-29,2214380000.0,1257.9036800290296,1260.6268743043443,1256.2982641804472,1259.9093857163234
2010-12-30,1970720000.0,1259.683169202941,1262.1257143775215,1258.4187329454444,1261.1778263813394
2010-12-31,1799770000.0,1259.8958152913742,1261.8786905018715,1257.5701784278624,1260.573486274147
2011-01-03,4286670000.0,1259.7737211303913,1269.015640966429,1259.0386578323075,1266.510478706883
2011-01-04,4796420000.0,1267.0072890835202,1273.4923148214389,1262.0604750134526,1269.2344583837676
2011-01-05,4764920000.0,1268.8640084855213,1275.0356597513892,1264.008546239509,1271.603697919655
2011-01-06,4844100000.0,1271.0610651282057,1275.8702352365133,1266.2646494922046,1272.2490397187885
2011-01-07,4963110000.0,1271.9133024981809,1275.63674522926,1263.807581590242,1271.0520743524182
2011-01-10,4036450000.0,1270.5901058312509,1273.500898503756,1262.078237237017,1270.2118839471843
2011-01-11,4050750000.0,1270.6014770845595,1273.7623654283525,1263.9182891555681,1270.9456255344076
2011-01-12,4226940000.0,1271.543674158562,1279.6937243784641,1269.3411519811775,1276.9605399287746
2011-01-13,4310840000.0,1278.2619694863195,1282.9527420782251,1273.4976779948574,1279.1704779135487
2011-01-14,4661590000.0,1279.7531613625708,1286.884166407582,1277.027930389752,1284.7607336296296
2011-01-18,5284990000.0,1284.9524615016412,1290.131366983974,1281.5803287614199,1287.9280420026319
2011-01-19,4743710000.0,1288.529559353213,1292.1223070597425,1281.4937066450293,1285.7933939079687
2011-01-20,4935320000.0,1285.3583324254225,1287.7946833613485,1275.7715721435275,1281.4707858299726
2011-01-21,4935320000.0,1282.5175539991055,1287.999098604066,1277.7843574702504,1281.3485306485961
2011-01-24,3902470000.0,1282.2128757870137,1289.1850459800937,1279.6486358601733,1284.6424616168442
2011-01-25,4595380000.0,1284.04245870173,1289.8453119665737,1280.4366313659525,1287.0677113377706
2011-01-26,4730980000.0,1286.591039890436,1292.4208515933813,1282.7312019653384,1289.752324291497
2011-01-27,4309190000.0,1290.185054658205,1295.7627577386345,1287.4564701785164,1293.4570266064798
2011-01-28,5618630000.0,1294.083398147438,1299.2760615681698,1284.61684132493,1289.0393813264982
2011-01-31,4167160000.0,1289.3408057519166,1296.0091700469477,1281.1504970867013,1287.9188844681219
2011-02-01,5164500000.0,1289.1056486483935,1300.2811918066616,1284.9655578314553,1295.2624585049734
2011-02-02,4098260000.0,1295.7461421601117,1304.0083574109437,1295.327403668426,1301.6611657319054
2011-02-03,4370990000.0,1301.0245203699224,1306.2191223530951,1294.639588993582,1301.7765511746616
2011-02-04,3925950000.0,1301.6576316764945,1307.7280065242926,1295.1856317308925,1303.7266486478784
2011-02-07,3902270000.0,1304.8882615587145,1313.167001453655,1302.0261848035311,1310.3200366019446
2011-02-08,3881530000.0,1310.9311026719568,1319.219649707621,1309.942421211801,1317.252477288602
2011-02-09,3922240000.0,1316.7131145553371,1321.6612909359371,1312.435863106462,1318.7888994330026
2011-02-10,4184610000.0,1317.6561540491136,1322.2969152788041,1312.6404358231987,1319.8768227469334
2011-02-11,4219300000.0,1318.0283902234812,1325.48714624424,1313.8267865967441,1322.9732395414508
2011-02-14,3567040000.0,1321.7616829909407,1329.0792253769807,1319.2839411246057,1327.015315853682
2011-02-15,3926860000.0,1325.5022756403846,1329.7590224302992,1321.5991987033274,1327.8875361635144
2011-02-16,1966450000.0,1327.1991644922962,1332.4584267200498,1324.4420758116723,1331.0465644695214
2011-02-17,1966450000.0,1329.9318349116095,1336.4266855275837,1327.3771575539215,1335.5498207425862
2011-02-18,1162310000.0,1334.668836017963,1340.335296740476,1332.4235163094413,1339.753942983125
2011-02-22,1322780000.0,1337.8180882414144,1340.898755439337,1327.5319841193777,1332.9371214209414
2011-02-23,1330340000.0,1331.2239644664046,1331.0582309210026,1311.6243728635873,1317.4045749199176
2011-02-24,1222900000.0,1316.5747860373356,1319.9204663272628,1303.1721486332065,1313.6512590078955
2011-02-25,3836030000.0,1314.0940767382835,1321.3893905940606,1307.9463438348105,1318.7267956641713
2011-02-28,1252850000.0,1319.3922810397892,1326.8343379358346,1315.793927914234,1324.893744135207
2011-03-01,1180420000.0,1326.3125996668102,1331.4970003535998,1311.936437558816,1313.6203100165208
2011-03-02,1025000000.0,1313.3405806709864,1319.8406971939626,1302.0681742925246,1309.2214774943625
2011-03-03,4340470000.0,1311.0449839655782,1323.7538556659276,1307.3386464472164,1318.3602764128234
2011-03-04,4223740000.0,1319.8579762809281,1329.428850611536,1312.5944289978888,1323.5130496640927
2011-03-07,3964730000.0,1325.7466506689059,1330.8686073935494,1311.5517622670388,1318.0238834485453
2011-03-08,4531420000.0,1318.810574158503,1326.8983830838588,1306.2468708446602,1315.867454779256
2011-03-09,3709520000.0,1316.011060624127,1323.8736311755347,1306.6093084228653,1316.6446300241946
2011-03-10,4723020000.0,1315.2976388261507,1320.1548253082237,1301.2341860077065,1308.5869964581154
2011-03-11,3740400000.0,1306.9489815152908,1313.6432777311363,1294.7484187023979,1302.5511350808513
2011-03-14,4050370000.0,1300.9020573742591,1306.742318113013,1289.3070598951622,1299.774291211507
2011-03-15,5201400000.0,1295.3655762407072,1297.3305192272885,1275.7738106234733,1292.2640907896284
2011-03-16,5833000000.0,1287.868132420365,1289.860157097011,1263.311211043885,1275.9934934170162
2011-03-17,4134950000.0,1276.8160022343466,1285.1340709160809,1260.5943758520955,1273.376693538527
2011-03-18,4685500000.0,1276.0736417068595,1286.3924963737306,1266.9070335082477,1276.7609678145616
2011-03-21,4223730000.0,1278.3142038123221,1294.575800592965,1277.1039140306016,1288.980786144306
2011-03-22,3576550000.0,1289.0716596680131,1296.7694366312346,1281.7063916775664,1290.0504038539877
2011-03-23,3842350000.0,1288.8981900918693,1297.1860668340757,1281.3738878013826,1290.9403583679057
2011-03-24,4223740000.0,1292.098375924006,1301.7851899599773,1287.0682970538185,1297.283671770593
2011-03-25,4223740000.0,1299.9832739491064,1311.557549285403,1301.5588719868504,1307.1870288405337
2011-03-28,3215170000.0,1309.4891431532403,1315.3998578297608,1304.5229051095716,1307.7508783245733
2011-03-29,3482580000.0,1309.1183422223046,1317.6012172853877,1306.254909111379,1313.2618443997033
2011-03-30,3809570000.0,1315.5851728240964,1325.300974641282,1313.7289907403176,1320.991933450664
2011-03-31,3566270000.0,1322.6932178526613,1330.956456932971,1322.020922557574,1326.1414764771282
2011-04-01,4223740000.0,1328.0392194623735,1334.3694653141563,1325.3595620766234,1328.0684370674394
2011-04-04,4223740000.0,1330.1632149054064,1336.1719250193503,1327.5030294309274,1330.3221739762562
2011-04-05,3852280000.0,1331.4993551959572,1337.5441977386,1328.4961379818346,1331.3743047777396
2011-04-06,4223740000.0,1333.321154770866,1338.8510898282068,1330.9668752300158,1334.6058179409633
2011-04-07,4005600000.0,1335.8371457439346,1340.4115253636,1332.7517360098152,1336.551090331735
2011-04-08,3582810000.0,1338.4560404542942,1342.4424193179098,1331.4053262160703,1336.781053567676
2011-04-11,3478970000.0,1337.0507721138183,1340.3437875211075,1327.4058116000658,1332.3884536332278
2011-04-12,4275490000.0,1330.9982053197753,1331.4112224910855,1319.2422332104204,1323.9226785574383
2011-04-13,3850860000.0,1322.2748712025077,1326.1015717908301,1313.3678645915686,1318.761918351628
2011-04-14,3872630000.0,1316.3593881763516,1320.6980375370767,1306.1662179664615,1314.838788647069
2011-04-15,4223740000.0,1313.3250127102242,1319.605211068624,1306.4615969047234,1315.233509154607
2011-04-18,4223740000.0,1311.059844709502,1314.7359801456112,1299.397556792411,1308.545927744966
2011-04-19,3886300000.0,1306.40802078596,1311.1596531177868,1298.171292865611,1307.8983683932186
2011-04-20,4236280000.0,1309.2616045631967,1319.882430557414,1307.2238573790908,1318.0834438902598
2011-04-21,3587240000.0,1322.8328597089694,1331.88169311917,1324.4265928481132,1332.1518768606043
2011-04-25,2142130000.0,1333.633869370573,1336.8411156973714,1330.7472604593643,1334.893873955172
2011-04-26,3908060000.0,1335.9092177414527,1341.4672836255265,1328.9525165144246,1335.871368558292
2011-04-27,4051570000.0,1337.0349952684262,1346.5156953688036,1333.8582425558025,1343.6519847826228
2011-04-28,4036820000.0,1344.9248241688567,1355.2867198532253,1345.1150425742317,1352.977700510187
2011-04-29,3479070000.0,1354.4764214583715,1361.8443453968544,1354.8454114001258,1360.6019063925414
2011-05-02,3846250000.0,1362.1157702318446,1367.8660412189668,1359.6597792325063,1362.9613713527272
2011-05-03,4223740000.0,1364.1935525671859,1368.1041878290284,1357.7157266571276,1362.4214474092405
2011-05-04,4223740000.0,1361.7302217989286,1362.0387058517974,1348.7461744256232,1354.6862884691375
2011-05-05,3846250000.0,1351.845493303232,1352.4745396314722,1336.2469813763482,1341.9641144094555
2011-05-06,4223740000.0,1343.1184421072594,1351.5770192319967,1333.262208060758,1338.3849754404612
2011-05-09,4265250000.0,1339.6069698904817,1349.9676753576316,1334.202042204613,1339.7623020519159
2011-05-10,4223740000.0,1341.3994225131228,1351.1226973986986,1337.31548255062,1345.5013442322413
2011-05-11,3846250000.0,1345.2118030346774,1351.0332253005415,1336.0581680622297,1343.906757788314
2011-05-12,3777210000.0,1342.5745894216645,1351.1273959979408,1335.2775097880253,1345.7546456890193
2011-05-13,3426660000.0,1345.6114209513385,1351.7190877566784,1334.9974882348745,1344.6323301380469
2011-05-16,3846250000.0,1342.278233171589,1348.928849354201,1333.025785570716,1339.6077881745302
2011-05-17,4053970000.0,1336.1285677143103,1340.7016163422632,1326.631490428209,1334.111281845892
2011-05-18,3922030000.0,1331.4086071650456,1338.7893250710642,1323.5767392795576,1335.872009212557
2011-05-19,3626110000.0,1334.4592912731953,1341.8997065492738,1330.04395642699,1341.4931143722004
2011-05-20,4066020000.0,1341.4944199738645,1343.9503046707437,1333.085917158707,1339.2450675923299
2011-05-23,3255580000.0,1337.9274638620507,1338.0390581789936,1324.8628293007034,1327.6994842326633
2011-05-24,3846250000.0,1326.2390311083836,1331.3807034791648,1318.848361701004,1323.596908289003
2011-05-25,4109670000.0,1322.7128928670727,1330.2521165407416,1318.8355312714202,1325.8050638879126
2011-05-26,3259470000.0,1326.6119103644858,1333.019366882865,1320.1969624198082,1326.9647345122219
2011-05-27,3124560000.0,1327.0558120922535,1332.8014492455288,1320.1719033141876,1326.61724952114
2011-05-31,4696240000.0,1326.296084135658,1337.336196721165,1324.0458972690708,1333.2035331589348
2011-06-01,4241090000.0,1333.5775473629049,1340.76533783675,1318.9808815840627,1324.212579295799
2011-06-02,3762170000.0,1323.2780848843333,1329.3698258131808,1311.49224566157,1318.0208682981504
2011-06-03,3505030000.0,1317.1309912254346,1317.9920659193942,1303.704084956838,1307.577476378326
2011-06-06,3555980000.0,1306.3699403831888,1307.8462294548387,1296.2370202025184,1299.9297480439295
2011-06-07,3846250000.0,1299.7264444178907,1305.540565280636,1291.5369025572163,1292.9863826815017
2011-06-08,3970810000.0,1292.1451078861064,1296.4918367963937,1285.5399201279863,1287.7052400700857
2011-06-09,3332510000.0,1286.965381030465,1292.9039702516038,1281.7922666828802,1285.7079170666245
2011-06-10,3846250000.0,1285.1935462709,1290.8590437697217,1276.6655341787566,1281.6600784039688
2011-06-13,4132520000.0,1281.475209907033,1284.9720275742811,1270.9436588752003,1275.809893410436
2011-06-14,3500280000.0,1275.1290605430208,1287.0734491622038,1271.8680172551067,1281.4915991416478
2011-06-15,4070500000.0,1281.1290634044208,1289.240312466368,1268.8681387489867,1276.9654506867928
2011-06-16,3846250000.0,1276.4609075817243,1284.9756551651628,1265.0140560620493,1273.2043091907299
2011-06-17,4916460000.0,1274.303832222175,1282.4116220698304,1264.520235617473,1270.7981275848654
2011-06-20,3464660000.0,1271.362468595998,1279.502229481608,1264.8604018493254,1272.2229128102176
2011-06-21,4056150000.0,1272.2764028878291,1286.2336143730895,1269.5081662330597,1283.5252499877192
2011-06-22,3718420000.0,1284.1142227029106,1293.3041557292265,1276.5026263888726,1283.4088806629745
2011-06-23,4983450000.0,1284.6372410376334,1289.1203254607278,1270.352072298225,1283.2363361764128
2011-06-24,3665340000.0,1283.0959764978152,1285.394421833307,1266.6505855637713,1274.2955092602988
2011-06-27,3479070000.0,1274.3496115042885,1284.4930429500716,1266.614493551561,1276.2833465686274
2011-06-28,3681500000.0,1276.5969110424346,1293.8985040433167,1274.3505606423294,1287.2382647607785
2011-06-29,4347540000.0,1288.5421946665374,1299.825045873854,1284.8617819574763,1297.5377286233165
2011-06-30,4200500000.0,1298.5859023542303,1313.5393533725564,1297.8685107958552,1310.5207557317685
2011-07-01,3796930000.0,1312.1297810858305,1329.5882748243987,1309.7301987519602,1325.9539418291547
2011-07-05,3722320000.0,1326.8752176204403,1335.3363143314698,1320.8930959543695,1331.687540773538
2011-07-06,3564190000.0,1332.6699639441483,1338.6236850586488,1327.3114427216217,1336.8272283067433
2011-07-07,4069530000.0,1338.0378356501947,1348.9996748070396,1334.6572265109776,1344.360942266434
2011-07-08,3594360000.0,1345.4268897759684,1351.9016262740022,1335.907163958309,1344.8706219717517
2011-07-11,3879130000.0,1345.4489538745506,1347.9211732618562,1324.8727530134956,1334.245820962264
2011-07-12,4227890000.0,1333.4799585427634,1338.4505750151623,1320.748165811985,1325.4190180086289
2011-07-13,4060080000.0,1325.3531173923006,1337.0069769734635,1321.8148008912108,1324.7493136621265
2011-07-14,4358570000.0,1323.6133219199428,1334.7335575344252,1316.1266319952124,1319.1381539960933
2011-07-15,4242760000.0,1317.7180537276076,1326.6684275389214,1312.2050834116367,1316.4528455126078
2011-07-18,4118160000.0,1315.6755274756572,1320.8816861799298,1303.56582928653,1309.3861778790917
2011-07-19,4304600000.0,1309.7439061783655,1321.500828066126,1301.9325133701457,1313.8480935565028
2011-07-20,3767420000.0,1315.900118268262,1325.287017668955,1311.006038948327,1319.25318751962
2011-07-21,4837430000.0,1320.2616750035543,1335.3455528893198,1319.0666426559187,1333.1805458480978
2011-07-22,3522830000.0,1333.7702754963227,1343.0366805680385,1330.513826306788,1343.0417638479719
2011-07-25,3536890000.0,1342.875467668497,1346.2060621903254,1333.0401259259716,1342.192374829547
2011-07-26,4007050000.0,1342.3771096277976,1344.2308046568405,1333.5307775892243,1338.5982123309598
2011-07-27,3479040000.0,1339.0656698736086,1339.7834271756587,1320.102727714001,1319.3157947497536
2011-07-28,4951800000.0,1319.3547112314084,1325.5337903029238,1305.24568460867,1306.3212247991473
2011-07-29,5061190000.0,1305.9767428790133,1312.1102984559147,1292.430081374094,1295.7885616692417
2011-08-01,4967390000.0,1295.57404485733,1304.325494417445,1279.51772887913,1287.0110349550648
2011-08-02,5206290000.0,1286.8967805048028,1292.6694952302012,1264.490265618586,1270.4147927575314
2011-08-03,6446940000.0,1270.420120664872,1276.4058637770038,1248.8069149664223,1262.5858913836087
2011-08-04,4266530000.0,1262.3595860204769,1264.799163582739,1221.2495695185328,1232.1182713667658
2011-08-05,5454590000.0,1230.1276937234898,1240.540195498147,1187.7448156792314,1211.1655170069978
2011-08-08,2615150000.0,1208.5194857101899,1212.0817771472402,1141.6611975131857,1151.4367021891317
2011-08-09,2366660000.0,1150.009464672744,1187.4987452621167,1112.3212809931263,1166.8667625283033
2011-08-10,5018070000.0,1167.8367657213028,1177.039947521805,1114.3838931358096,1140.6318591371423
2011-08-11,3685050000.0,1140.0085781713744,1180.9880903925002,1119.6588790407402,1158.9736208170723
2011-08-12,5640380000.0,1160.1025352810288,1188.1851583767964,1159.5890333349048,1174.9787445333586
2011-08-15,4272850000.0,1175.4637461862928,1198.664717477899,1173.041585158058,1190.0425283110158
2011-08-16,5071600000.0,1192.0820081178827,1196.576434357703,1169.4741071246192,1186.4294017074662
2011-08-17,4388340000.0,1187.02022908622,1201.276197733117,1178.1991803756187,1188.2238611358507
2011-08-18,3234810000.0,1187.4878349583248,1194.5069517081038,1145.758780448744,1157.6823169994127
2011-08-19,5167560000.0,1154.833369218515,1165.7071775771967,1121.1914049024442,1124.966186876308
2011-08-22,5436260000.0,1124.4020050491708,1147.6583222516674,1127.1447844918798,1128.7438094177662
2011-08-23,5013170000.0,1129.3691905148905,1158.0813117906548,1125.7311985264548,1146.465636075506
2011-08-24,5315310000.0,1146.4450568090012,1168.5172497501233,1144.887518597125,1168.7389719002601
2011-08-25,5748420000.0,1170.2847020110667,1186.4342205884386,1151.6127496933966,1159.4063984676188
2011-08-26,5035320000.0,1160.2582034857078,1178.5586026277185,1137.85076643635,1160.4326337685732
2011-08-29,4228070000.0,1161.3188393472942,1193.119564001462,1161.9937288317976,1186.0913639683533
2011-08-30,4572570000.0,1186.9168719343597,1210.0864398415072,1183.1269740538053,1213.3293669709406
2011-08-31,5267840000.0,1214.269442492155,1227.9711660635976,1208.0856531034483,1217.9576850302878
2011-09-01,4780410000.0,1219.4516406412213,1230.2074699879652,1202.913482909119,1210.0640576737314
2011-09-02,4401740000.0,1210.2259106773977,1218.9162976928983,1194.0442290530143,1196.757942431111
2011-09-06,5103980000.0,1196.0311820646484,1191.186659333285,1161.6879234920623,1180.557189472558
2011-09-07,4441040000.0,1180.5792064735492,1198.4476937434363,1164.1690843766553,1192.8977806757862
2011-09-08,4465170000.0,1191.9427191891255,1204.6059850586212,1179.5536835506482,1190.254699511371
2011-09-09,4586370000.0,1189.6161575701153,1193.835814869947,1160.1750188308856,1172.1283977623318
2011-09-12,5168550000.0,1167.5853409827905,1168.5248356723414,1137.882544247934,1158.4137572236984
2011-09-13,4681370000.0,1157.5687542515748,1171.587718681822,1148.764123159315,1166.7922011180533
2011-09-14,4986740000.0,1166.0734608952823,1189.4751928776225,1158.1663082978953,1183.52446700101
2011-09-15,4479730000.0,1184.998499909363,1206.9358503433511,1180.991930423817,1196.195593501605
2011-09-16,5248890000.0,1197.354195860824,1210.3785958011474,1189.880341007706,1204.8567394371728
2011-09-19,4254190000.0,1204.630460196124,1211.8506924016638,1190.9185221636615,1207.8295196882423
2011-09-20,4315610000.0,1207.7145377013035,1219.2059133083521,1197.6105959782728,1207.3997906556197
2011-09-21,4728550000.0,1208.0426089870973,1217.5725022009658,1187.6215096143887,1185.831895159629
2011-09-22,6703140000.0,1183.2020018730962,1184.567307652851,1136.862146829364,1148.3953296758216
2011-09-23,5639930000.0,1145.1833022544683,1155.7839111913745,1126.5607848861112,1143.669546665183
2011-09-26,4762830000.0,1142.0432486021846,1161.9017364389238,1128.0536980844847,1149.426637535675
2011-09-27,5548130000.0,1149.6734241767615,1171.0540627734358,1140.1574391259037,1160.6556253112792
2011-09-28,4787920000.0,1163.591551130738,1183.0899112278644,1148.3768968954214,1149.388767511324
2011-09-29,5285740000.0,1149.9811626970404,1168.521966175565,1129.6897631570741,1143.430348487109
2011-09-30,4416790000.0,1143.279831061413,1157.9644092244046,1128.6893422136236,1142.0909571175114
2011-10-03,5670340000.0,1141.7623500573186,1146.5039444362508,1110.099046106174,1115.1698528706386
2011-10-04,3714670000.0,1112.7069415300994,1134.2979100176142,1087.0427805742988,1120.2294994241809
2011-10-05,2510620000.0,1119.0137012673374,1143.1235583373161,1103.3279048451873,1130.8844547505212
2011-10-06,5098330000.0,1132.269144125345,1152.0055836471238,1120.3072119415895,1151.7871396799399
2011-10-07,5580380000.0,1153.1245033485825,1168.6238449228276,1147.1953193709514,1151.8652961519292
2011-10-10,4446800000.0,1154.75721422133,1179.8642051440704,1145.6380211707658,1166.5709308687767
2011-10-11,4424500000.0,1168.1847026013645,1187.081806583839,1162.6961627489877,1185.1900949538758
2011-10-12,5355360000.0,1186.778803154574,1206.1434424916722,1184.7707606678755,1198.6679652049586
2011-10-13,4436270000.0,1200.3184913774862,1211.4356163880755,1193.6266120159128,1204.4796793212588
2011-10-14,4116690000.0,1207.7572899269833,1220.266115803582,1201.7396611339645,1216.1509178873773
2011-10-17,4300700000.0,1217.1373550292803,1226.1997410085528,1204.0636344066424,1215.797321133354
2011-10-18,4840170000.0,1215.9098214072721,1234.0425861854224,1200.4878227221557,1220.2592658926899
2011-10-19,4846390000.0,1218.8672547775443,1232.1848083551845,1200.2628939140354,1213.6628504696268
2011-10-20,4870290000.0,1212.8694252013363,1221.8658652894,1196.8621154213827,1212.5941776500915
2011-10-21,4980770000.0,1212.286387180816,1228.566183644298,1203.5079643643094,1222.9710251684244
2011-10-24,4309380000.0,1222.9029608937992,1240.6210833282012,1220.2893798814446,1241.6232208101694
2011-10-25,4473970000.0,1242.0580884897959,1253.1306898690584,1230.6744169864483,1239.891771831819
2011-10-26,4873530000.0,1239.3336703384896,1250.260157091665,1224.3303317698628,1238.0741479040462
2011-10-27,6367610000.0,1238.9060696682004,1272.5015835290446,1231.3989159779437,1259.764951215485
2011-10-28,4536690000.0,1261.5287145987309,1283.8595677163712,1259.343983859977,1280.035518377337
2011-10-31,4310210000.0,1281.0259888583744,1287.4548320327622,1260.095543818908,1267.6613196065978
2011-11-01,5645540000.0,1265.4106357210871,1268.9527038228805,1236.8418333235998,1235.3989989689517
2011-11-02,4110530000.0,1235.2473519494476,1250.5799939840535,1221.7629928889746,1234.7409750111126
2011-11-03,4849140000.0,1236.1384952141102,1261.0193947522807,1233.5847981280644,1260.473944590682
2011-11-04,3830650000.0,1260.357772389514,1265.7902050044904,1242.3372599076608,1256.5852213939863
2011-11-07,3429740000.0,1256.506144365908,1261.517227348031,1238.6322432510337,1254.9505190825566
2011-11-08,3908490000.0,1254.8268853183627,1266.8823930155831,1242.6655736108253,1260.4468562868412
2011-11-09,4659740000.0,1260.8478307003666,1271.2492298318562,1236.9356324557637,1250.8549549803988
2011-11-10,4002760000.0,1250.7627188574127,1260.626393780017,1233.0613068018556,1243.3961437468363
2011-11-11,3370180000.0,1242.7183030649558,1262.0934421671059,1237.0061190198176,1257.135928601699
2011-11-14,3219680000.0,1257.3560540941169,1267.0075362847194,1245.0419054238887,1257.0512458180135
2011-11-15,3599300000.0,1257.4248731789696,1265.5186851472508,1240.331682105259,1252.0730245905781
2011-11-16,4085010000.0,1251.9563617516735,1259.0357186706358,1235.5214760775511,1238.9299628760107
2011-11-17,4596450000.0,1237.440770960067,1244.5407381573789,1218.5332772430713,1225.7812966753283
2011-11-18,3827610000.0,1224.9304595963788,1230.778266929355,1212.1760697334264,1218.0862496632046
2011-11-21,4050070000.0,1217.3493676137227,1220.491737103908,1195.5549323148973,1204.6594393330977
2011-11-22,3911710000.0,1204.333643516504,1206.7409500731785,1185.718866756726,1195.073362706746
2011-11-23,3798940000.0,1193.8268395431003,1194.3790543739576,1170.4311775414421,1177.428535607761
2011-11-25,1664200000.0,1176.7497587956057,1181.888956206867,1163.2048645744378,1167.3500070820833
2011-11-28,3920750000.0,1166.1817629667798,1184.4102799577554,1158.4974613669335,1173.643214746152
2011-11-29,3992650000.0,1173.840478344042,1194.348326126693,1171.1776716596835,1185.2888339032893
2011-11-30,5801910000.0,1186.4553596601513,1224.689811798903,1184.09673710271,1217.7509857015127
2011-12-01,3818680000.0,1218.673586560777,1240.6390757891916,1212.4191410932658,1231.8566708007365
2011-12-02,4144310000.0,1234.0017257552597,1251.7938510096135,1231.7139463578533,1239.2848685653146
2011-12-05,4148060000.0,1240.8119394033781,1261.1677369347906,1239.4162985030878,1246.6977704249518
2011-12-06,3734230000.0,1248.1241153998894,1266.3267133319332,1246.2131550593456,1256.5970403498584
2011-12-07,4160540000.0,1257.2506092550886,1271.1834505023821,1250.109428286377,1263.9840853685498
2011-12-08,4298370000.0,1265.0174127810992,1268.9179414569826,1243.366353885856,1251.6660362438945
2011-12-09,3830610000.0,1251.8369308960805,1261.7418031953014,1236.9131560540968,1247.6379792436862
2011-12-12,3600570000.0,1247.4166893004233,1254.3082136860462,1227.0994745021817,1238.736808018162
2011-12-13,4121570000.0,1238.8862866608372,1248.5001667618901,1218.2192972959522,1228.4709067209526
2011-12-14,4298290000.0,1228.655960909079,1238.683824891112,1215.0540409059215,1225.1007517409917
2011-12-15,3810340000.0,1225.229687510049,1232.8961961655841,1217.141323247461,1222.5625434138792
2011-12-16,5345800000.0,1222.0243591924414,1233.1449833509907,1217.3503540641548,1221.5798075063847
2011-12-19,3659820000.0,1221.3623235864393,1226.5611359618274,1207.9539920244783,1210.6909917075225
2011-12-20,4055590000.0,1210.4326198316828,1231.6776680226308,1202.3034380371707,1221.512523336406
2011-12-21,2959020000.0,1221.8236923867648,1238.2908472153824,1214.4252812826594,1235.1319382322183
2011-12-22,3492250000.0,1235.193366498022,1247.9898568193412,1232.7831509317075,1248.3551256453875
2011-12-23,2233830000.0,1248.5377131690718,1259.6311735170025,1247.8622292938878,1259.6980732264228
2011-12-27,2130590000.0,1259.6457769526264,1267.6743134635449,1257.793142028198,1265.3698405133116
2011-12-28,2349980000.0,1265.2872923008551,1268.4699006096746,1255.5755978399977,1262.3150402165825
2011-12-29,2278130000.0,1262.0526670672693,1268.6131779129596,1256.9335422899437,1264.3697035097389
2011-12-30,2271850000.0,1264.3698375002293,1269.5718610671647,1258.1946506569602,1263.0894840539927
2012-01-03,3943710000.0,1263.5448695096502,1273.0040109355905,1257.345338244312,1264.0065362232272
2012-01-04,3592580000.0,1264.4023618670813,1275.3709206125704,1258.918264127614,1267.387004382778
2012-01-05,4315950000.0,1268.428780413384,1278.1164279946277,1260.289493517186,1272.309529498183
2012-01-06,3656830000.0,1272.9533276960788,1279.3445271022877,1264.2668199432412,1276.0096563175932
2012-01-09,3371600000.0,1276.445084017163,1282.6926359204695,1271.3398981927955,1279.442456969665
2012-01-10,4221960000.0,1280.004482054037,1289.8241762659818,1275.219989909303,1283.8037704243113
2012-01-11,3968120000.0,1284.0828140121919,1291.0128401010425,1278.0197359715862,1286.0210903819225
2012-01-12,4019890000.0,1286.3898700473069,1291.4638287315117,1279.0412666703435,1287.558799634729
2012-01-13,3692370000.0,1287.4156593820571,1290.5821975418685,1275.9592014602858,1284.1089103728143
2012-01-17,4010490000.0,1285.06973020521,1293.418208722196,1277.7112605631057,1284.684150312815
2012-01-18,4096160000.0,1285.2617727130473,1298.0994836894517,1280.5705069912424,1291.5440230507659
2012-01-19,4465890000.0,1291.8974393169349,1304.0560162138993,1290.7083542547348,1300.8331678027246
2012-01-20,3912620000.0,1301.2262041853153,1307.4780798795123,1297.9117128005869,1305.65529229486
2012-01-23,3770910000.0,1305.7070465114734,1312.5763546112987,1301.9867908623576,1309.5595086206474
2012-01-24,3693560000.0,1309.5078387075412,1314.4248389163552,1304.4711173058572,1312.5147113924745
2012-01-25,4410910000.0,1312.4454999629565,1320.1790668505691,1306.2210526263573,1317.8745729633497
2012-01-26,4522070000.0,1317.8731276437584,1325.5320731919724,1309.4728912236426,1319.0690574307077
2012-01-27,4007380000.0,1319.0360384572843,1324.6247428249287,1310.7771600598762,1318.1096654976006
2012-01-30,3659010000.0,1318.0270296575811,1321.3711967013014,1307.3600827937737,1316.335974485738
2012-01-31,4235550000.0,1316.542269693871,1322.2688549117443,1306.7756380131623,1315.6400477491757
2012-02-01,4504360000.0,1315.927587214217,1327.0286872014137,1309.739055859203,1319.3887130190612
2012-02-02,4120920000.0,1319.6121815325328,1329.1198594426976,1315.035354079171,1322.4296141002405
2012-02-03,4608550000.0,1322.8232513057812,1335.1883216813712,1319.4667446009616,1331.1800944074346
2012-02-06,3379700000.0,1331.4152027954644,1339.5383639122908,1325.9999952518035,1337.059927811638
2012-02-07,3742460000.0,1337.0459138362112,1343.4104363369154,1329.5944985785648,1339.8337952814195
2012-02-08,4096730000.0,1339.8620526944114,1346.6775647834518,1334.001221411982,1343.6421512326187
2012-02-09,4209890000.0,1343.771403830943,1349.6527392796618,1337.6016063431252,1346.170408052823
2012-02-10,3877580000.0,1346.048089665179,1350.1575186039868,1337.1717019029365,1344.9802645372322
2012-02-13,3618040000.0,1344.899354702892,1350.6237314197035,1338.4069636006857,1346.3116745008012
2012-02-14,3889520000.0,1346.153863915857,1350.2576575523756,1339.0017305736446,1347.5101511830553
2012-02-15,4080340000.0,1347.425747787384,1352.0811551551567,1339.717029654738,1346.3613937299588
2012-02-16,4108880000.0,1346.0891276530126,1354.7499412117693,1340.3890724355701,1350.0600370259478
2012-02-17,3717640000.0,1349.873764452935,1358.1772774984936,1346.49672521803,1354.9086682391958
2012-02-21,3795200000.0,1354.8063323525773,1362.1339071391035,1351.9698894592727,1358.912513005661
2012-02-22,3633710000.0,1358.8127546265791,1363.2307190247168,1354.3420411403472,1359.2001571938467
2012-02-23,3786450000.0,1359.059064697685,1364.0735504902232,1354.1270190472794,1361.159523337105
2012-02-24,3505360000.0,1361.0515499946935,1366.3558098946323,1358.1524299379544,1364.0267674556665
2012-02-27,3648890000.0,1363.7815871551852,1369.1014569614483,1358.6835967611232,1366.0927171331516
2012-02-28,3579120000.0,1365.8999861901352,1370.8548314790362,1361.3254115730742,1368.222154123891
2012-02-29,4482370000.0,1368.0929922238342,1373.2763754338996,1362.3217251603783,1367.6549991184354
2012-03-01,3919240000.0,1367.6459045038914,1374.6969050978144,1363.9577721683247,1369.9691069836315
2012-03-02,3283490000.0,1369.9525584343874,1375.1529934962105,1365.2633050592008,1370.5496838028148
2012-03-05,3429480000.0,1370.5076884531322,1373.6713865330348,1363.8074170167117,1368.981202651194
2012-03-06,4191060000.0,1368.7366024952273,1370.37574097081,1355.4261506044497,1359.4350423948354
2012-03-07,3580380000.0,1359.083272175035,1364.2939486091516,1349.3739710974348,1356.7888488012047
2012-03-08,3543060000.0,1356.6639291788283,1366.6918317358675,1352.7578752272575,1361.15655467374
2012-03-09,3639470000.0,1361.1398619062304,1369.8940647461263,1358.7122576964412,1366.2535833476543
2012-03-12,3081870000.0,1366.4000692020845,1372.6123390739756,1363.009337012093,1367.5507729071403
2012-03-13,4386470000.0,1368.4671976488542,1382.2797411802749,1365.4829663597513,1378.1503435349377
2012-03-14,4502280000.0,1378.6232945366717,1390.255980398455,1374.5391283728209,1385.346458554953
2012-03-15,4271650000.0,1385.4971077754547,1395.0478764375898,1382.6868896955687,1390.665002927036
2012-03-16,5163950000.0,1391.2197485268,1399.356500548017,1389.3014826520562,1396.0028036537713
2012-03-19,3932570000.0,1396.5016697217782,1406.0083420577178,1396.0804568580725,1402.2309850508796
2012-03-20,3695280000.0,1402.4521126361274,1409.0514092194203,1397.6266768396933,1405.0533673013165
2012-03-21,3573590000.0,1405.480005796875,1409.2940326761252,1400.4670858190593,1404.3238295239712
2012-03-22,3740590000.0,1404.6527673259886,1404.790729625438,1394.15996948364,1397.000004030392
2012-03-23,3472950000.0,1397.0324222194718,1400.5685056001098,1388.4751782783499,1395.8479869044793
2012-03-26,3576950000.0,1395.711405587898,1406.3595760259432,1391.605221176516,1403.3340187504266
2012-03-27,3513640000.0,1403.2898675024535,1411.8993853645545,1398.7549672401642,1408.9742266627907
2012-03-28,3892800000.0,1408.860125200904,1414.995065006093,1401.5699433954094,1409.6115571252874
2012-03-29,3832000000.0,1409.5281223745553,1412.2834747670936,1398.469151762068,1408.036984353865
2012-03-30,3676890000.0,1407.9436154224825,1411.6243858945543,1400.392515186609,1410.1704902481495
2012-04-02,3572010000.0,1409.7964774720356,1417.9599399369963,1403.5931130609379,1415.842748745765
2012-04-03,3822090000.0,1415.2849641474452,1420.5351399813912,1406.2381753623572,1416.3668698984857
2012-04-04,3938290000.0,1416.2084230088647,1416.802404012678,1400.2643645874082,1408.580703463125
2012-04-05,3303740000.0,1408.022742196566,1409.3830301226249,1396.1736674585106,1403.6047135999938
2012-04-09,3468980000.0,1402.8923722861769,1403.0556427101524,1388.6724222350595,1394.293942068159
2012-04-10,4631730000.0,1393.557228573587,1393.5367807832465,1373.0894819741236,1377.135132632165
2012-04-11,3743040000.0,1376.6320493425483,1383.9660920255048,1364.5166951691665,1371.5837556854349
2012-04-12,3618280000.0,1371.838986388228,1385.2237613345305,1367.368997852154,1378.801161123467
2012-04-13,3631160000.0,1378.1564899145746,1386.01701724569,1367.9204380537346,1376.568057090031
2012-04-16,3574780000.0,1376.6114292399375,1384.2293596002314,1368.1366245445224,1373.2471853108104
2012-04-17,3456200000.0,1372.9224983812428,1386.696041323645,1367.7266725276008,1377.8483060035703
2012-04-18,3463140000.0,1377.8518018721893,1387.6001975567776,1371.856908559614,1380.8825803165935
2012-04-19,4180020000.0,1381.0084450800425,1387.3795536354385,1370.4450715969065,1377.8201144617487
2012-04-20,3833320000.0,1377.8698620858472,1385.4673092277283,1369.8932266322465,1374.5601729048328
2012-04-23,3654860000.0,1374.499551831208,1380.8596261544947,1364.9834357003558,1370.3549227050091
2012-04-24,3617100000.0,1370.6321344934595,1378.639775661629,1365.089557710345,1371.2210234120232
2012-04-25,3998430000.0,1371.3814093709407,1384.4803475528058,1369.8059649096003,1380.2013970216371
2012-04-26,4034700000.0,1380.5074035687912,1394.219494695058,1378.5435038828007,1390.8994480659471
2012-04-27,3645830000.0,1391.2687695689483,1402.0868781915528,1389.8115750857085,1397.8275328945076
2012-04-30,3574010000.0,1398.2186063633435,1402.241629362321,1391.2685254930198,1397.4795819486058
2012-05-01,3807950000.0,1397.7103566538387,1407.539948717649,1393.40199315814,1400.8690175124739
2012-05-02,3803860000.0,1400.93962319387,1408.4679504683136,1393.7802002570186,1402.7782702927268
2012-05-03,4004910000.0,1402.7737618199394,1406.8261765370696,1392.5747247982422,1398.0636602825641
2012-05-04,3975140000.0,1398.1247161362653,1397.2062416064603,1380.0674803522877,1383.044980094948
2012-05-07,3559390000.0,1382.792208554392,1385.7194207822306,1371.75897014744,1377.0154609972851
2012-05-08,4261670000.0,1376.6301250318002,1379.9405863383865,1365.0640341872534,1376.6911533975747
2012-05-09,4288540000.0,1376.1895634563057,1373.5361898265296,1354.8114974022299,1368.668355269589
2012-05-10,3727990000.0,1368.113968277486,1369.241265849733,1354.4605749848754,1361.8971260675742
2012-05-11,3869070000.0,1361.744461812926,1366.135524134541,1349.8815538554838,1355.2547248828678
2012-05-14,3688120000.0,1354.489802537758,1356.5533386598631,1340.7995548558852,1345.3411595953755
2012-05-15,4114040000.0,1344.924682633805,1346.9769690356495,1330.5838039748594,1335.1222981279047
2012-05-16,4280420000.0,1334.505104276172,1342.79748984582,1326.694721850059,1327.7147811824102
2012-05-17,4664280000.0,1327.6870115653608,1334.729728930533,1316.694715577923,1316.7922990931982
2012-05-18,4512470000.0,1316.7284619356633,1322.7625094751015,1303.8050113261572,1305.470027123003
2012-05-21,3786750000.0,1305.9742952101299,1317.6148464699413,1298.1868672259495,1308.9645367403832
2012-05-22,4123680000.0,1308.911324059029,1323.1374825032979,1305.0381354969736,1316.2307573927617
2012-05-23,4108330000.0,1315.9960617940053,1325.6088893670685,1304.1342126619907,1319.0980077680636
2012-05-24,3937670000.0,1318.6924954556964,1323.155266469078,1303.7838356734082,1315.012410790941
2012-05-25,2872660000.0,1314.9349445267405,1320.627064180935,1304.2480913242166,1312.8358895544704
2012-05-29,3441640000.0,1313.0785300392233,1323.8681581203282,1308.2409774092214,1319.4762536303733
2012-05-30,3534290000.0,1319.5622019489308,1327.8842864703895,1309.5055230800454,1318.4290007734069
2012-05-31,4557620000.0,1318.4303720081632,1325.0350695654615,1305.3637817893382,1316.1800921002653
2012-06-01,4669350000.0,1315.6785608313285,1317.4913068381763,1290.6110935485656,1296.1252376533212
2012-06-04,4011960000.0,1296.2441376505785,1298.5987783787637,1277.076322248068,1284.4032224263058
2012-06-05,3403230000.0,1284.2852536197056,1290.8207059440094,1274.366820229582,1284.1999193321053
2012-06-06,4268360000.0,1283.7532087744414,1300.5121724495184,1277.2931203724102,1294.7217639224325
2012-06-07,4258140000.0,1295.6921123932275,1318.1341543727046,1296.6289382820564,1307.1715800674224
2012-06-08,3497190000.0,1308.1202866185283,1324.269510623479,1302.7909251311717,1313.0279120867056
2012-06-11,3537530000.0,1313.3134579522036,1320.2033821596765,1299.899323340485,1307.5714755728004
2012-06-12,3442920000.0,1307.9587600364532,1323.3045608875168,1302.4412923603948,1316.2866552558257
2012-06-13,3506510000.0,1316.5209117665447,1327.8851912082055,1309.0477454499805,1319.5676348439567
2012-06-14,3687720000.0,1320.2228665447096,1333.5958681319098,1314.2316831894013,1322.00671999989
2012-06-15,4401570000.0,1322.051665174758,1335.712814052023,1317.015861898527,1328.306228552826
2012-06-18,3259430000.0,1328.1596366440508,1339.7888439287726,1322.8796581414488,1334.233600436666
2012-06-19,3815350000.0,1334.1823445249606,1348.7419799703725,1332.233064169789,1343.654715219529
2012-06-20,3695700000.0,1343.773315478949,1354.489867621209,1338.86833813106,1350.2255365407345
2012-06-21,4094470000.0,1350.1520880272146,1359.0897181971611,1336.326323251983,1343.7290204501096
2012-06-22,5271490000.0,1343.7280665569315,1352.1911865655668,1332.9667333835173,1340.6444000948686
2012-06-25,3501820000.0,1340.6834166049673,1342.1977202260177,1322.6515204495195,1330.1988421069457
2012-06-26,3412940000.0,1329.8887977116106,1335.3559660394017,1319.5137923492616,1328.9890943427854
2012-06-27,3286910000.0,1329.0988376022028,1336.2902008406918,1319.7689822669236,1329.307501733443
2012-06-28,3969370000.0,1329.149363048502,1333.6170319301607,1317.2271050625097,1329.1398714598865
2012-06-29,4590480000.0,1329.5587418507257,1349.2292819689,1320.8864323330533,1345.2280438451658
2012-07-02,3301650000.0,1345.6705741796532,1359.4295700270818,1338.8154423400963,1357.7891056887433
2012-07-03,2116390000.0,1358.0816465437795,1368.6302328027718,1355.6330353864919,1368.7435000769265
2012-07-05,3041520000.0,1369.1117995845882,1373.8003892439308,1362.4436062647746,1368.9073917708542
2012-07-06,2745140000.0,1368.7650195570704,1374.3549414306879,1358.513287461294,1365.0150871714427
2012-07-09,2904860000.0,1365.1499726227864,1365.6402713135017,1352.7230288778912,1357.034305105631
2012-07-10,3470600000.0,1357.1492830344405,1359.795503825401,1341.391239236837,1347.8446352047974
2012-07-11,3426290000.0,1347.676429562588,1352.0848645805556,1336.3833772682372,1344.2760350777062
2012-07-12,3654440000.0,1343.9867925424865,1343.5928717882487,1327.2518824387,1337.2928036576577
2012-07-13,3212930000.0,1336.7052063373467,1345.530495574618,1327.2736576740062,1340.4534289956737
2012-07-16,2862720000.0,1340.474744382895,1348.807843338029,1333.177184942817,1346.078455395436
2012-07-17,3566680000.0,1345.95862040544,1355.9051015681707,1338.6957878173178,1353.7252903063645
2012-07-18,3642630000.0,1353.60290762593,1364.2723947684574,1346.8982083112635,1359.3784669812683
2012-07-19,4043360000.0,1359.703553800692,1369.9153089335234,1354.9253341418237,1364.273209315931
2012-07-20,3925020000.0,1364.6988352414032,1372.6914135969691,1359.8286860286105,1364.226207711976
2012-07-23,3717180000.0,1364.4558274681956,1368.598075126727,1350.461369278162,1358.4534037126539
2012-07-24,3891290000.0,1358.430663054678,1357.9099979101168,1336.264175487602,1345.5096723391073
2012-07-25,3719170000.0,1345.1654775629227,1347.8178321270996,1332.2427873383454,1341.62492495931
2012-07-26,4429300000.0,1341.4884330724876,1354.7007298363435,1334.5797892280714,1347.9943268219645
2012-07-27,4399010000.0,1347.540960642347,1370.7205294547807,1342.6346533483681,1364.2351803935044
2012-07-30,3212060000.0,1364.689067473502,1387.5645333787804,1368.4681387759783,1376.0131714105337
2012-07-31,3821570000.0,1376.7040968525666,1379.6448760162898,1370.224709737334,1371.9725537891618
2012-08-01,4440920000.0,1371.9577241884788,1381.0037765288412,1367.8801325399254,1374.291758201677
2012-08-02,4193740000.0,1374.3504552899985,1381.0756118055872,1364.7449247893849,1372.631847391744
2012-08-03,3751170000.0,1372.7236017080768,1391.0379616173798,1364.2354939774602,1382.290614517513
2012-08-06,3122050000.0,1383.021706054784,1393.542124344977,1378.5686738277802,1384.5533611014484
2012-08-07,3682490000.0,1384.6967951045115,1398.7907756135305,1387.1563451862928,1389.8412237249056
2012-08-08,3221790000.0,1390.7200257846687,1396.7980127526143,1386.7291130728925,1390.9983787989063
2012-08-09,3119610000.0,1391.0287942813359,1399.4690358287507,1384.809994007694,1397.2891281049813
2012-08-10,2767980000.0,1396.764910007644,1405.1610000199887,1393.7209541533632,1402.1803449683405
2012-08-13,2499990000.0,1402.1855386002117,1407.5190247380053,1397.6499128873013,1405.0425748282485
2012-08-14,2930900000.0,1405.1215931251409,1409.6834923962558,1400.5544502478274,1405.8479880262419
2012-08-15,2655750000.0,1405.8612268800841,1410.5717275082234,1401.927009414499,1406.9412436685423
2012-08-16,3114100000.0,1406.939198232475,1413.927912687182,1404.3314814219482,1411.1270864948206
2012-08-17,2922990000.0,1411.33040731691,1417.1559457131111,1409.4658814888528,1415.4420153890428
2012-08-20,2766320000.0,1415.4787902886758,1418.7005135825173,1412.2745809265393,1418.0001046000268
2012-08-21,3282950000.0,1418.0190198805087,1422.456806914732,1412.3843972315465,1417.8229573263384
2012-08-22,3062690000.0,1417.5747258921651,1421.1851939796613,1410.974604033965,1416.2035972160445
2012-08-23,3008240000.0,1416.0492509163823,1418.6232501338734,1406.3803562143746,1412.066317538027
2012-08-24,2598790000.0,1411.832308974719,1416.885803806391,1403.9193336479132,1411.7397983365702
2012-08-27,2472500000.0,1411.5138141178813,1417.8497383814133,1405.96553724432,1412.645392152213
2012-08-28,2629090000.0,1412.4729503447393,1417.2157228143174,1407.4932966059596,1411.9537978926626
2012-08-29,2571220000.0,1411.7860153296756,1415.7488568804258,1406.6462484936671,1411.5266098494808
2012-08-30,2530280000.0,1411.3826314296318,1413.7118672131564,1403.758402711614,1407.306257975555
2012-08-31,2938250000.0,1407.3235465064538,1413.5915868941381,1401.399339884605,1407.1684169574648
2012-09-04,3200310000.0,1407.2324507217372,1412.2621760154068,1400.5091503157937,1406.4719502786404
2012-09-05,3389110000.0,1406.4932053227278,1410.6759470565191,1400.2011077956324,1404.9152510532538
2012-09-06,3952870000.0,1404.9917538233976,1417.3113023884562,1400.221152515386,1412.841903910653
2012-09-07,3717620000.0,1413.386978582081,1428.404789922068,1413.0205915332413,1425.5696975358783
2012-09-10,3223670000.0,1425.6479296078476,1433.4362744255186,1421.3504619008472,1425.2868646642187
2012-09-11,3509630000.0,1425.5736950764683,1433.9139375332775,1424.2271054792598,1427.6643679526157
2012-09-12,3641200000.0,1427.6430126924581,1436.6056373320691,1426.9149566388762,1431.951641511452
2012-09-13,4606550000.0,1432.4441786007912,1449.8760528990924,1433.128188724563,1446.6758521178888
2012-09-14,5041990000.0,1446.673389547116,1466.4218140819705,1446.7088382877764,1458.3102387590504
2012-09-17,3482430000.0,1458.5927760584534,1467.520544964621,1455.7276808096121,1460.8405927497854
2012-09-18,3377390000.0,1460.869665269482,1464.3648888157418,1456.585440046986,1460.2065182160227
2012-09-19,3451360000.0,1460.5313270778508,1463.9506554287232,1457.6748293227542,1460.7025319397467
2012-09-20,3382520000.0,1460.8789510592567,1464.0158350463512,1453.9457378644386,1461.0493669925265
2012-09-21,4833870000.0,1461.3913277170645,1465.1516287389861,1456.657917534136,1460.0994036494765
2012-09-24,3008920000.0,1459.9640904972614,1464.241121710501,1454.9184101170708,1459.9912759586684
2012-09-25,3739900000.0,1459.9513626405521,1465.6342302058522,1451.8631613383675,1455.823865118934
2012-09-26,3565380000.0,1455.823129086439,1456.7748380679225,1444.006982516474,1445.6369058117693
2012-09-27,3150330000.0,1444.9849789170312,1452.475322939582,1438.421299940611,1446.4298307879635
2012-09-28,3509230000.0,1446.0961189001946,1448.9486673371212,1437.0617621676035,1443.1299046129072
2012-10-01,3505080000.0,1442.8882963471337,1451.0144677727444,1436.5784609555967,1441.5394527660571
2012-10-02,3321790000.0,1441.7958176650263,1449.9025030997827,1435.3454986642828,1440.0701039520175
2012-10-03,3531640000.0,1440.2520206671772,1449.8733222142046,1436.534735210535,1444.608087960319
2012-10-04,3615860000.0,1444.8071686297071,1456.212861429674,1443.8300512503129,1454.4631519097297
2012-10-05,3172940000.0,1454.6580075477857,1465.9915319770628,1453.0849730812624,1459.4537386413062
2012-10-08,2328720000.0,1459.47449175082,1465.3918959928956,1454.645781788895,1459.3441319325184
2012-10-09,3216320000.0,1459.4449274282651,1462.1897629481584,1450.7275460137105,1452.813261813786
2012-10-10,3225060000.0,1452.785990876786,1452.081047434336,1440.6356910268905,1441.9349548841117
2012-10-11,3672540000.0,1441.743384667527,1447.2170266953394,1435.9524590043347,1437.023577473745
2012-10-12,3134750000.0,1437.138606547688,1441.9746109156004,1430.4503925845515,1431.0738583845175
2012-10-15,3483810000.0,1431.0336898204557,1438.5178554670204,1425.789655728525,1430.9816416140973
2012-10-16,3568770000.0,1430.9491963664427,1442.9388911531046,1427.9899432499965,1439.653001445513
2012-10-17,3655320000.0,1439.6163321655345,1454.717529347573,1441.3330990362758,1452.8572826608038
2012-10-18,3880030000.0,1452.943193948988,1458.5969055317883,1447.4392240987754,1452.2899970536246
2012-10-19,3875170000.0,1452.5053772742838,1455.8618729737498,1437.24069029962,1442.9720552082401
2012-10-22,3216220000.0,1442.9528179816243,1446.0299252037703,1428.4950796772582,1436.998131017744
2012-10-23,3587670000.0,1436.7651000202645,1436.1498357843043,1415.4856106549753,1424.0687998044802
2012-10-24,3385970000.0,1424.0960101214698,1427.3441420267106,1412.9547294993986,1416.4083204659985
2012-10-25,3512640000.0,1416.862409243744,1424.6919174524633,1408.6871287789224,1414.66967878092
2012-10-26,3284910000.0,1414.9317990380166,1420.5561038283877,1405.0388967454574,1411.562362560245
2012-10-31,3577110000.0,1411.4650932638006,1417.7613968485268,1403.5963640544956,1412.7088490731667
2012-11-01,3929890000.0,1412.539236851251,1423.823612997877,1408.494869414456,1419.8553916760136
2012-11-02,3732480000.0,1419.9870049145761,1431.8697388297599,1412.3241648837165,1419.2840309208887
2012-11-05,2921040000.0,1419.2205951697556,1426.9824787418336,1410.7675035471298,1419.036619535065
2012-11-06,3306970000.0,1419.0712908757976,1429.4547164924547,1412.5443503629213,1421.582211060499
2012-11-07,4356490000.0,1421.5583018969944,1429.4262819211804,1404.7914427687251,1413.6224350428945
2012-11-08,3779520000.0,1413.5577177956973,1419.9755620068522,1390.4033879643368,1395.1102532592508
2012-11-09,3647350000.0,1395.1235841358528,1402.883401061761,1381.5797334165463,1386.2212229350991
2012-11-12,2567540000.0,1385.9175798183524,1392.6499521140108,1381.1480649579016,1386.7407247931835
2012-11-13,3455550000.0,1386.7992034051952,1393.162012289081,1376.5562126501375,1380.9269912083666
2012-11-14,4109510000.0,1380.8334364783043,1386.3836998675713,1365.6874930989222,1369.7680608800488
2012-11-15,3928870000.0,1369.8828509683929,1373.0249700041704,1356.5751526992271,1360.4133920494492
2012-11-16,4045910000.0,1359.9205286018853,1365.5871404360198,1349.9536839365946,1361.1510892289027
2012-11-19,3374800000.0,1361.126244525267,1375.7318757468922,1355.5067884511675,1377.408805937415
2012-11-20,3207160000.0,1377.573107991855,1390.287216396535,1369.9202685280704,1382.8013904277996
2012-11-21,2667090000.0,1382.7851733922537,1389.1379736134527,1376.533569036264,1383.8554489893197
2012-11-23,1504960000.0,1383.8598195444395,1395.384736808643,1381.8446757690206,1391.8788063354414
2012-11-26,2948960000.0,1391.957621069356,1402.160219972378,1387.8285245802188,1400.449310490262
2012-11-27,3323120000.0,1400.6845793000778,1406.8843586224068,1394.0179461630921,1400.8805047576948
2012-11-28,3359250000.0,1400.857329704554,1408.641560205759,1392.0627521446181,1406.066196180263
2012-11-29,3356850000.0,1406.0453829600651,1415.920077762764,1401.7654265637113,1412.7978946716948
2012-11-30,3966000000.0,1412.7458705807219,1420.7717684643103,1408.4855756160428,1416.4484383256752
2012-12-03,3074280000.0,1416.5091375354773,1422.6158344558733,1409.2925424992386,1412.8100375392723
2012-12-04,3247710000.0,1412.8652654914715,1417.0722014078713,1404.642056225327,1407.5368422159324
2012-12-05,4253920000.0,1407.5606306233733,1414.6077338859336,1399.4187575818075,1408.60728480214
2012-12-06,3229700000.0,1408.6769163637314,1413.589869329489,1404.3242640535527,1413.2811866723605
2012-12-07,3125160000.0,1413.3480100674922,1418.3702396620527,1410.2598016670927,1417.2180362549793
2012-12-10,2999430000.0,1417.2812063629196,1421.9246005346708,1413.6234865342446,1418.7339729233522
2012-12-11,3650230000.0,1418.6319010289378,1428.1983235105538,1416.0003340901405,1422.3516704727972
2012-12-12,3709050000.0,1422.2738019830117,1434.3805930610424,1421.3671869130267,1426.3967978388168
2012-12-13,3349960000.0,1426.3915464929835,1434.0091363207478,1419.845536424572,1424.4841059635683
2012-12-14,3210170000.0,1424.2558869285656,1428.4501674971111,1417.0365508289406,1418.9991516985908
2012-12-17,3455610000.0,1418.990192675735,1427.920388747685,1413.977645608401,1422.18551256759
2012-12-18,4302240000.0,1421.9304237522665,1437.7054781048112,1421.0433692250058,1436.9725158540084
2012-12-19,3869800000.0,1437.0117791527866,1446.6681137918852,1431.8179693102875,1438.6220852643785
2012-12-20,3686580000.0,1439.018526279917,1444.9449479785724,1432.9770552352368,1440.1333462576586
2012-12-21,5229160000.0,1440.0621367451922,1442.7525957100152,1426.913306766904,1437.3853342668028
2012-12-24,1248960000.0,1437.5034776438906,1439.645191976742,1428.2113646908126,1433.6768292663273
2012-12-26,2285030000.0,1433.6669890808696,1435.4615996031414,1423.9790302514348,1427.9968410427587
2012-12-27,2830180000.0,1427.8507917459842,1430.6533614287237,1414.8617380670275,1423.097504253567
2012-12-28,2426680000.0,1423.162663587792,1424.6507988106662,1406.7599849379776,1414.341928243289
2012-12-31,3204330000.0,1414.2017215007795,1424.4551631532595,1403.9377057775303,1416.5537731038112
2013-01-02,4202600000.0,1416.5084886822242,1442.094362016835,1410.442947053212,1437.2442800917163
2013-01-03,3829730000.0,1437.2333719228648,1459.1430226195712,1438.0129230825632,1454.2343547103599
2013-01-04,3424290000.0,1454.765657406519,1461.6515935951406,1454.094346551978,1456.3012356648642
2013-01-07,3304970000.0,1456.2899402893472,1462.1748505069793,1451.4414634417958,1458.532537255708
2013-01-08,3601600000.0,1458.5859923120934,1464.7761020368082,1453.078180394506,1460.2941993182985
2013-01-09,3674390000.0,1460.2838382857485,1468.1673271704087,1457.0259014931228,1464.9567438552742
2013-01-10,4081840000.0,1464.96845404962,1471.9677746183934,1466.183616304066,1467.7383310649782
2013-01-11,3340650000.0,1467.8199665860986,1472.8785337538638,1467.2673736230754,1471.4697417465582
2013-01-14,3003010000.0,1471.4818767768243,1471.1721858810047,1466.7389525313133,1470.2952963427251
2013-01-15,3135350000.0,1470.1495755104363,1469.929163649545,1462.2284606595667,1468.2171019967495
2013-01-16,3384080000.0,1468.111364249778,1472.6723285639632,1463.8281108893425,1471.3025716361565
2013-01-17,3706710000.0,1471.3118848833547,1478.0852812730307,1468.309671455827,1475.7111574317016
2013-01-18,3795740000.0,1475.7325447468415,1481.4424788197198,1472.0544870561537,1481.3382070075677
2013-01-22,3570950000.0,1481.3171078955795,1486.2108143146745,1476.930848270042,1486.5286726807064
2013-01-23,3552010000.0,1486.4858781112403,1491.1461086019744,1483.7677398502276,1490.9540867653643
2013-01-24,3699430000.0,1490.957793025814,1497.1750479022955,1488.5780429018387,1494.3464037050942
2013-01-25,3476290000.0,1494.3526832877385,1501.1273993308835,1492.7719609831004,1498.702514916401
2013-01-28,3388540000.0,1498.7884030813757,1502.8465689961306,1494.7472892065819,1500.8581644045921
2013-01-29,3949640000.0,1500.8462426713454,1506.0927767735234,1496.7183401754055,1505.0014304906197
2013-01-30,3726810000.0,1505.0237303542156,1509.4464640410238,1499.2421788735649,1505.5285932561185
2013-01-31,3999880000.0,1505.5789333088887,1509.9639229671463,1499.6587604433198,1504.171818383005
2013-02-01,3836320000.0,1504.1278355058796,1512.9928691046205,1500.9224289982594,1509.2533373197566
2013-02-04,3390000000.0,1509.1996195319514,1515.1259523647525,1500.0332608324272,1506.4906528592803
2013-02-05,3618360000.0,1506.4561966725323,1516.892301200936,1499.5971231527249,1509.0108760641228
2013-02-06,3611570000.0,1509.1055192618812,1515.8082373806844,1502.151233343177,1511.3408518723916
2013-02-07,3614580000.0,1511.2793088691549,1515.090111897536,1502.5045831477094,1511.7157891450845
2013-02-08,2986150000.0,1511.6500371601326,1516.9188028086287,1505.3632197993643,1513.6612225834729
2013-02-11,2684100000.0,1513.6624995029952,1518.405848581302,1508.523555186591,1515.0971000708344
2013-02-12,3414370000.0,1515.0999722707766,1519.961835299287,1511.5060308202915,1516.9497372415653
2013-02-13,3385880000.0,1516.9518148352947,1521.6446594710055,1512.543300899011,1517.9697347769575
2013-02-14,3759740000.0,1517.971302900048,1522.2872733271258,1512.7568952536296,1518.6664080259432
2013-02-15,3838510000.0,1518.6654818751765,1522.8478391540568,1512.4489121602553,1518.6805792442842
2013-02-19,3748910000.0,1518.6796565741572,1525.2667163975743,1515.7223552745015,1522.1444612463742
2013-02-20,4240570000.0,1522.145042976461,1527.1096909991816,1513.704017476637,1518.4789281200322
2013-02-21,4274600000.0,1518.5316414949568,1521.394503600567,1504.1814995547797,1510.4466787402519
2013-02-22,3419320000.0,1510.405550613301,1516.7458129217873,1501.6479246363915,1512.0461538116633
2013-02-25,4011050000.0,1512.073054968103,1520.3407452062072,1495.7338196434848,1504.209174008481
2013-02-26,3975280000.0,1504.1704969207326,1513.7845907558644,1492.0750370821067,1500.8724066071798
2013-02-27,3551850000.0,1500.9027815657596,1514.3564472778808,1491.9117951886813,1505.30508160848
2013-02-28,3912320000.0,1505.270824564827,1517.3596297880642,1502.9662615015986,1512.1359248340016
2013-03-01,3695610000.0,1512.115094658517,1520.1088197764273,1504.698481810418,1514.6335090290565
2013-03-04,3414430000.0,1514.6387414388457,1520.7125957089277,1505.4636194699706,1516.564596566183
2013-03-05,3610690000.0,1516.7060436483323,1529.1625683512864,1514.0264020744905,1525.0859440340084
2013-03-06,3676890000.0,1525.0999701044568,1538.0178162212655,1526.0376158351569,1533.5051007441512
2013-03-07,3634710000.0,1533.6934753954304,1541.9987683928523,1535.5276707904209,1536.9003504501297
2013-03-08,3652260000.0,1536.9069029491188,1545.51227997896,1537.2308258761007,1543.6643929355357
2013-03-11,3091080000.0,1543.7044509063303,1551.3776898544415,1544.0930661312048,1550.6986971904537
2013-03-12,3274910000.0,1550.66258221358,1555.4912597446814,1548.357832309226,1553.4490221107637
2013-03-13,3073830000.0,1553.4234956144353,1556.4863028311177,1549.8328022545425,1553.5546255825668
2013-03-14,3459260000.0,1553.6759827920573,1559.0910938635925,1550.8673848917963,1557.3130951786857
2013-03-15,5175850000.0,1557.3038094115786,1561.050580386735,1552.6406788878965,1558.7145715458798
2013-03-18,3164560000.0,1558.7607494640417,1560.5473421844697,1548.9602150291944,1557.7193176955386
2013-03-19,3796210000.0,1557.7100783943556,1560.813723256561,1546.419468661641,1555.4345106718483
2013-03-20,3349090000.0,1555.3872816021747,1563.0429718538078,1550.3478518891504,1559.2206381005876
2013-03-21,3243270000.0,1559.2196035075442,1562.84018371731,1547.775488737791,1555.551619119649
2013-03-22,2948380000.0,1555.4531977339411,1561.0520596177482,1546.4333006314805,1554.8815214619278
2013-03-25,3178170000.0,1555.051393273998,1561.5095457361053,1543.7820871622553,1552.7614297868167
2013-03-26,2869260000.0,1552.7093795298097,1562.3792404152011,1546.590499551783,1556.675552101321
2013-03-27,2914210000.0,1556.6654394926713,1562.1146352159922,1549.0938166302901,1559.8020212860824
2013-03-28,3304440000.0,1559.775407848011,1564.9409104838453,1554.5439766707207,1563.7174521702086
2013-04-01,2753110000.0,1563.7341158674217,1567.7595225920459,1556.9621690074202,1564.1569060177167
2013-04-02,3312160000.0,1564.1169538524464,1571.6877474958123,1559.9672317888565,1568.202196661321
2013-04-03,4060610000.0,1568.2823982962157,1572.7229328548037,1557.2793052533455,1564.0553640475887
2013-04-04,3350670000.0,1564.0521842943474,1569.6071970141031,1556.1038447468193,1562.1661949441657
2013-04-05,3515410000.0,1562.0986834187547,1564.9475539316345,1548.3411875879988,1558.3546376258278
2013-04-08,2887120000.0,1558.337680729032,1564.353079942651,1547.293203745754,1558.318161988671
2013-04-09,3252780000.0,1558.334498737731,1566.0722729118922,1549.355605568326,1560.512352819875
2013-04-10,3453350000.0,1560.4585653364388,1576.065064847072,1558.3527827440969,1572.1532600462665
2013-04-11,3393950000.0,1571.9336494320444,1590.8694222093611,1575.4681466304667,1583.0821200353892
2013-04-12,3206290000.0,1583.10035790752,1589.8984416398862,1576.3843827502244,1584.442700500551
2013-04-15,4660130000.0,1584.4032965061754,1590.234414555559,1565.6929238969872,1568.8753023762797
2013-04-16,3654700000.0,1568.8621865727002,1582.110565887027,1554.3797785223421,1566.6832309085278
2013-04-17,4250310000.0,1566.799566523718,1575.5416384076507,1546.063771195489,1561.3352878867622
2013-04-18,3890800000.0,1561.3514392785273,1564.3748705038063,1543.107403921916,1552.648856688606
2013-04-19,3569870000.0,1552.6637770011093,1558.5439081753527,1539.0781116594371,1551.7040809036812
2013-04-22,2979880000.0,1551.6101786840472,1560.5236316908697,1539.9948780412162,1553.978637512093
2013-04-23,3565150000.0,1553.9137468991416,1570.5388897540565,1553.2679591887868,1568.3625432735264
2013-04-24,3598240000.0,1568.3101202810465,1579.6130234641569,1565.825387489037,1574.0380676094692
2013-04-25,3908580000.0,1574.1361347592565,1585.8606935625517,1571.618994686753,1578.2858262170548
2013-04-26,3198620000.0,1578.2429535369624,1587.2939188183925,1574.6093498480234,1581.0479612530191
2013-04-29,2891200000.0,1581.1500163172022,1592.0401254646424,1577.5440224684346,1585.688924987351
2013-04-30,3745070000.0,1585.753807146328,1595.0847062665339,1582.9586687947565,1588.8552474136663
2013-05-01,3530320000.0,1588.9034366907745,1595.3184335397625,1582.3187231575737,1585.7839061174463
2013-05-02,3366950000.0,1585.8469553266434,1595.613030143175,1582.7049935543334,1589.9098865842343
2013-05-03,3603910000.0,1589.9583638803879,1606.2107006575982,1588.1538289488767,1600.6402760752396
2013-05-06,3062240000.0,1600.7077137689978,1613.5564983258407,1599.6302365184852,1608.9121480149831
2013-05-07,3309580000.0,1608.9174946091423,1619.9246507302798,1608.6811670154498,1616.360870508941
2013-05-08,3554700000.0,1616.3643916924789,1626.1044376693862,1615.6233733578365,1622.988422023948
2013-05-09,3457400000.0,1622.9906241403155,1631.535934152068,1617.8940844133779,1624.650156523641
2013-05-10,3086470000.0,1624.6676513926445,1632.6460717143686,1621.8224493620135,1629.2351454415145
2013-05-13,2910600000.0,1628.72460774544,1633.786038809763,1625.3674040526766,1632.3379389211489
2013-05-14,3457790000.0,1631.9299564058074,1640.7772369043983,1630.045395476875,1639.9399058114725
2013-05-15,3657440000.0,1639.317934838107,1651.4682747439056,1637.4033215122497,1648.5705117188138
2013-05-16,3513130000.0,1648.0301093615606,1656.167788415311,1644.4937457121061,1650.9697443470197
2013-05-17,3440710000.0,1651.1421090953138,1660.835597135149,1648.4634847312664,1657.7289905540906
2013-05-20,3275080000.0,1657.364660797617,1666.7953363470585,1655.4709581808022,1663.1593088131337
2013-05-21,3513560000.0,1662.7447471182256,1672.6540295369236,1660.4955420518993,1667.6818898444467
2013-05-22,4361020000.0,1667.4961187054248,1679.0950060674795,1657.4622367799261,1665.4246188198329
2013-05-23,3945510000.0,1663.871842886,1671.7302882127765,1645.175486587841,1658.6145530474762
2013-05-24,2758080000.0,1655.0651886996345,1658.9608119003303,1640.8712210888452,1655.7214219500736
2013-05-28,3457400000.0,1655.934951900094,1669.3261655389479,1648.8333791149748,1659.5273457504188
2013-05-29,3587140000.0,1658.251897807038,1665.5085282734556,1645.7011384655877,1655.7792164310158
2013-05-30,3498620000.0,1654.9927681064205,1663.1252686819043,1645.7678753906532,1653.76332456535
2013-05-31,4099600000.0,1652.1132469680012,1658.9578148228147,1635.7373017950263,1642.906141890086
2013-06-03,3952070000.0,1642.5829819406958,1650.3206980148211,1629.3671777404413,1640.9949949167296
2013-06-04,3653840000.0,1640.9087909491868,1646.9714611555646,1625.948387304607,1637.1024101788294
2013-06-05,3632350000.0,1636.3287359837868,1638.063659558484,1618.5435976273918,1625.5057080362872
2013-06-06,3547380000.0,1624.9137777881092,1630.4617574727692,1607.420299348568,1622.7298552256493
2013-06-07,3371990000.0,1623.7898719773414,1635.5076502525271,1614.4124055403054,1630.7049016983442
2013-06-10,2978730000.0,1632.4194966861482,1643.8763451611671,1627.6770686473158,1638.0313950665459
2013-06-11,3435710000.0,1636.424495735877,1641.02457346072,1624.8039240414962,1627.959515399883
2013-06-12,3202550000.0,1628.2625321458565,1633.2982506925114,1611.1641402753905,1617.982534421288
2013-06-13,3378620000.0,1619.2033931673222,1634.6625059876587,1608.123292161574,1623.5807678226308
2013-06-14,2939400000.0,1624.1969712913874,1638.1865670037878,1620.6374876968757,1630.8238552668206
2013-06-17,3137080000.0,1631.609495256282,1643.6323990413812,1629.9029591704323,1633.363283279184
2013-06-18,3120980000.0,1634.9609173121464,1649.03807543469,1634.9654359387046,1641.474673994978
2013-06-19,3545060000.0,1642.3196494659137,1652.9077715021594,1629.8623926381047,1637.9562546522834
2013-06-20,4858850000.0,1636.1505586234155,1639.4147440197326,1601.8413511406964,1609.0000117534776
2013-06-21,5797280000.0,1607.9048750181892,1613.5994880146447,1583.0484272705166,1593.9212641704269
2013-06-24,4733660000.0,1592.1904759274598,1594.1656435618327,1568.6240987404062,1586.8795072038788
2013-06-25,3761170000.0,1589.8580610426995,1597.9181558033586,1580.841073419916,1590.6653377597454
2013-06-26,3558340000.0,1592.2470717158335,1600.7127646919378,1582.9791744032534,1592.840454568252
2013-06-27,3364540000.0,1596.693910921363,1615.1796116759824,1603.694153105375,1609.6398555811502
2013-06-28,4977190000.0,1609.2548385387272,1616.587838252799,1601.360318859346,1606.6218777877907
2013-07-01,3104690000.0,1607.8588992216587,1619.931577001553,1605.8939711689438,1613.1003043859648
2013-07-02,3317130000.0,1614.2742321253666,1626.8602830784725,1609.3349866994995,1616.1494655404285
2013-07-03,1966050000.0,1615.805381002091,1625.8269588896594,1612.7804389112127,1620.7893915817092
2013-07-05,2634140000.0,1621.2090395546388,1631.1969591032635,1615.8396000342898,1623.0443194339946
2013-07-08,3514590000.0,1623.5608087301566,1635.1737985905852,1620.1999234505195,1629.2716809245512
2013-07-09,3155360000.0,1632.3724720669788,1646.7695614100892,1636.6713506129224,1642.1161913051697
2013-07-10,3011010000.0,1643.1114491434757,1652.2959948167775,1640.2772881483731,1647.1332278840573
2013-07-11,3446340000.0,1649.4774658691988,1663.4104277086724,1647.9517492559698,1660.9673648542057
2013-07-12,3039070000.0,1662.9520527500365,1675.1085604157283,1662.4109495435691,1673.1490399170118
2013-07-15,2623200000.0,1673.7673099575898,1682.6164833693956,1674.7886413195,1679.3055863793202
2013-07-16,3081710000.0,1680.016825322469,1684.2243301557085,1673.3561254716344,1677.5627402787818
2013-07-17,3153440000.0,1678.3740566712584,1683.0533617963356,1674.3286509024408,1677.4895796434446
2013-07-18,3452370000.0,1678.413184699169,1689.1724593000213,1678.6394698144259,1685.5716712496494
2013-07-19,3302580000.0,1685.0075480424036,1693.094819201864,1684.5280787134252,1691.5025781526235
2013-07-22,2779130000.0,1691.6315125149722,1697.3791960731864,1689.2882365922671,1695.7770893313555
2013-07-23,3096180000.0,1696.5681515163753,1700.4100191220764,1692.0069597380705,1696.7166416710174
2013-07-24,3336120000.0,1698.3497921723158,1699.933768680307,1689.4643842348237,1692.2641720414952
2013-07-25,3322500000.0,1692.8452419435312,1696.1023377078059,1684.345925075558,1690.9848973040569
2013-07-26,2762770000.0,1689.7130490149275,1693.599330828754,1680.5357681880305,1691.160423565145
2013-07-29,2840520000.0,1689.620198360692,1691.9473096658285,1680.27534255745,1688.8925690029264
2013-07-30,3320530000.0,1689.2788670255948,1691.978869699603,1680.865318303089,1686.2000955017602
2013-07-31,3847390000.0,1687.596713277227,1693.9249799092254,1681.8071449262914,1684.794435318394
2013-08-01,3775170000.0,1686.8560220779182,1700.7642734714466,1683.8052515443394,1694.453797089502
2013-08-02,3136630000.0,1695.2882657928265,1705.3706019573017,1692.2414490391022,1704.920959926816
2013-08-05,2529300000.0,1703.7574261754662,1706.9255572008203,1699.5646499182517,1705.282341938593
2013-08-06,3141210000.0,1704.0049970570035,1707.1184102903273,1696.3391048976257,1700.6204918461756
2013-08-07,3010230000.0,1699.8509469883686,1701.1798084927582,1689.3049794224578,1694.3564517931454
2013-08-08,3271660000.0,1694.8017500924393,1698.6228517918441,1685.4015229224067,1694.1118527874523
2013-08-09,2957670000.0,1693.8305037352854,1698.4679687473379,1687.049108047719,1693.1484535873049
2013-08-12,2789160000.0,1691.649754527545,1694.6798755993118,1685.220793342485,1690.637094126537
2013-08-13,3035560000.0,1690.0572695178162,1694.5414641212028,1683.1520473325904,1691.002407095284
2013-08-14,2871430000.0,1690.770465975935,1694.319066812873,1683.0288169352598,1688.3395799623297
2013-08-15,3426690000.0,1686.1254207816771,1687.947125686373,1671.2860624345976,1673.3898555653832
2013-08-16,3211450000.0,1670.8427218638371,1671.607374871947,1657.289422150125,1660.7650570515934
2013-08-19,2904530000.0,1659.2325542762671,1662.329482943783,1649.3397759568643,1652.8523909269459
2013-08-20,2994090000.0,1653.1684625546966,1661.5318581740307,1648.9393151960348,1652.7819494090936
2013-08-21,2932180000.0,1651.638802360316,1657.9704895559264,1643.1058953123147,1647.2677738476443
2013-08-22,2537460000.0,1647.0751227338917,1656.2726923304044,1640.7731093003924,1648.8956038876574
2013-08-23,2582670000.0,1650.867850694485,1658.6642421762972,1646.3927674213744,1655.2992633316587
2013-08-26,2430670000.0,1656.6324954351153,1662.39410900553,1650.8477201632986,1655.1478093010498
2013-08-27,3219190000.0,1653.7982434945307,1657.7404824146136,1642.14987626525,1646.2421842776992
2013-08-28,2784010000.0,1645.3233980368686,1650.760162984846,1633.874935597531,1639.0804297039138
2013-08-29,2527550000.0,1637.1416821808148,1645.8055744883131,1631.0463986322527,1638.394085634553
2013-08-30,2734300000.0,1639.245477949718,1645.3364032927652,1633.3612639697376,1636.810435655359
2013-09-03,3731610000.0,1637.5733129189334,1645.9878788649808,1631.0354724805566,1635.8514116513109
2013-09-04,3312150000.0,1636.362101148752,1648.940268281912,1631.2538695428082,1640.4472469061734
2013-09-05,2957110000.0,1641.427377596014,1653.271102107141,1641.6973059329912,1648.411114309127
2013-09-06,3123880000.0,1650.1429831948913,1657.635070036828,1641.5298832019919,1650.1556547353998
2013-09-09,3102780000.0,1651.787663178803,1663.4880821152249,1646.40353220577,1657.7671498485784
2013-09-10,3691800000.0,1660.216225047199,1672.6078456209195,1660.1512512431468,1669.5053095657972
2013-09-11,3135460000.0,1669.799816744184,1681.8206660430465,1671.8435592637852,1680.9189463159896
2013-09-12,3106290000.0,1679.878680641968,1686.021527113033,1676.9509492336347,1681.4723720696347
2013-09-13,2736500000.0,1682.392732349803,1688.2833987432425,1679.3014392015925,1684.0841208598838
2013-09-16,3079800000.0,1686.092481784504,1694.7357254252404,1685.419077557971,1689.7672896420002
2013-09-17,2774240000.0,1691.4391724716554,1700.9545894523424,1692.1234521098122,1697.4757181118862
2013-09-18,3989760000.0,1698.0194361018994,1713.8428079237449,1696.7250791363278,1708.6682199875977
2013-09-19,3740130000.0,1709.8883336379572,1722.4266451977962,1705.9909116424972,1715.9336585888816
2013-09-20,5074030000.0,1717.288510704845,1724.5434239145413,1710.5668227394863,1717.4304107639027
2013-09-23,3126950000.0,1718.7891202389135,1721.2475301414672,1709.0297430930143,1710.6700936973975
2013-09-24,3268930000.0,1711.5406162448776,1714.0807153802305,1700.4960062107268,1705.3502044390923
2013-09-25,3148730000.0,1705.7357985498634,1710.0168611157362,1698.1032598450909,1702.3824508672983
2013-09-26,2813930000.0,1703.2653615808658,1710.2763638531364,1698.9762213390472,1702.2504116886096
2013-09-27,2951700000.0,1701.2618510519842,1703.3305983378225,1693.3180090461058,1696.969396846696
2013-09-30,3308630000.0,1694.34861497477,1694.6019256332615,1683.274550048527,1688.4440283959948
2013-10-01,3238690000.0,1686.9670657459103,1692.150948771033,1679.5237804947803,1687.2071505709243
2013-10-02,3148600000.0,1685.4624927172981,1690.3496162191577,1677.3041912709618,1687.9210301857215
2013-10-03,3279650000.0,1686.3980212954266,1688.9476440680946,1671.9176567530374,1682.3849521913605
2013-10-04,2880270000.0,1680.9321187853195,1687.9560963499928,1671.0674711323657,1684.0440640788775
2013-10-07,2678490000.0,1682.1761030121208,1687.608792761539,1671.8311150899644,1680.9199054540902
2013-10-08,3569230000.0,1679.9894926379563,1683.4360425415023,1665.0515610261768,1670.9144454366094
2013-10-09,3577840000.0,1671.1528582744143,1672.250148466666,1654.7236206779319,1662.3402267981737
2013-10-10,3362300000.0,1665.332127665525,1678.7387729517616,1656.7582031766033,1670.6666398204775
2013-10-11,2944670000.0,1670.8597911410948,1692.060719167137,1670.219972148124,1690.4210925601726
2013-10-14,2580580000.0,1688.6406308697146,1704.514196579134,1686.0184077405152,1702.6318110114835
2013-10-15,3327740000.0,1700.7458709275204,1705.664669357048,1689.487785125865,1693.359106868668
2013-10-16,3486180000.0,1696.001015581538,1712.9870802985358,1691.137517854085,1707.1829120521636
2013-10-17,3453590000.0,1707.9102918753301,1725.1492453722703,1704.428031026407,1724.943468484997
2013-10-18,3664890000.0,1725.0574104297166,1739.316170334859,1726.3072993545456,1738.9859355759247
2013-10-21,3052710000.0,1739.689392336931,1746.1579361750755,1737.310830247314,1744.0901964284633
2013-10-22,3850840000.0,1745.5694858083536,1755.2351232850026,1743.757706923347,1751.5569210423034
2013-10-23,3713380000.0,1751.5927329247909,1757.8526066749262,1746.2798788025548,1753.3714408931992
2013-10-24,3671700000.0,1753.450461762318,1757.6442606846526,1747.840922702571,1754.2518115047012
2013-10-25,3175720000.0,1756.6093508957638,1758.6988371906498,1752.1991544587556,1757.2417491692474
2013-10-28,3282300000.0,1758.5539892515087,1762.099132863722,1755.250324450407,1759.1721385598544
2013-10-29,3358460000.0,1759.8534997137517,1766.005963973045,1757.7883949083198,1763.4827347228613
2013-10-30,3523040000.0,1763.7634258798003,1769.21378044506,1757.1080453216796,1765.6683274810384
2013-10-31,3826530000.0,1766.729210912493,1772.556249752784,1760.5192028152585,1764.487848349822
2013-11-01,3686290000.0,1765.3414566598503,1769.5885141898764,1757.0427462079192,1762.817166597865
2013-11-04,3194870000.0,1763.5798023618222,1768.0529275167714,1757.7251773479982,1763.3948936600216
2013-11-05,3516680000.0,1763.1082795023324,1766.7030225886901,1755.370824916544,1762.8695991826858
2013-11-06,3322100000.0,1763.2312056160113,1768.9460624216306,1757.6990297584243,1764.4241833497256
2013-11-07,4143200000.0,1764.9677030296502,1771.1375138651804,1751.7751234835566,1756.4652836704965
2013-11-08,3837170000.0,1757.350358971195,1770.391927161048,1748.1447112776393,1760.6631718516653
2013-11-11,2534060000.0,1760.7820470733707,1771.0662083986128,1755.232025268933,1766.7205354133098
2013-11-12,3221030000.0,1765.5525804350698,1771.419997491385,1761.2579340615926,1768.3874531859465
2013-11-13,3327480000.0,1766.284996783042,1776.6773650242772,1760.3546684608323,1774.2939650613375
2013-11-14,3139060000.0,1773.2980930566741,1785.6452609238077,1768.8198010502397,1784.1724358945344
2013-11-15,3254820000.0,1784.434401784182,1795.0297885216762,1784.3051087029542,1792.2073658752788
2013-11-18,3168520000.0,1792.7111748243217,1797.5753726023963,1786.8444350502211,1791.0290792063488
2013-11-19,3224450000.0,1790.3414812272738,1794.8904134183458,1783.6936536613898,1787.5227533951527
2013-11-20,3109140000.0,1787.4907232144665,1795.5100990918002,1779.1070210182102,1783.069149817621
2013-11-21,3256630000.0,1785.2115837920044,1796.919971032501,1782.2121377640685,1790.5314537167915
2013-11-22,3055140000.0,1792.5995074086518,1803.395339849189,1791.0960983343211,1798.4802156035112
2013-11-25,2998540000.0,1800.5747043520064,1805.996652983218,1795.9139152734253,1800.774900258533
2013-11-26,3427120000.0,1802.3460730429954,1807.369412702652,1798.8126218435964,1800.8137889530633
2013-11-27,2613590000.0,1802.1918432849009,1807.464307130731,1799.9515880719714,1801.8889651668362
2013-11-29,1598300000.0,1803.4750766403495,1809.8174273228906,1801.5774795230852,1803.7861165912677
2013-12-02,3095430000.0,1805.1241168967358,1809.4910438354027,1800.2017655946904,1801.0191802483564
2013-12-03,3475680000.0,1801.5102092569816,1804.3636333237735,1792.4854814361101,1796.6452402524542
2013-12-04,3610540000.0,1795.3959154302183,1799.2646855953503,1781.989388269782,1792.9217834756523
2013-12-05,3336880000.0,1792.453229832169,1795.6313422260373,1781.9718718665001,1789.6442329849042
2013-12-06,3150030000.0,1790.6782856879672,1799.3991883638373,1784.6427645084373,1795.088554361191
2013-12-09,3129500000.0,1796.5211613977287,1806.0605308533686,1796.1228630310718,1803.0277465368142
2013-12-10,3117150000.0,1803.903955697297,1808.5736443677836,1801.3171403584877,1804.1048881747479
2013-12-11,3472240000.0,1804.1509373311105,1806.0298443561737,1790.655982844389,1795.3217655494373
2013-12-12,3306640000.0,1794.678686224708,1795.0532897622447,1780.146872568233,1783.602060220917
2013-12-13,3061070000.0,1784.4248921182705,1784.5702374587133,1774.6216136367348,1780.2850837178416
2013-12-16,3209890000.0,1782.5113610050837,1792.3595011718223,1783.1350841373066,1786.6960293610716
2013-12-17,3270030000.0,1786.9524568405216,1790.4658027136618,1779.5697706635765,1784.8568012388123
2013-12-18,4327770000.0,1785.4415260106039,1801.575759660441,1773.1027248906553,1797.7153376658143
2013-12-19,3497210000.0,1796.63802899807,1809.2515428210995,1787.1294392644813,1804.5068147838476
2013-12-20,5097700000.0,1804.8986625057837,1814.7651789069746,1801.934712805772,1809.5182436411997
2013-12-23,2851540000.0,1812.3429538757055,1820.7298107164843,1811.2341343959383,1815.1269205014398
2013-12-24,1307630000.0,1816.5622725064497,1826.0851090114218,1818.7013539463624,1822.9065145567788
2013-12-26,1982270000.0,1824.7229515695021,1836.0331948428088,1825.3378776650814,1833.4901291781387
2013-12-27,2052920000.0,1834.602696321929,1841.7239879204367,1835.8987828460613,1839.1447895529966
2013-12-30,2293860000.0,1840.2169196685522,1844.5561299888402,1840.012283092447,1841.5542796930279
2013-12-31,2312840000.0,1842.7542246190692,1847.49514272035,1842.7686129756298,1845.300290379497
2014-01-02,3080600000.0,1845.160682423412,1847.4505941123878,1835.470867868568,1839.6250601516324
2014-01-03,2774270000.0,1839.507987872029,1842.4450335391768,1830.1641412620504,1833.4434200327973
2014-01-06,3294850000.0,1833.8983624693979,1837.522025955476,1824.818609513012,1830.4032389893816
2014-01-07,3511750000.0,1831.9272395172486,1840.6607808409944,1827.4411292713037,1836.3930907395363
2014-01-08,3652140000.0,1836.9881035103765,1843.421352455414,1831.8694588246879,1839.4294779823028
2014-01-09,3581150000.0,1840.1382748892333,1842.6997407252761,1831.128703360689,1838.2890686504907
2014-01-10,3335710000.0,1839.2966893998735,1841.1128197628027,1829.4530006011112,1837.7880042831011
2014-01-13,3591350000.0,1837.9175781482818,1841.3611675535878,1822.7201413687033,1830.9044003713232
2014-01-14,3353270000.0,1831.8297607845793,1840.4194967175597,1821.2528504532352,1833.2822777815074
2014-01-15,3777800000.0,1834.6052548663588,1844.5826227177645,1829.673631397053,1839.8986442890969
2014-01-16,3491310000.0,1840.6005991720492,1846.2345944944122,1836.6170178657699,1844.9743048294686
2014-01-17,3626120000.0,1843.9152407945567,1845.711799579904,1835.8451307299395,1841.9205049828843
2014-01-21,3782470000.0,1842.080892820263,1847.40229964106,1832.4094334476952,1843.0753628670702
2014-01-22,3374170000.0,1844.0335344978955,1849.045314670713,1838.129981938861,1844.9774518138106
2014-01-23,3972250000.0,1844.8496015555647,1847.7045354564784,1833.8784471448614,1840.1092344518072
2014-01-24,4618450000.0,1838.9364529150353,1837.8752875318678,1809.5752870966173,1814.7162061364897
2014-01-27,4045200000.0,1814.0861380506478,1814.1109279921286,1786.707803350346,1793.5040534584234
2014-01-28,3437830000.0,1794.5331068562218,1800.9389444795736,1780.8084237947312,1793.5091930708493
2014-01-29,3964020000.0,1792.6543450823076,1794.4088803865961,1777.7147698190058,1786.777690926755
2014-01-30,3547510000.0,1787.225770112257,1796.5695355480807,1774.8830164558476,1787.3907737818818
2014-01-31,4059690000.0,1787.0191495350427,1795.2688471019567,1772.7268791129716,1785.3112460227153
2014-02-03,4726040000.0,1785.0111942075864,1787.5870457545188,1756.1063815243267,1767.174555707778
2014-02-04,4068410000.0,1767.0083695900591,1773.6374445989595,1750.9000899672276,1760.4364410933222
2014-02-05,3984290000.0,1760.0061503307968,1764.6550356671198,1746.5256694472575,1759.362191086766
2014-02-06,3825410000.0,1759.2739006526324,1773.0236958423034,1750.0465283781043,1766.9259466041387
2014-02-07,3775990000.0,1767.8987758799476,1786.2758064887043,1759.285009695769,1778.9851834144122
2014-02-10,3312160000.0,1780.255992399466,1796.0281283655102,1780.2214550937852,1790.6946750974885
2014-02-11,3699380000.0,1790.9044704285911,1807.6187592463632,1790.2029092124378,1801.0317192989417
2014-02-12,3326380000.0,1801.3205616067485,1815.3938331643908,1801.8615292443228,1811.016269261736
2014-02-13,3289510000.0,1809.2719798916557,1824.9365655027511,1807.2694642066467,1820.917036843524
2014-02-14,3114750000.0,1819.4349055114244,1836.0184323632323,1818.6998636695896,1834.7346125856875
2014-02-18,3421110000.0,1834.6114822529603,1845.204376869518,1834.2058449869635,1843.0621390240526
2014-02-19,3661570000.0,1842.064264189193,1850.1443236910823,1835.9201156333297,1839.5331690513656
2014-02-20,3404980000.0,1839.0921851535313,1848.1420765798932,1829.6536154404714,1838.1185608730152
2014-02-21,3403880000.0,1838.6858848837683,1845.7488408087318,1830.6568544621714,1836.6358560669507
2014-02-24,4014530000.0,1837.6695890588494,1852.0441124835054,1834.512596572182,1841.2262647819023
2014-02-25,3515560000.0,1841.9396071806682,1852.986612018717,1836.6673585712692,1844.2231174833182
2014-02-26,3716730000.0,1844.8216071897643,1855.9174097747252,1843.2272921287802,1849.8313478347118
2014-02-27,3547460000.0,1850.0138021388088,1856.1962823776946,1842.873496939238,1850.6656442286483
2014-02-28,3917450000.0,1851.3061891150496,1860.5884356053887,1843.8572362766727,1854.4243554032969
2014-03-03,3428220000.0,1853.7593925971578,1860.679457190962,1840.655005959037,1851.1982150345202
2014-03-04,3765770000.0,1852.0991708276692,1866.9571531536074,1841.594779155039,1858.7570264611063
2014-03-05,3392990000.0,1859.807613881118,1871.9576701977276,1855.5164266023148,1867.3346661432975
2014-03-06,3360450000.0,1867.9088407303905,1877.190016049161,1868.3146426004666,1872.769376372914
2014-03-07,3564740000.0,1873.761421811284,1880.58477393756,1869.0845893329006,1874.2134685929632
2014-03-10,3021350000.0,1874.892161433882,1879.562471852814,1867.2925486039073,1876.7167022990704
2014-03-11,3392400000.0,1877.4722697588156,1881.8373974075087,1867.0189288460651,1875.8928492353623
2014-03-12,3270860000.0,1875.7562502157389,1878.2869036659777,1863.4923167739769,1874.6290977238875
2014-03-13,3670990000.0,1874.604414109769,1877.0265069076083,1854.6842895593145,1861.8859366191807
2014-03-14,3285460000.0,1861.3222915308495,1865.9916537641902,1845.9594252963136,1851.5242248834036
2014-03-17,2860490000.0,1851.813243959451,1862.9504313176242,1845.5887272874984,1854.9811367012283
2014-03-18,2930190000.0,1855.1565311468419,1867.9890078962433,1848.6761586134085,1859.7100447243838
2014-03-19,3289210000.0,1860.2904384599385,1869.721347802419,1848.5064897573138,1862.0899394240964
2014-03-20,3327540000.0,1862.0674760309403,1870.4823889483944,1849.2943576416533,1861.6229071906955
2014-03-21,5270710000.0,1862.7928285449966,1873.1932093373887,1850.9644582068481,1860.955867272131
2014-03-24,3409000000.0,1862.1610483537218,1872.9891937164266,1851.5922339886024,1859.8813092398864
2014-03-25,3200560000.0,1861.5612604466562,1873.1826067495474,1852.5272466208448,1860.5789936936465
2014-03-26,3480850000.0,1862.4734836167104,1872.7722431171192,1851.7629666689113,1855.7911580823302
2014-03-27,3733430000.0,1856.8356674448137,1864.6868084218102,1846.6378142496017,1852.3358947709512
2014-03-28,2955520000.0,1853.5186238230922,1865.2282361976631,1847.8177132046628,1853.6177686815538
2014-03-31,3274300000.0,1855.201927974272,1869.6320536706571,1853.0489354178405,1862.2440400171233
2014-04-01,3336190000.0,1863.6670888950985,1878.2893204248817,1864.9485411107462,1875.7781127958287
2014-04-02,3131660000.0,1877.1560748594843,1888.0509055834605,1876.0785450184512,1883.9407779418304
2014-04-03,3055600000.0,1884.7253841221466,1888.7385807714652,1878.959110984456,1884.3877014420639
2014-04-04,3583750000.0,1885.557240159305,1892.1873954953032,1872.0920806460135,1876.1748787089705
2014-04-07,3801540000.0,1876.1662558987368,1879.2544353523858,1850.9598536449246,1854.397309316456
2014-04-08,3721450000.0,1853.9078261345717,1859.0077433678673,1840.9133411844316,1852.2843703735416
2014-04-09,3308650000.0,1852.9903084753391,1867.8136497950638,1852.1627427804651,1863.792457791138
2014-04-10,3758780000.0,1864.31869016196,1871.295260450556,1843.9740529308854,1850.8630705746393
2014-04-11,3743460000.0,1849.4557849783016,1858.218893224144,1826.0687690446937,1829.473687857845
2014-04-14,3111540000.0,1828.3778413005784,1834.023688444249,1817.3335414888943,1827.2156564469888
2014-04-15,3736440000.0,1827.973867794251,1841.005803039944,1815.5907378205834,1836.0798702311647
2014-04-16,3155080000.0,1837.8817363393257,1857.2267225412306,1833.0887258290613,1856.5997171900221
2014-04-17,3341430000.0,1856.819114066359,1866.180904008771,1849.1905246143779,1860.2478662742885
2014-04-21,2642500000.0,1860.378057340702,1867.5388295698053,1858.739347759592,1867.3080657400476
2014-04-22,3215440000.0,1868.287682785722,1879.0682138003122,1869.4469617490709,1877.296151316064
2014-04-23,3085720000.0,1878.173627406641,1883.742036266084,1873.3040796826947,1878.8631207014332
2014-04-24,3191830000.0,1880.9469361167526,1884.5538127274003,1872.8718069298247,1878.9869315231986
2014-04-25,3213020000.0,1880.5270682559262,1882.6314921747723,1866.1146784425941,1871.8132388782865
2014-04-28,4034680000.0,1872.6354783028314,1878.9228679462449,1856.6309978634765,1868.9198542601725
2014-04-29,3647820000.0,1869.8367413547364,1879.5655755256078,1861.1245971122128,1871.7221137613742
2014-04-30,3779230000.0,1871.8210910064518,1880.2930865306084,1865.4862331970191,1874.449324162355
2014-05-01,3416740000.0,1875.196073116198,1882.6085751683577,1868.334138240346,1876.8485826982032
2014-05-02,3159560000.0,1877.5831593677435,1885.5916731862944,1871.9597392582514,1880.8903452944176
2014-05-05,2733730000.0,1880.6170904082257,1887.4359479380678,1873.523229655808,1884.1217246313117
2014-05-06,3327260000.0,1883.659874826601,1887.1335546646499,1872.0920651357171,1879.7586675895843
2014-05-07,3632950000.0,1879.5297077523146,1884.061498868816,1868.4753710146135,1878.7520553235636
2014-05-08,3393420000.0,1878.7114743207126,1885.9710143245604,1868.4376771085872,1877.779522847667
2014-05-09,3025020000.0,1877.011194545576,1883.1984667515248,1867.4540251615276,1877.9670965246326
2014-05-12,3005740000.0,1877.9968168437138,1888.3606280066097,1873.3441858190565,1886.162384563563
2014-05-13,2915680000.0,1887.1279412184692,1896.2168387803913,1885.2996602272128,1892.990879525098
2014-05-14,2822060000.0,1893.254784695888,1897.6300370190327,1887.8478567244579,1891.4806947890452
2014-05-15,3552640000.0,1891.49191309522,1895.3400783015234,1878.7649690959875,1884.9694698187664
2014-05-16,3173650000.0,1884.772465188271,1887.0056347449372,1868.2411104600515,1881.1571263215346
2014-05-19,2664250000.0,1879.6781902924952,1886.9222777316213,1874.0109355436941,1884.8262442866499
2014-05-20,3007700000.0,1884.3766603187412,1888.3718472495848,1873.845379398868,1880.2720437405926
2014-05-21,2777140000.0,1879.861292243887,1887.1406230650384,1870.265837244503,1880.645375800538
2014-05-22,2759800000.0,1880.2282376745918,1889.1030645322658,1873.099976804455,1884.0273334610652
2014-05-23,2396280000.0,1883.9882723697276,1894.3287494695944,1882.5847402385145,1890.5473138711297
2014-05-27,2911020000.0,1891.7246539260002,1901.4894918075236,1891.80350008673,1898.3605714034197
2014-05-28,2976450000.0,1899.594731301346,1906.652504395298,1896.2154046421279,1902.2209879921893
2014-05-29,2709050000.0,1903.0053312061054,1911.733783117286,1902.8673555848427,1909.4036448030297
2014-05-30,3263490000.0,1910.436848782754,1918.2223507666836,1909.657091357897,1916.7866088555309
2014-06-02,2509020000.0,1917.5094343786066,1922.6905588939317,1914.7958683749803,1921.5478670308441
2014-06-03,2867180000.0,1921.5298109264797,1925.2219657715614,1917.3763920931933,1923.7445144296519
2014-06-04,2793920000.0,1922.7808655217618,1927.4231335030438,1918.9217845455605,1925.5677255780322
2014-06-05,3113270000.0,1925.5803521347684,1934.5649990157385,1920.9850436166753,1932.7250053334317
2014-06-06,2864300000.0,1933.5933704247186,1942.3594975981061,1930.225379486215,1940.784609111693
2014-06-09,2812180000.0,1941.4462201699373,1949.5188936560346,1938.5826092144873,1945.6630674480962
2014-06-10,2702360000.0,1945.0889397889762,1949.7269225314685,1941.0228963635184,1946.5943843712253
2014-06-11,2710620000.0,1945.9967276701939,1948.7420831658094,1939.8841890134727,1946.2130588226842
2014-06-12,3040480000.0,1945.8823548458092,1946.3392683088387,1934.578419426745,1940.8509540528864
2014-06-13,2598230000.0,1940.7994009646402,1944.2778782217063,1933.6735482761978,1941.2787825259643
2014-06-16,2926130000.0,1940.584027120349,1945.2643265325153,1934.8244368142684,1941.876811430953
2014-06-17,2971260000.0,1940.706336770994,1945.61321581449,1935.0158357447697,1942.2881430220928
2014-06-18,3065220000.0,1942.1200920581457,1952.0187439681006,1936.3908987876673,1949.4490999360698
2014-06-19,2952150000.0,1949.9495887449023,1956.602383188412,1943.806135938669,1954.59579302187
2014-06-20,4336240000.0,1955.4787715102498,1959.2401174594165,1952.6483031315645,1958.6478340936017
2014-06-23,2717630000.0,1958.980801371465,1961.3948912804387,1956.5843606738345,1961.393140916912
2014-06-24,3089700000.0,1961.521708294874,1966.1369598316232,1954.887945337323,1959.0807233918167
2014-06-25,3106710000.0,1958.730039367605,1966.0345721774838,1953.1818874941646,1960.2232734217728
2014-06-26,2778840000.0,1960.0791082133526,1964.383865861307,1950.5448527065312,1959.5470989953326
2014-06-27,4290590000.0,1959.2423868054318,1963.1663813974753,1951.1865914511213,1959.6795833499593
2014-06-30,3037350000.0,1959.2629901717937,1963.4303968677864,1951.9453462133463,1958.8587567526274
2014-07-01,3188240000.0,1958.9551514810491,1967.0847711432993,1953.974677759955,1962.5647244036907
2014-07-02,2851480000.0,1962.7176368997893,1970.5102455359402,1961.4395701833112,1966.843605688416
2014-07-03,1998090000.0,1967.9574175907196,1976.6930031132028,1967.8207464060622,1974.5550834424223
2014-07-07,2681260000.0,1974.7071321961039,1980.307268397713,1971.8216475672987,1975.9111458706018
2014-07-08,3302430000.0,1975.6774491374047,1979.134832814048,1966.1197869643674,1970.6509048974517
2014-07-09,2858800000.0,1970.6743572245541,1975.5628049061975,1963.3206375430564,1970.0726123443426
2014-07-10,3165690000.0,1967.035873109299,1971.6705745487109,1958.3582830242724,1967.8465535789162
2014-07-11,2684630000.0,1966.622249003078,1970.1474299611345,1958.0956577842117,1966.9065400598736
2014-07-14,2744920000.0,1966.7455678350032,1972.5656178828076,1960.9905605942818,1969.1549952584746
2014-07-15,3328740000.0,1969.5454263920228,1976.2517565341993,1962.6737059477618,1970.7037742510647
2014-07-16,3390950000.0,1971.6812790106558,1979.4551778286827,1967.3544775685657,1974.6561986225574
2014-07-17,3381680000.0,1974.7333790500227,1979.9139923704945,1964.046708769713,1970.0455498212714
2014-07-18,3106060000.0,1971.2037187977496,1980.8202829048198,1963.6249772199008,1973.0353169277787
2014-07-21,2611160000.0,1973.628240204862,1980.7705107391864,1965.4171226990836,1974.5003430209872
2014-07-22,2890480000.0,1975.3530042278028,1982.7514432262888,1969.7837412694296,1977.9271685694953
2014-07-23,2869720000.0,1978.9898373601711,1984.9433413614638,1975.7477293923446,1980.5198616211662
2014-07-24,3203530000.0,1981.9716781144787,1987.0643089966297,1978.1822208457318,1982.6692328913898
2014-07-25,2638960000.0,1982.240167836711,1985.5981002190338,1975.801365851087,1981.485587055263
2014-07-28,2803320000.0,1981.0548245971954,1984.4158724351519,1972.7039557266555,1980.6870157135045
2014-07-29,3183300000.0,1981.0507398862821,1985.130421278021,1971.2737144342177,1977.018126592484
2014-07-30,3448250000.0,1979.0118478928412,1984.0109978530095,1969.2277871306076,1974.9689481376515
2014-07-31,4193000000.0,1973.8713160443267,1976.3215509569607,1952.2211290633174,1955.7156866507873
2014-08-01,3789660000.0,1951.6097467573145,1954.2425167883086,1931.025852560336,1937.180569170015
2014-08-04,3072920000.0,1936.8160154632603,1946.3285147971558,1924.1832637978823,1939.6496346281526
2014-08-05,3462520000.0,1936.71267008111,1942.3350208517072,1920.4312322032947,1931.1095737408864
2014-08-06,3539150000.0,1928.9303804941162,1935.4880170798106,1914.607205038316,1925.0171320824595
2014-08-07,3230520000.0,1923.2560771603603,1929.3899518171238,1907.2465271650622,1914.658689479235
2014-08-08,2902280000.0,1914.932769808636,1929.0247695175806,1906.0114620543447,1921.9832935751756
2014-08-11,2784890000.0,1923.7385818756322,1938.8859035475994,1922.656625770044,1933.8152605785406
2014-08-12,2611700000.0,1933.5699614475243,1941.6741703628102,1929.8495608293156,1934.5875936836119
2014-08-13,2718020000.0,1935.5594013189495,1944.1118021173231,1929.6980603171455,1935.8953955836716
2014-08-14,2609460000.0,1936.3370953495748,1946.1345261036615,1934.9923549108328,1941.5822120677565
2014-08-15,3023380000.0,1945.5367265007794,1955.677255549943,1937.7197612915936,1947.8269428105084
2014-08-18,2638160000.0,1951.5143777023275,1963.9605467661586,1948.7315210531156,1960.0192414722135
2014-08-19,2656430000.0,1962.8676016235231,1975.0435717259345,1962.8500562488448,1972.9329721150334
2014-08-20,2579560000.0,1974.3201224522509,1984.20900787545,1973.8688245612263,1983.3645100926308
2014-08-21,2638920000.0,1984.4482305616543,1992.6646959019988,1982.942439300228,1991.4212890053122
2014-08-22,2301860000.0,1991.9401048366,1997.224915955869,1988.3603882327277,1993.896716804385
2014-08-25,2233880000.0,1995.8017988864055,2002.0289475633913,1993.3004247852248,1998.0777253121025
2014-08-26,2451950000.0,1999.009384031176,2005.438378470264,1997.8212688525018,2000.1042458408267
2014-08-27,2344350000.0,2000.8206833185354,2004.3387026212604,1997.3917522150916,1999.7224869404554
2014-08-28,2282400000.0,1998.833228626288,2000.5842487864725,1993.0297267465003,1996.6039955832648
2014-08-29,2259130000.0,1997.1137975827112,2001.168906670424,1994.309304215631,2001.3006305159347
2014-09-02,2819980000.0,2002.2028091847862,2006.6859385093787,1998.1327997741907,2005.5598055327262
2014-09-03,2809980000.0,2005.327879705018,2008.0456912166796,1998.338946252487,2002.9838183538523
2014-09-04,3072410000.0,2003.2445946424643,2008.5353486123997,1994.8254540877042,2000.018068829473
2014-09-05,2818300000.0,2000.0687592898873,2007.7948260086587,1991.4063148715288,2001.4424547538972
2014-09-08,2789090000.0,2001.3712796592222,2006.6334135190311,1990.5123379370268,2000.3463430394208
2014-09-09,2882830000.0,1999.5895810607603,2003.2577360159864,1986.59783424431,1993.9841963320725
2014-09-10,2912430000.0,1993.8263024319274,1999.3562492789417,1983.312279954392,1992.7186509577173
2014-09-11,2941690000.0,1991.5178746466438,1997.7562696211555,1983.0469612409115,1994.8299844555106
2014-09-12,3206570000.0,1993.7491503511305,1997.4682227790279,1981.8522984403562,1992.0613827071543
2014-09-15,2776530000.0,1991.394147052555,1993.2099752284582,1980.2200157585173,1987.963361175841
2014-09-16,3160310000.0,1986.6692886106132,1996.0684976978168,1979.2724238781607,1992.492808823902
2014-09-17,3209420000.0,1991.3107065201966,2004.4305338623542,1986.6585325061849,1999.4544828198473
2014-09-18,3235340000.0,2000.209218408988,2011.7619415605786,1996.3277546289912,2004.0243189124988
2014-09-19,4880220000.0,2005.9209979663615,2012.4828271906656,1998.091567070137,2002.9749999144096
2014-09-22,3349670000.0,2002.5893876638156,2008.6880871720157,1993.5381418696622,1997.2721299166708
2014-09-23,3279350000.0,1997.3724549980977,2001.2421490751608,1986.0909238128554,1988.312654162675
2014-09-24,3313850000.0,1988.1099277347246,1999.6315948566478,1982.202647579893,1993.882320629988
2014-09-25,3273050000.0,1993.8459405715155,2000.652843896447,1975.1289476354966,1981.9834939165132
2014-09-26,2929440000.0,1982.1325585692084,1993.9596362631833,1969.631416316203,1981.0269110257168
2014-09-29,3094440000.0,1978.3569209163556,1985.009460889429,1965.5574583724995,1977.1888302955404
2014-09-30,3951100000.0,1975.9318452351843,1983.5068310192626,1964.5016492126492,1973.5435413829903
2014-10-01,4188590000.0,1972.9451524314081,1977.3877541714062,1952.6572722741707,1958.6140201802605
2014-10-02,4012510000.0,1958.1281083395547,1962.8053931165264,1935.861083280321,1949.7314928512942
2014-10-03,3560970000.0,1949.6232075612472,1964.0979768058692,1940.1451688576594,1956.1810873545435
2014-10-06,3358220000.0,1956.9544716756034,1970.5277518299017,1952.76836470786,1962.08217790378
2014-10-07,3687870000.0,1962.6348240485952,1967.6585416592538,1943.9936785453328,1950.1536890421103
2014-10-08,4441890000.0,1949.9933951012426,1966.2721076101473,1932.9115239598877,1953.4742893836692
2014-10-09,4344020000.0,1955.315641930277,1966.5245132772482,1932.2366546547485,1946.1572584944108
2014-10-10,4550540000.0,1945.3056210874306,1957.8279284749274,1923.674253545996,1929.6886496479483
2014-10-13,4352580000.0,1926.3829754801284,1927.9679776651965,1897.6944453621772,1895.5787698177576
2014-10-14,4812010000.0,1896.045865688239,1907.6201728226877,1879.5031408099514,1884.7548851529723
2014-10-15,6090800000.0,1882.4129193896474,1887.9211050126905,1848.2856291435005,1875.3304895334654
2014-10-16,5073150000.0,1870.1351579604336,1879.9397958542281,1836.2497610996006,1866.1259804670842
2014-10-17,4482120000.0,1863.1742178149448,1885.6469534628268,1846.633155643953,1874.80295016945
2014-10-20,3331210000.0,1874.3891783356066,1903.2544780618668,1877.2760521107587,1897.4813482879529
2014-10-21,3987090000.0,1902.628301260004,1935.3780613037643,1902.5111655457129,1919.743977169767
2014-10-22,3761930000.0,1922.5568805526052,1939.9772470338633,1910.3504177102725,1922.90220577834
2014-10-23,3789250000.0,1925.7220987332744,1951.6649399139897,1920.915297751806,1934.581616405498
2014-10-24,3078380000.0,1937.4633973495124,1960.5212583183663,1937.993522516389,1951.5913694819108
2014-10-27,3538860000.0,1953.624208627022,1964.807534576673,1949.107015496414,1960.45110609896
2014-10-28,3653260000.0,1963.6629532634615,1979.4381032080569,1962.4087862429767,1975.2405922265896
2014-10-29,3740350000.0,1976.3221787409584,1990.046558497458,1971.2391832597516,1985.529679662309
2014-10-30,3586150000.0,1984.7632052982933,1997.8377616090797,1974.2187884518792,1991.8524576423872
2014-10-31,4292290000.0,1993.2547199998423,2008.6054316966447,1987.9249925578151,2004.6264005755804
2014-11-03,3555440000.0,2006.0372795519313,2017.981554859623,2003.9795406184735,2013.7562757803291
2014-11-04,3956260000.0,2014.146013691533,2019.4888123835944,2005.0460773036064,2015.2620889808613
2014-11-05,3766590000.0,2015.9186651609812,2020.9379796038804,2008.7132877121514,2017.918621328863
2014-11-06,3669770000.0,2018.7703419512447,2027.944369121965,2014.2088601503012,2026.611105037654
2014-11-07,3704280000.0,2027.8783337242448,2036.2599412551428,2026.2190995041417,2035.0198325594147
2014-11-10,3284940000.0,2034.4917621170443,2037.7677395219678,2028.2239498084648,2036.550838680088
2014-11-11,2958320000.0,2036.1259134637937,2038.9351183869578,2031.830948928309,2037.7579170748577
2014-11-12,3246650000.0,2036.9258086299633,2039.92452248835,2032.3070352915781,2038.6804185796443
2014-11-13,3455270000.0,2038.3436663311484,2042.7881357748108,2031.92878753403,2038.4724586554205
2014-11-14,3227130000.0,2038.3869094845124,2041.578879836618,2031.0135171512259,2036.6607028379403
2014-11-17,3152890000.0,2036.1242481074953,2040.8018214593235,2031.7511171404274,2038.0272735205199
2014-11-18,3416190000.0,2037.329172432465,2046.8544357704445,2036.0035292742252,2044.1055316361847
2014-11-19,3390850000.0,2043.510331024253,2050.47223691246,2038.4389301933297,2047.130615859534
2014-11-20,3128290000.0,2045.5526564952181,2052.4283948124503,2040.0792368257005,2050.066674992422
2014-11-21,3916420000.0,2050.9941268359958,2061.224867261074,2048.1197100915624,2056.682542697425
2014-11-24,3128060000.0,2058.4909713301026,2068.3933691002185,2058.658283761168,2064.893051886237
2014-11-25,3392940000.0,2066.1908219583565,2071.730869231837,2062.998327181382,2065.522668451979
2014-11-26,2745260000.0,2066.2003684292304,2070.568244653183,2061.0106951584116,2064.982751525765
2014-11-28,2504640000.0,2065.987642169993,2071.8992229117666,2062.6064737730076,2065.8689468372777
2014-12-01,4159010000.0,2067.5889476473403,2069.8506472264994,2056.1485168989984,2060.4338955372664
2014-12-02,3686650000.0,2060.5211942817677,2069.84345547902,2055.064997851329,2063.6771793732773
2014-12-03,3612680000.0,2064.226964434048,2073.434726018806,2061.639773777954,2069.2039994435213
2014-12-04,3408340000.0,2069.2127344621463,2075.6855267411147,2062.787107668319,2071.5794620137976
2014-12-05,3419620000.0,2071.8077655134134,2077.4677229166655,2066.073578717212,2071.8541204581943
2014-12-08,3800990000.0,2071.789331873658,2075.339882444709,2059.4633610084666,2065.292930658382
2014-12-09,3970150000.0,2063.855260864622,2067.2462964916053,2043.7973583055975,2060.683330280546
2014-12-10,4114440000.0,2059.006493657495,2060.135793486292,2028.388181397942,2040.5340623660638
2014-12-11,3917950000.0,2040.3344325927683,2056.746658895957,2026.926305520946,2033.2757409530734
2014-12-12,4157650000.0,2031.1922635614299,2042.7085557774747,2014.9886551405125,2019.1224673448455
2014-12-15,4361990000.0,2018.2998961994244,2029.4070794765921,1999.1041395108725,2006.573175383147
2014-12-16,4958680000.0,2005.0343392613865,2024.0071407652931,1982.0964970193174,1987.8828281418364
2014-12-17,4942370000.0,1985.9348962484214,2020.717556277212,1979.011017657807,1998.43884053522
2014-12-18,4703380000.0,2001.1425718949286,2044.4211161391238,2002.6289437422733,2040.317087321741
2014-12-19,6465530000.0,2044.6895239325315,2069.1914292493916,2040.4379680678783,2061.311907052458
2014-12-22,3369520000.0,2061.4217810201667,2071.5972743608177,2059.313086800758,2063.5192259922624
2014-12-23,3043950000.0,2066.2037548421076,2075.1601250369654,2063.3233189310313,2071.07233940851
2014-12-24,1416980000.0,2073.8194000712897,2081.796147196363,2075.7225452993425,2078.8288826690105
2014-12-26,1735230000.0,2081.319536204518,2092.5143863297767,2083.3924985073945,2091.7373066470395
2014-12-29,2452360000.0,2092.156190474881,2098.3368438754023,2092.0575963267197,2096.6665909122544
2014-12-30,2440280000.0,2095.067749734961,2094.951214285158,2089.437641764312,2088.3171937070783
2014-12-31,2606070000.0,2087.890242530222,2087.168920888845,2068.9457577475305,2065.2183611860964
2015-01-02,2708700000.0,2065.22993612308,2074.4309646645233,2047.1257771443536,2053.3891770953696
2015-01-05,3799120000.0,2051.232632073647,2063.2391772621445,2027.8587655164101,2039.874322404009
2015-01-06,4460110000.0,2039.336265581858,2045.904530244895,2010.4538136772005,2021.1982893094653
2015-01-07,3805480000.0,2022.250846984184,2036.062897454825,2004.1643478457077,2021.0425054381965
2015-01-08,3934010000.0,2024.2341219387467,2050.260037519482,2016.6004077964935,2044.5674664611352
2015-01-09,3364140000.0,2046.9095528956834,2061.198884389123,2031.8164989630536,2048.2508169294347
2015-01-12,3456460000.0,2047.961864260444,2052.2497095016306,2024.7939646365855,2031.8367732133172
2015-01-13,4107300000.0,2034.517528047737,2049.4937721328133,2012.4924762683358,2026.7182009057742
2015-01-14,4378680000.0,2025.3694758882662,2038.300557626986,2001.9980730958057,2021.9504641123033
2015-01-15,4276720000.0,2021.5275032665202,2026.8194829298177,1995.7410631488008,2009.5152334113504
2015-01-16,4056410000.0,2008.4505527342149,2026.0398311496265,1994.7940481706567,2008.3074283326885
2015-01-20,3944340000.0,2009.0018756971444,2025.2845167068715,1996.0535809302903,2018.2312615088426
2015-01-21,3730070000.0,2017.4018934643807,2034.8929526468548,2009.2910079070543,2026.8991111371897
2015-01-22,4176050000.0,2027.4888407754183,2050.633675469896,2014.8783721633395,2041.642749637089
2015-01-23,3573560000.0,2044.3087566279567,2057.506369396358,2034.3577290452085,2047.2855376483312
2015-01-26,3465760000.0,2047.4112463837664,2055.726213559311,2039.81595787136,2053.183261641044
2015-01-27,3329810000.0,2049.208993361021,2051.16530989736,2031.7318850840225,2041.4290517323584
2015-01-28,4067530000.0,2039.089599157484,2044.319750409698,2007.4802714365499,2014.1405806794535
2015-01-29,4127140000.0,2014.2451226766382,2036.3967952363087,1997.1381693704627,2019.589327057585
2015-01-30,4568650000.0,2019.6685015242526,2028.6347196786096,1997.2886290591596,2006.3195863153774
2015-02-02,4008330000.0,2006.1462703736422,2021.7066513521477,1985.6679106559889,2008.5481952237233
2015-02-03,4615900000.0,2009.691015034619,2033.152723579749,2001.9547197770128,2031.0086473300921
2015-02-04,4141920000.0,2033.41677699911,2049.8471870157214,2027.4364335269706,2036.0872258798622
2015-02-05,3821990000.0,2039.04304471087,2055.416149379042,2035.8665644757962,2044.632287277996
2015-02-06,4232970000.0,2046.4675884318642,2061.0176400879063,2039.545835377762,2048.0641593255386
2015-02-09,3549540000.0,2048.0854066243296,2059.104732297128,2040.5665517738337,2050.949038692935
2015-02-10,3669850000.0,2051.0125938617784,2066.65708898808,2047.3272315050474,2059.3069178414753
2015-02-11,3596860000.0,2060.1594861903027,2071.106075243372,2057.148843321092,2061.6192117563205
2015-02-12,3788350000.0,2063.6263603234593,2077.816702676664,2058.39582114644,2072.0917000720997
2015-02-13,3527450000.0,2073.937792333712,2086.5882116705216,2072.632715379115,2083.0846271538076
2015-02-17,3361750000.0,2083.8363527464912,2091.5609630938347,2078.713864829072,2089.6290582945703
2015-02-18,3370020000.0,2089.438615672422,2094.906177189233,2083.7887030588395,2095.623760687934
2015-02-19,3247100000.0,2095.64612168395,2100.7782564349886,2091.2356382961693,2099.193244433259
2015-02-20,3281600000.0,2099.251858884387,2107.564624157968,2091.930779867375,2106.374804933199
2015-02-23,3093680000.0,2106.757149475059,2112.5946369300723,2102.395289722158,2111.012279918866
2015-02-24,3199840000.0,2111.0102219192,2116.32453173618,2106.8827033175567,2115.002973580332
2015-02-25,3312340000.0,2115.551787028929,2120.238449059033,2110.2736496795324,2116.901160130721
2015-02-26,3408690000.0,2117.022869772453,2118.9214581705487,2107.150152360381,2115.0901886636634
2015-02-27,3547380000.0,2114.737380175533,2116.1614248968726,2105.0758328937995,2110.5371062731024
2015-03-02,3409490000.0,2110.490725293402,2116.4097701222436,2104.222979112153,2112.9052735847513
2015-03-03,3262300000.0,2111.593480985798,2116.248905972527,2101.343633437583,2111.2001670610525
2015-03-04,3421110000.0,2110.3677096553683,2112.6125955404,2097.2427083959105,2105.101298696328
2015-03-05,3103030000.0,2104.4847955686823,2107.5120782850786,2095.2553622494343,2101.567772938236
2015-03-06,3853570000.0,2101.2218305202873,2103.988425174752,2082.5023720182076,2088.2293177649804
2015-03-09,3349090000.0,2087.2978789812987,2094.2727283371187,2075.7046948642105,2082.4924838914685
2015-03-10,3668900000.0,2080.8195841793345,2083.704570050201,2058.3320438445335,2063.0646395432186
2015-03-11,3406570000.0,2061.1895828495394,2064.124541166193,2047.3406187267772,2049.652676790544
2015-03-12,3405860000.0,2049.6369825851234,2064.9357350675896,2043.3234387569623,2056.1311578547325
2015-03-13,3498560000.0,2054.360122074365,2063.1397584245833,2040.9879222080149,2058.0563635152384
2015-03-16,3295600000.0,2058.566949399457,2075.906204037437,2051.1603117242557,2068.7408108200425
2015-03-17,3221840000.0,2068.945275376771,2077.0652440163076,2055.429923862126,2066.798621277634
2015-03-18,4128210000.0,2066.2320605945615,2087.226346057656,2054.954556438316,2077.002966191924
2015-03-19,3305220000.0,2078.846273506572,2094.818447778389,2068.5027676596374,2082.8864764399136
2015-03-20,5554120000.0,2084.7244638112907,2103.8591415864516,2080.8878718263213,2093.7322555346977
2015-03-23,3267960000.0,2094.9705752343543,2110.4321061113615,2094.3220093987848,2101.5996595655997
2015-03-24,3189820000.0,2101.7341936051384,2112.6717151496987,2096.402914014265,2102.6182634446036
2015-03-25,3521140000.0,2103.5454936297733,2107.54814330505,2079.78760608878,2081.9117142213545
2015-03-26,3510670000.0,2081.6003709928086,2086.377369544917,2059.232700195695,2064.7781554696603
2015-03-27,3008550000.0,2063.821548453451,2067.9139702393927,2053.274799624245,2059.3292015964753
2015-03-30,2917690000.0,2060.303490374846,2074.854990478182,2058.7372132414607,2069.2766252287734
2015-03-31,3376550000.0,2069.4036430836777,2077.744912748724,2058.4719376111307,2066.6579099071228
2015-04-01,3543270000.0,2066.4322458348897,2072.3675327977953,2047.3563197516703,2063.2476060747326
2015-04-02,3095960000.0,2061.6707276806146,2069.192855605127,2053.245557637168,2066.782380115427
2015-04-06,3302970000.0,2065.577134290946,2078.3138892937695,2056.6033691004277,2075.211520398926
2015-04-07,3065510000.0,2074.9571738339573,2093.9973434087096,2073.199898522436,2082.420516732358
2015-04-08,3265330000.0,2083.2266552708984,2092.378637808772,2077.675080609551,2082.273919407526
2015-04-09,3172360000.0,2082.385354509476,2091.7442042014777,2075.545248573776,2085.7452510042403
2015-04-10,3156200000.0,2085.95832358288,2098.550169634575,2084.010779397367,2096.0337578646568
2015-04-13,2908420000.0,2096.6056915165836,2106.2896729267623,2091.012141331235,2097.0872234561625
2015-04-14,3301270000.0,2097.1778263819087,2104.5188462845313,2089.601279532652,2099.2057303121323
2015-04-15,4013760000.0,2100.0969368720016,2109.371635983359,2096.253070720696,2104.646633137863
2015-04-16,3434120000.0,2105.1883818684178,2112.9595907674243,2102.0017074339758,2108.6279676713802
2015-04-17,3627600000.0,2108.000611515366,2110.7443250694005,2093.382207972427,2100.421186521745
2015-04-20,3000160000.0,2100.3012374305995,2107.6703161713863,2087.593269239291,2099.8523808912555
2015-04-21,3243410000.0,2100.762138197861,2109.0107450713776,2093.0309972338828,2100.751010956085
2015-04-22,3348480000.0,2101.8515064065155,2110.84717133691,2094.1855172039463,2104.179098353654
2015-04-23,3636670000.0,2104.7088461395224,2114.6876959246774,2098.0670810118163,2107.923720737276
2015-04-24,3375780000.0,2108.0363218233815,2117.8363778366197,2103.974048600037,2112.049627444549
2015-04-27,3438750000.0,2113.015326075949,2121.3785671499395,2106.6467282964754,2112.5711248782054
2015-04-28,3546270000.0,2112.8759426471584,2120.6395411718,2104.593029872876,2114.0062080815947
2015-04-29,4074970000.0,2113.5510923866123,2118.887647844706,2101.9941075970396,2111.7430867400094
2015-04-30,4509680000.0,2110.743383346611,2113.6853256702884,2091.429671881465,2102.1165557791155
2015-05-01,3379390000.0,2101.453079198184,2111.2140935876755,2089.2260261512993,2102.771484330131
2015-05-04,3091580000.0,2103.4116804443393,2114.4892319570295,2095.3127254497317,2107.082525149945
2015-05-05,3793950000.0,2106.7961653840703,2115.509150056373,2093.4793666717233,2102.0482759601405
2015-05-06,3792210000.0,2102.186591589125,2109.1597825880913,2081.931247734806,2092.732909813213
2015-05-07,3676640000.0,2091.061898384861,2099.46330156343,2077.0313983091355,2090.6259388882413
2015-05-08,3399440000.0,2092.2721441163894,2108.481841362151,2085.0400508549446,2100.574365188813
2015-05-11,2992670000.0,2102.4570775652955,2117.6695557037638,2100.0464768224456,2105.0550641177115
2015-05-12,3139520000.0,2104.156094323201,2109.5100346709373,2088.6455472393536,2099.3949692636775
2015-05-13,3374260000.0,2098.8046880862194,2105.9331246825495,2086.128182235491,2096.7010380483453
2015-05-14,3225740000.0,2097.358630112314,2110.8803386114737,2091.4345148237444,2104.340145935992
2015-05-15,3092080000.0,2105.550869328818,2118.9440966672387,2105.5038152504917,2113.359977549339
2015-05-18,2888190000.0,2113.9008302848506,2123.841595766458,2112.047627553686,2119.686082370116
2015-05-19,3296030000.0,2120.919966319058,2127.7460611317697,2118.046306401965,2122.903955172638
2015-05-20,3025880000.0,2123.0626722747943,2131.398867625067,2121.1589479138056,2124.7464050133585
2015-05-21,3070460000.0,2125.874414107508,2134.2922571654576,2123.9851366129938,2128.2081504359376
2015-05-22,2571860000.0,2127.9560143493813,2134.2253925761383,2126.09707102475,2127.7575798281628
2015-05-26,3342130000.0,2127.8154979303363,2129.951347511985,2112.0605796561367,2114.807038644376
2015-05-27,3127960000.0,2115.1547373413086,2127.4866608296797,2105.5083595745523,2117.964714422136
2015-05-28,2980350000.0,2116.971946023306,2124.179898787189,2110.0717388947724,2120.4782242454517
2015-05-29,3927390000.0,2120.1288754789016,2123.9018150219486,2110.433929111251,2117.842448078256
2015-06-01,3011710000.0,2117.920171148786,2122.8906671056625,2108.6473606484556,2116.0095841998746
2015-06-02,3049350000.0,2115.762474412273,2121.435602928811,2102.9512055287387,2113.7265605559746
2015-06-03,3099980000.0,2113.42025871584,2120.582690073584,2104.2824794670987,2114.9634024496845
2015-06-04,3200050000.0,2113.648167627935,2117.4213751480142,2099.902777072243,2107.194067253083
2015-06-05,3243690000.0,2105.4142955103816,2108.963179133839,2092.1159903299044,2098.445337018051
2015-06-08,2917150000.0,2097.7273226221764,2099.5012403940646,2084.168661671029,2089.4667832141017
2015-06-09,3034580000.0,2088.2456973028397,2090.6447808609087,2077.6504675901424,2084.7371908003456
2015-06-10,3414320000.0,2084.785106065085,2098.6689460032253,2079.700696380714,2094.6337218394356
2015-06-11,3128600000.0,2094.631402942422,2111.0874194159173,2094.989096602199,2106.2750086042356
2015-06-12,2719400000.0,2105.9600623000542,2111.408551748747,2096.346501026346,2099.501657432557
2015-06-15,3061570000.0,2098.686301714409,2098.0783511499258,2085.04544351574,2093.2846355722904
2015-06-16,2919900000.0,2092.4253834571186,2099.832907366,2082.80208834215,2093.2518875347464
2015-06-17,3222240000.0,2093.5285770736173,2105.0232609966615,2085.7784884587372,2097.8627800803265
2015-06-18,3520360000.0,2098.5628698245337,2116.482556723244,2093.6307401454305,2103.9218452579003
2015-06-19,4449810000.0,2105.973457087927,2119.347222700573,2101.249220138835,2107.6803182596364
2015-06-22,3030020000.0,2108.9184008409457,2120.660715195512,2104.9822525892014,2112.64422197175
2015-06-23,3091190000.0,2114.353342861459,2124.9283232126345,2113.0678865786335,2119.937377706837
2015-06-24,3102480000.0,2120.149154034278,2128.0830500675597,2113.2875403511894,2115.9361856732226
2015-06-25,3214610000.0,2117.3139983497485,2122.592195981296,2107.520927904875,2107.7687231959903
2015-06-26,5025470000.0,2108.4512977563877,2114.1590034349692,2099.81427244142,2102.832851635626
2015-06-29,3678960000.0,2101.273507662418,2104.3608086755157,2075.426504401159,2082.704472898729
2015-06-30,4078540000.0,2083.1431072310816,2091.0119368491664,2066.24070182435,2074.224302394694
2015-07-01,3727260000.0,2076.4157003211117,2086.082961670058,2067.636980465684,2077.498789688092
2015-07-02,2996540000.0,2079.0648364292683,2086.22959546426,2070.16113557848,2079.6938606868343
2015-07-06,3486360000.0,2077.5860952588637,2081.7332664101327,2064.27836983506,2073.6667681495337
2015-07-07,4458660000.0,2072.4179889108937,2080.0598896669917,2049.785116620078,2074.888967062368
2015-07-08,3608780000.0,2072.0491408574276,2077.5114432271234,2046.55207417494,2064.380909569026
2015-07-09,3446810000.0,2064.397485171639,2077.021048108831,2048.9604713940853,2059.3526292297784
2015-07-10,3065070000.0,2059.418003839385,2079.4021286302286,2053.647771352298,2065.156434897106
2015-07-13,3096730000.0,2066.724936208168,2091.826887327108,2067.462048245627,2085.0524078995745
2015-07-14,3002120000.0,2087.402291260019,2103.1975038601995,2083.4160036901303,2097.4329530452196
2015-07-15,3261810000.0,2097.709791505466,2106.1942399999507,2090.9269289251342,2094.7963316811356
2015-07-16,3227080000.0,2097.9009421845303,2114.0169853801926,2100.182590598125,2107.237469478481
2015-07-17,3362750000.0,2109.6416636715885,2122.7883526325645,2109.3448328693694,2118.902966077384
2015-07-20,3245870000.0,2121.8600219647287,2132.133677635209,2121.8874423506268,2127.7511679549166
2015-07-21,3343690000.0,2127.7617986990103,2133.5827099520175,2123.334499420373,2124.825847196671
2015-07-22,3694070000.0,2124.5193552460973,2124.675542004288,2115.0219346338667,2118.2663661139572
2015-07-23,3772810000.0,2118.0056411466967,2118.407292230369,2103.591127116841,2108.3314619778394
2015-07-24,3870040000.0,2108.041577986842,2110.527956585407,2087.277301213756,2092.043399717603
2015-07-27,3836750000.0,2091.512781046325,2094.059763889019,2073.7442539766093,2081.8401298703106
2015-07-28,4117740000.0,2081.06973139091,2094.6084436444494,2073.452860650451,2089.5650720290814
2015-07-29,4038900000.0,2090.6049298212342,2102.9683772963635,2083.097070918774,2101.136480874063
2015-07-30,3579410000.0,2100.2477738593816,2110.125966350279,2092.373619607581,2108.4378366322653
2015-07-31,3681340000.0,2109.2787826016865,2110.461215567554,2095.901227784901,2104.025708590788
2015-08-03,3476770000.0,2105.454011014125,2108.2673397075982,2093.4549067947455,2103.388806054355
2015-08-04,3546710000.0,2104.320186008231,2108.0530356851227,2093.8088926859414,2103.0220038437624
2015-08-05,3968680000.0,2103.323544471792,2112.1238909488497,2097.478250581952,2102.056440275507
2015-08-06,4246570000.0,2102.949631001901,2107.95399689453,2087.6673190274782,2093.8798751967715
2015-08-07,3602320000.0,2093.5751274177005,2096.6389293099833,2076.8081072039763,2088.324036380548
2015-08-10,3514460000.0,2089.894346567807,2100.8866256350047,2080.956911624477,2093.5341752600293
2015-08-11,3708880000.0,2093.96772887784,2101.460980726025,2078.7377742788663,2090.388699915733
2015-08-12,4269130000.0,2089.589625868518,2097.0678154742845,2068.8162466214567,2088.6995777393686
2015-08-13,3221300000.0,2087.7709528666546,2094.6752954067824,2069.86016164477,2086.589609394725
2015-08-14,2795590000.0,2086.3069019202926,2093.7255924226583,2073.819574280531,2087.842930452928
2015-08-17,2867690000.0,2087.638883628848,2096.890982215018,2076.5808697941075,2091.9377082264064
2015-08-18,2949990000.0,2091.12145646596,2098.303557819436,2080.2006778069617,2091.9733456259846
2015-08-19,3512920000.0,2091.431874575263,2096.096196276796,2075.5397816331056,2085.811138636197
2015-08-20,3922470000.0,2084.3755558658254,2086.707090390053,2056.4696507687495,2060.832043038339
2015-08-21,5018240000.0,2058.3295132263884,2058.6299757813076,2002.0867468406911,2009.3080290089533
2015-08-24,6612690000.0,2003.5723169128669,1991.6663274990863,1903.8426600301275,1928.7753809440105
2015-08-25,5183560000.0,1926.1631779451604,1956.1407528097486,1869.384724019549,1887.6794664334793
2015-08-26,5338250000.0,1893.2248760694108,1953.1352010801445,1878.420294310003,1920.4186253015773
2015-08-27,5006390000.0,1924.1362899846902,1968.5103954822507,1919.030003490659,1970.220611311169
2015-08-28,3949080000.0,1970.0688720642347,1999.0480555508627,1981.9661739309024,2007.994478472422
2015-08-31,3915100000.0,2004.6088512869376,1990.274942609405,1969.8001060931658,1965.0654560200533
2015-09-01,4371850000.0,1963.08507324766,1968.7774930433684,1922.5414615213544,1943.869378024167
2015-09-02,3742620000.0,1944.1043973892718,1960.7223369193664,1914.900354082753,1947.1649892128073
2015-09-03,3520700000.0,1949.8149011194264,1975.0483543554583,1941.2365343961333,1962.1702581691382
2015-09-04,3167090000.0,1959.5271350517585,1963.8388201677994,1930.092475306095,1941.7893558433282
2015-09-08,3548650000.0,1942.2341518178284,1959.1627903379913,1925.0747380129837,1947.9468725987012
2015-09-09,3652120000.0,1950.5682882092433,1975.9945052928147,1923.1220220498699,1937.5027424964119
2015-09-10,3626320000.0,1939.4240714377822,1967.553565788611,1930.4171465704062,1944.3217850854817
2015-09-11,3218590000.0,1944.1167000061898,1963.0297192079022,1937.6189504084346,1956.820078440073
2015-09-14,3000200000.0,1957.7504360946598,1962.9314144709435,1943.9992310975613,1959.2691287047062
2015-09-15,3239860000.0,1960.5839762352223,1980.2512857628608,1956.230454446465,1973.031681337148
2015-09-16,3630680000.0,1973.6451672948738,1993.6947533106927,1971.9236340194718,1984.5403179087157
2015-09-17,4183790000.0,1985.2202288984395,2008.2272810123532,1979.989359696434,1987.0927107560094
2015-09-18,6021240000.0,1987.0511272612725,1998.7616817286696,1966.7284368890419,1972.1837352659952
2015-09-21,3269350000.0,1974.249951249937,1985.8771126842596,1958.937212892917,1968.4455937858918
2015-09-22,3808260000.0,1967.060683500296,1973.525028492601,1948.902377603001,1960.4200242971863
2015-09-23,3190530000.0,1959.3013225346394,1962.4291975994552,1940.14589078969,1954.5360723914112
2015-09-24,4091530000.0,1951.5015567373994,1952.9612077954262,1927.4132813331094,1944.6846582046767
2015-09-25,3721870000.0,1944.229885666936,1953.0762510022746,1923.0122146871545,1937.5573442081964
2015-09-28,4326660000.0,1936.7967235989847,1941.265037901779,1901.6995143016056,1910.9100790327816
2015-09-29,4132390000.0,1909.357789257151,1915.5344886100256,1881.2333012014167,1890.4054031896367
2015-09-30,4525070000.0,1891.0073697153905,1910.067084417157,1877.0565696614901,1897.3047537247148
2015-10-01,3983600000.0,1897.718767141416,1915.0907349297304,1888.951877062429,1914.7878842677135
2015-10-02,4378570000.0,1914.3508610124618,1940.156167701944,1891.1273284848246,1936.0839138625279
2015-10-05,4334490000.0,1936.9647092554806,1967.6228535896953,1923.3234663902676,1964.510293266988
2015-10-06,4202400000.0,1965.414840695019,1987.3887496883885,1957.864260102356,1980.5889615634565
2015-10-07,4666470000.0,1982.199908149034,1995.3038713618344,1970.2535959679117,1983.7485499058932
2015-10-08,3939140000.0,1983.802180367555,2003.3132511362994,1975.282953243265,1995.6046830666855
2015-10-09,3706900000.0,1996.8481338656393,2014.8642766981163,1991.6483953221652,2009.5032036718862
2015-10-12,2893250000.0,2011.3143957238078,2024.3635598905096,2009.8360576411017,2021.0285089804304
2015-10-13,3401920000.0,2021.3847245418312,2025.158700987276,2013.52737800029,2012.576507237171
2015-10-14,3644590000.0,2011.3805642407096,2014.3166156742807,1999.7471952618835,1999.9896504320204
2015-10-15,3746290000.0,2000.65930605314,2017.7705230436538,1995.2242823890142,2009.680334884668
2015-10-16,3595430000.0,2010.7388761592103,2025.3212791733922,2007.03156212151,2019.9938137615811
2015-10-19,3287320000.0,2020.0684026851666,2029.0272165763156,2013.5122313852294,2025.5525659783286
2015-10-20,3331500000.0,2025.1490406598361,2032.479634167774,2017.9204502419245,2024.3784902287432
2015-10-21,3627790000.0,2025.7563482267701,2030.6271242780267,2013.6232036489964,2016.351384225942
2015-10-22,4430850000.0,2018.2640525639288,2037.6845487249657,2012.1837917922505,2030.3902854563526
2015-10-23,4108460000.0,2033.8376998850367,2060.212449270476,2033.258561742601,2053.8391078920176
2015-10-26,3385800000.0,2055.9176679627963,2071.3832849190267,2056.3685858210856,2065.253947479401
2015-10-27,4216880000.0,2065.6929335924237,2072.0000512369925,2061.127230718595,2064.7911486566095
2015-10-28,4698110000.0,2065.703045049842,2080.0861124954768,2060.899618112825,2076.282503518111
2015-10-29,4008940000.0,2076.17601776715,2086.800699888862,2072.2093105231056,2082.625087634854
2015-10-30,4256200000.0,2082.46441163961,2091.4018454701686,2077.511470705362,2085.062827579006
2015-11-02,3760020000.0,2085.9289827468183,2099.3118099780536,2083.3612596693456,2093.1340170714534
2015-11-03,4272060000.0,2093.640284112016,2108.776538530883,2092.3334512684346,2102.72918805386
2015-11-04,4078870000.0,2103.3958774029993,2114.177808048952,2098.498106226449,2106.2138992765936
2015-11-05,4051890000.0,2106.7537913524498,2115.566364997624,2099.848233880031,2106.4162951220446
2015-11-06,4369020000.0,2106.6204621206066,2111.1749456950292,2095.792508810004,2105.5395546343802
2015-11-09,3882350000.0,2104.010000111803,2106.2420845481715,2083.16681608621,2096.9848312522686
2015-11-10,3821440000.0,2095.095397164354,2096.455691589182,2078.1607429807405,2091.2323847212306
2015-11-11,3692410000.0,2091.47080422953,2092.672471967204,2078.089396936352,2084.7483004562337
2015-11-12,4016370000.0,2083.1869393833576,2084.159453434353,2064.449390480139,2069.3374783379436
2015-11-13,4278750000.0,2066.9158412623783,2063.9134623150585,2040.403341330354,2043.7618083944935
2015-11-16,3741240000.0,2041.0754385751472,2055.2869547552577,2027.6188090445112,2046.5098853046366
2015-11-17,4427350000.0,2045.6717076945238,2059.162920246043,2035.1751153404762,2050.19068897474
2015-11-18,3926390000.0,2051.462473639617,2078.068819651303,2050.54267264307,2071.144609647326
2015-11-19,3628110000.0,2071.6066349875846,2083.957221015994,2064.307739993591,2074.7570261364235
2015-11-20,3929600000.0,2075.013006398656,2087.0496303308846,2069.0178375082282,2076.9392718275362
2015-11-23,3587980000.0,2077.957166362367,2088.5265982468027,2074.48058963501,2077.0204839755716
2015-11-24,3884930000.0,2077.347109990218,2090.868323754,2071.9030440519887,2081.7279918991485
2015-11-25,2852940000.0,2081.989642195821,2092.2626339954836,2078.959468837741,2086.232839305159
2015-11-27,1466840000.0,2087.2039997191,2096.0225641368547,2085.9039804483086,2091.6862334425105
2015-11-30,4275030000.0,2092.8462412858958,2098.1902278716193,2089.365147299097,2090.2078656424114
2015-12-01,3712120000.0,2091.8100568727223,2101.0459308612017,2086.3962900327833,2094.180506195245
2015-12-02,3950640000.0,2094.8093935952556,2103.3740502129126,2081.263514797819,2089.19023026275
2015-12-03,4306490000.0,2090.302803363023,2095.989106548661,2060.206280737195,2068.1149116574925
2015-12-04,4214910000.0,2069.134543115044,2093.5319264278814,2050.145836324771,2076.1282461058
2015-12-07,4043820000.0,2075.928097001058,2092.499514494289,2060.396236969034,2079.3270117451825
2015-12-08,4173570000.0,2078.3024420684974,2086.2861817801804,2060.591368633073,2075.6257436022092
2015-12-09,4385250000.0,2073.805716286438,2084.220375552545,2051.9816784086606,2065.3807157993106
2015-12-10,3715150000.0,2062.85470575185,2076.581829621367,2043.6696525699037,2057.536414916292
2015-12-11,4301060000.0,2053.2745195154125,2062.772490584237,2030.6023010573786,2040.1231346438321
2015-12-14,4612440000.0,2036.4696385548211,2039.3104355718312,2010.5725084731876,2028.238389406363
2015-12-15,4353540000.0,2027.6765645731475,2042.4915835007798,2011.7765838375942,2032.1402795242664
2015-12-16,4635450000.0,2033.5800878929228,2062.244548373462,2030.0269045252423,2057.8923325833334
2015-12-17,4327390000.0,2059.4364288863326,2075.1428869674487,2042.3557245671752,2053.471507914185
2015-12-18,6683070000.0,2052.820765230709,2051.0115112178078,2017.2345398691805,2026.808912324429
2015-12-21,3760280000.0,2029.3695489581662,2034.2203003278262,2014.1591429331513,2022.8503311862012
2015-12-22,3520860000.0,2026.173304186505,2040.7319076960982,2021.5524147276362,2041.0023889305917
2015-12-23,3484090000.0,2044.6462924990362,2067.2851013789214,2037.979324658412,2058.7127193910874
2015-12-24,1411860000.0,2057.2563613107764,2066.148734430682,2044.9667884833384,2053.597326526804
2015-12-28,2492510000.0,2051.994068019097,2053.302373959534,2040.511514774969,2045.1091009606957
2015-12-29,2542000000.0,2047.161163486828,2059.6697935769,2046.6694444378056,2060.6486948043475
2015-12-30,2367430000.0,2062.3099210306564,2073.0137103316856,2055.819474661362,2065.6308540208156
2015-12-31,2655330000.0,2064.811901891589,2070.2723969425215,2054.915461525605,2055.714630888644
2016-01-04,4304880000.0,2051.0159976108066,2051.060486690372,2016.6883423744114,2029.012513085747
2016-01-05,3706620000.0,2027.0329299731306,2031.0266632888188,2002.6416558056728,2020.5220183019364
2016-01-06,4336660000.0,2018.2496813418484,2020.885219669146,1995.6286780314967,2009.4349937473871
2016-01-07,5076590000.0,2005.4011537876897,2005.1346063972635,1971.6023859013571,1982.7901372658544
2016-01-08,4664940000.0,1979.931451138594,1981.6134519720783,1941.885633559197,1944.8240539561848
2016-01-11,4607290000.0,1947.0440841134002,1953.7887911720595,1914.4478608447623,1932.8968891907064
2016-01-12,4887260000.0,1935.8423642108644,1947.5074831244353,1911.6009993001076,1930.556849083241
2016-01-13,5087030000.0,1932.8601936774112,1945.849430009566,1893.8357431143431,1909.8852843633279
2016-01-14,5241110000.0,1911.3480142909984,1939.7084926112102,1880.9312384986042,1907.8972687336104
2016-01-15,5468460000.0,1906.640105046464,1925.962867948463,1868.8757298660773,1897.1336131002774
2016-01-19,4928350000.0,1899.7529256471198,1914.6394343308448,1865.1117044672555,1889.870313383513
2016-01-20,6416070000.0,1889.6770645884026,1895.890363949097,1841.509671569264,1876.3251017899345
2016-01-21,5078810000.0,1876.0072015929663,1891.9519924274027,1841.057600649727,1871.066646371105
2016-01-22,4901760000.0,1875.1124968696604,1900.308173189495,1858.2680631462802,1883.8101209236308
2016-01-25,4401380000.0,1886.9160059565986,1901.634329583652,1866.6068858300619,1880.361383796687
2016-01-26,4357940000.0,1882.995125426265,1897.968767495044,1869.2736696881182,1885.8844060097363
2016-01-27,4754040000.0,1886.7515642941296,1903.5417640464348,1867.943766606579,1886.262154799437
2016-01-28,4693010000.0,1887.7892633661925,1906.4110787898965,1874.7198844813042,1890.363637680668
2016-01-29,5497570000.0,1892.6892611391484,1924.6712527849313,1888.2735919177971,1916.0442163036948
2016-02-01,4322530000.0,1914.6482317182756,1938.232176991978,1909.144675239561,1932.1563490839262
2016-02-02,4463190000.0,1929.6846077240239,1942.195445212045,1911.3321914859655,1926.21881533026
2016-02-03,5172950000.0,1925.8860261475181,1932.200838261262,1890.587455110645,1916.2838006529698
2016-02-04,5193320000.0,1916.0701866447546,1928.7721741552982,1894.3932957979355,1917.4052211433627
2016-02-05,4929940000.0,1915.9477949026223,1923.779891600566,1887.5473717681139,1901.584538782271
2016-02-08,5636460000.0,1895.878896554838,1894.8946296514453,1853.7884458755095,1872.243368161994
2016-02-09,5183220000.0,1867.7400097016136,1879.9655836486459,1842.9062634302522,1865.584890476419
2016-02-10,4471170000.0,1865.653303372901,1882.7265051184836,1850.9997799309954,1862.581323029113
2016-02-11,5500800000.0,1860.5569523969693,1868.3616714583584,1832.0505056119396,1847.0910396551844
2016-02-12,4696920000.0,1846.383670310169,1859.9000930373734,1825.6956087685833,1847.0839623198794
2016-02-16,4570670000.0,1851.6354551591705,1874.3221630947007,1844.479318118176,1872.8436276703103
2016-02-17,5011540000.0,1877.3611022060106,1909.1295728698592,1878.1698027210516,1906.6005688301227
2016-02-18,4436490000.0,1910.1147335051169,1928.5158712988732,1906.4552367462293,1919.6445085550129
2016-02-19,4142850000.0,1920.74554262578,1926.5362750622146,1908.103832876959,1922.1248793428506
2016-02-22,4054710000.0,1925.6295186263658,1938.807564373124,1919.6578295404245,1938.7265002607503
2016-02-23,3890650000.0,1939.8748913173624,1949.3176814641497,1925.9884119868075,1936.5747384984002
2016-02-24,4317250000.0,1934.033185665445,1941.5390711125815,1912.4589452320506,1933.0647749141835
2016-02-25,4118210000.0,1932.036678460885,1944.9629317668005,1915.576244229133,1938.1401860561484
2016-02-26,4348510000.0,1939.5608334582141,1951.5182056928102,1925.6706451897824,1940.8693050006939
2016-02-29,4588180000.0,1941.623272205991,1955.118724412556,1926.849517757242,1935.0813553045052
2016-03-01,4819750000.0,1937.6146315236576,1963.290708726706,1927.8944875671136,1948.242527626908
2016-03-02,4666610000.0,1950.1939767020733,1973.8398988613826,1943.6253502424497,1967.4435109067829
2016-03-03,5081700000.0,1968.5547686161015,1986.708264482677,1964.4275037222803,1981.3996735454573
2016-03-04,6049930000.0,1982.0837347816307,1996.5047969276213,1971.438479935767,1985.6077881788674
2016-03-07,4968180000.0,1984.131155097677,1998.142225260601,1976.7459153901939,1989.4925657281794
2016-03-08,4641650000.0,1987.3234611076412,1997.3781880211277,1974.8636173935613,1986.961143113198
2016-03-09,4038120000.0,1986.0081465443309,1993.5667655478383,1975.593294355182,1985.4298658426949
2016-03-10,4376790000.0,1985.6460443355895,1996.233581631272,1970.5206529203006,1984.80299274388
2016-03-11,4078620000.0,1987.082531788796,2006.043952594274,1978.1594607971101,1998.2932594801914
2016-03-14,3487850000.0,1998.9787082195467,2016.9686709102273,1991.9708525219037,2009.3253844456538
2016-03-15,3560280000.0,2007.442228618357,2016.2586952937008,2000.002669677707,2011.8460174039208
2016-03-16,4057020000.0,2010.5820888459648,2023.1662471716477,2003.5298072119867,2018.7388270651734
2016-03-17,4530480000.0,2017.7490452073573,2033.6381498128253,2011.5979242909505,2028.8969471897035
2016-03-18,6503140000.0,2028.2353979895609,2044.81178943921,2024.3752945201236,2038.568831929243
2016-03-21,3376600000.0,2037.0463762740085,2047.0528981124614,2032.6503666455953,2043.278737323705
2016-03-22,3418460000.0,2041.3892545221029,2050.8177754980748,2034.605687307292,2045.1323447824136
2016-03-23,3639510000.0,2043.3289811529485,2050.3645186702756,2034.2106937866365,2041.9257856200659
2016-03-24,3407720000.0,2039.542894364135,2043.785614911538,2029.7004712114924,2039.0929330201948
2016-03-28,2809090000.0,2038.2150754566037,2042.6518766350016,2030.3110506841183,2038.5832962122447
2016-03-29,3822330000.0,2037.3569969212335,2046.7995111115833,2029.456874503814,2043.499794021974
2016-03-30,3590310000.0,2043.644220183393,2054.968659298784,2037.8715350927823,2050.5483698995235
2016-03-31,3715280000.0,2050.557102937098,2060.711687336602,2045.35500110944,2053.275406174561
2016-04-01,3749990000.0,2052.2051326339174,2063.6635772417917,2044.8561174530987,2059.2701823018187
2016-04-04,3485710000.0,2058.609435568339,2067.455130669487,2050.24747473663,2062.427839319337
2016-04-05,4154920000.0,2061.0129250729647,2067.1778760520924,2049.2458650781837,2057.4619041584992
2016-04-06,3750800000.0,2056.5676175856324,2066.878968516805,2047.749381436804,2059.4074674323074
2016-04-07,3801250000.0,2057.557723969143,2064.608216839569,2042.2533348703776,2053.8353810823787
2016-04-08,3359530000.0,2053.6781358018948,2062.282110941043,2041.109982764265,2050.6485790822367
2016-04-11,3567840000.0,2051.798315244964,2061.547612905861,2041.1163246298745,2046.5720351757989
2016-04-12,4239740000.0,2048.0979311852875,2062.478830133897,2040.2785469423702,2051.2987290309834
2016-04-13,4191830000.0,2053.7029410171936,2069.891333166531,2048.3345688134955,2064.8642519168307
2016-04-14,3765870000.0,2067.0179336406577,2079.203823464728,2061.4720340699264,2073.172161864435
2016-04-15,3701450000.0,2074.5512760054326,2079.8721789027277,2067.2407172719168,2073.743537732873
2016-04-18,3316880000.0,2074.002517367432,2084.3336910341372,2068.110658019944,2079.938800013467
2016-04-19,3896830000.0,2080.8113381822686,2091.5614186170274,2075.341410872865,2088.1100196763136
2016-04-20,4184880000.0,2089.0368079719115,2101.458024813665,2084.746544302328,2095.3721283528616
2016-04-21,4175290000.0,2095.847870408134,2101.656843834656,2087.5779878522894,2092.363575150468
2016-04-22,3790580000.0,2092.419164908606,2097.6383265393492,2082.956465329682,2090.815751740252
2016-04-25,3319740000.0,2089.840512969772,2092.8545203842195,2079.2624821509708,2090.263638611041
2016-04-26,3557190000.0,2090.6821529182475,2095.733604433576,2083.777052922226,2091.7249542464892
2016-04-27,4100110000.0,2092.6025985093033,2098.528618579691,2084.8976214748495,2094.310647071346
2016-04-28,4309840000.0,2093.1790316143783,2099.782168823595,2082.3490955849124,2090.3109200380754
2016-04-29,4704720000.0,2088.234686949864,2092.657743214852,2070.9140878314106,2082.2581102968766
2016-05-02,3841110000.0,2079.2521452432197,2085.792458532236,2069.407745249666,2081.0521728634235
2016-05-03,4173390000.0,2078.527770395069,2083.0919193818154,2063.2665662491513,2075.5167096136543
2016-05-04,4058560000.0,2071.1426271834744,2072.71394019643,2055.609392114482,2063.454716341651
2016-05-05,4008530000.0,2061.6016224326368,2065.271687235802,2047.4670102782836,2055.191246066608
2016-05-06,3796350000.0,2052.2925491744154,2059.200585406048,2043.7328407340592,2055.0441093311165
2016-05-09,3788620000.0,2054.1687694705065,2061.1738268971776,2046.9799709739357,2057.5998394526137
2016-05-10,3600200000.0,2058.7239293980497,2074.6255495333653,2056.6807063857173,2072.3302723934517
2016-05-11,3821980000.0,2073.519395329591,2081.192441989669,2062.1326435406913,2068.3255243905123
2016-05-12,3782390000.0,2069.7920980483477,2076.3950006058276,2056.7931569037914,2065.9090569571745
2016-05-13,3579880000.0,2065.580382522786,2072.0766516611607,2050.8936221364543,2057.887329242467
2016-05-16,3501360000.0,2056.9576841904477,2070.0315780778687,2047.6255582056863,2059.349119805004
2016-05-17,4108960000.0,2058.472599585194,2067.845893071243,2044.097634743883,2053.924962759409
2016-05-18,4101320000.0,2052.478562774998,2064.794304557608,2037.8994137556351,2048.62201114355
2016-05-19,3846770000.0,2046.3120610910692,2052.1535076459313,2029.9684388241926,2042.7950454998497
2016-05-20,3507650000.0,2041.6119771155197,2053.2266012249743,2032.3993158178139,2045.132176668095
2016-05-23,3055480000.0,2044.896699033112,2053.7017825466987,2039.50158034039,2046.2612008387325
2016-05-24,3627340000.0,2048.602319827618,2065.121340269291,2043.6564573436408,2056.78332604899
2016-05-25,3859160000.0,2060.324469243684,2081.1096046133152,2059.090846138995,2073.0064690746804
2016-05-26,3230990000.0,2075.121125959344,2086.9778307326833,2071.4451160748963,2080.34313827557
2016-05-27,3079150000.0,2081.646470579521,2091.0637759555393,2082.0215952115404,2086.487827165589
2016-05-31,4514410000.0,2088.9531006149386,2097.944315226795,2084.619406433022,2092.412574163415
2016-06-01,3525170000.0,2093.2206784228033,2101.1590916970954,2086.893707023398,2096.426302979029
2016-06-02,3632720000.0,2095.546350589603,2103.0069630050366,2087.0388702205246,2100.742403318142
2016-06-03,3627780000.0,2099.54834856347,2103.365879582482,2087.4732063732663,2100.0173619809457
2016-06-06,3442020000.0,2100.401679080793,2106.8834680928385,2090.57462009616,2101.851316409967
2016-06-07,3534730000.0,2102.575472820233,2110.8430788568,2096.979990692589,2106.6583317809486
2016-06-08,3562060000.0,2107.091848570766,2115.715557676171,2105.666981629272,2113.548623148475
2016-06-09,3290320000.0,2113.2146367796868,2119.5969161575804,2109.7244847834936,2117.348208825504
2016-06-10,3515010000.0,2115.3083248101566,2118.680585291213,2105.6222353939365,2113.044833436212
2016-06-13,3392030000.0,2107.8524962916304,2108.844104957467,2089.6084263103835,2094.7098280048936
2016-06-14,3759770000.0,2090.1127400623177,2094.3437687406927,2078.373994377263,2084.9491936067584
2016-06-15,3544720000.0,2084.7730182149735,2090.1847781752854,2074.8852691284974,2079.5927436939405
2016-06-16,3628280000.0,2076.5458315385217,2085.056452021183,2063.7850591503193,2077.073584216263
2016-06-17,4952630000.0,2074.528116043222,2079.580544331279,2058.82940313069,2071.437287521222
2016-06-20,3467440000.0,2071.6230804313695,2087.080319088644,2064.040287751674,2073.219780520272
2016-06-21,3232880000.0,2076.4545959817015,2090.9440590426716,2075.046287597933,2080.895999275833
2016-06-22,3168160000.0,2083.027935527826,2095.29136191337,2080.4380207480513,2083.925190967418
2016-06-23,3297940000.0,2088.780993499439,2105.415167051531,2088.1996942904657,2098.7037593070077
2016-06-24,7597450000.0,2097.156517730383,2105.3545181196323,2068.963620123327,2076.0138021524026
2016-06-27,5431220000.0,2070.888587439907,2069.176627190459,2017.0137561883532,2029.0680433983523
2016-06-28,4385810000.0,2026.716388633915,2042.696946584852,2011.9117345843924,2029.6998760878562
2016-06-29,4241740000.0,2033.7600356994826,2057.526107031186,2026.6100662557376,2048.6994276858304
2016-06-30,4622820000.0,2050.394912220526,2080.9855548549117,2044.8570553943553,2074.0195958134686
2016-07-01,3458890000.0,2080.208172007932,2102.103393171716,2086.5479614303354,2094.337483673049
2016-07-05,3658380000.0,2088.278674579442,2086.826089288131,2068.153211257792,2071.420594032382
2016-07-06,3909380000.0,2070.11345573121,2087.784234065554,2071.4204902331,2090.7606032240137
2016-07-07,3604550000.0,2089.665702693729,2103.4323964491127,2083.3197529583663,2101.104268054842
2016-07-08,3607500000.0,2107.1226363881847,2124.608556455407,2107.591917146392,2122.1930919886795
2016-07-11,3253340000.0,2124.2214985115106,2137.3725831400748,2122.606458858582,2127.599655212405
2016-07-12,4097820000.0,2129.8512795535335,2145.0065689590338,2132.954657604547,2142.599154229897
2016-07-13,3502320000.0,2144.2774624789085,2149.256605231609,2134.8581747546596,2144.7775771687598
2016-07-14,3465610000.0,2150.320728700341,2161.8399027769547,2148.7065800127352,2157.545804911483
2016-07-15,3122600000.0,2161.936502194527,2168.877703566581,2157.2157743468756,2160.9014218233983
2016-07-18,3009310000.0,2164.131691107966,2170.1833933448165,2160.3998733267763,2164.671171224279
2016-07-19,2968340000.0,2164.1272258110407,2166.202912349351,2158.7473605520536,2164.3302158254705
2016-07-20,3211860000.0,2164.6384752182807,2171.904225716967,2163.353525704217,2171.5096885605954
2016-07-21,3438900000.0,2172.4821924714875,2177.4578515676167,2168.3163162241713,2174.9103482704145
2016-07-22,3023280000.0,2176.4476046287996,2181.177384907126,2169.0396601382317,2176.578294293971
2016-07-25,3057240000.0,2175.3575865267976,2177.2657484186816,2165.8433120618083,2172.861483301868
2016-07-26,3442350000.0,2171.9202152199337,2174.513947440678,2161.2592211403685,2169.3353127860114
2016-07-27,3995500000.0,2168.6036150821938,2172.529928664384,2157.713460146637,2166.554482891835
2016-07-28,3664240000.0,2165.693883291087,2171.257311497652,2155.9714958458803,2166.466563482044
2016-07-29,4038840000.0,2164.894372784033,2171.7871954815955,2157.261782321227,2168.5600551156363
2016-08-01,3505990000.0,2167.1856679887223,2173.8750105246595,2159.743761836792,2169.432807128268
2016-08-02,3848750000.0,2167.90286289661,2171.7862027468063,2154.3539582879657,2163.595442566327
2016-08-03,3786530000.0,2162.869491885109,2168.27728887907,2152.0623392195453,2163.3221029222614
2016-08-04,3709200000.0,2162.327490464514,2167.9206259795405,2156.1462848430415,2164.940780922399
2016-08-05,3663070000.0,2166.4330013869335,2176.51112654631,2164.031492767286,2175.782161222122
2016-08-08,3327550000.0,2176.9618460715947,2183.189815594204,2171.015337897624,2177.008028465763
2016-08-09,3334300000.0,2178.0982772867515,2182.2552970319057,2171.3180379275013,2175.7031197635943
2016-08-10,3254950000.0,2176.88291673485,2180.1510613289565,2168.114655265652,2172.3587342450223
2016-08-11,3423160000.0,2174.7032973164764,2181.6659278438146,2172.62868111452,2177.1415335641927
2016-08-12,3000660000.0,2179.614548510477,2186.1262488669386,2177.797355427984,2183.2235530648236
2016-08-15,3078530000.0,2184.8088805919356,2190.517212250044,2183.90456189159,2186.898396640819
2016-08-16,3196400000.0,2186.9073684483596,2190.043640215682,2182.4592904827027,2183.994247157709
2016-08-17,3388910000.0,2183.0299748037232,2186.3939983941927,2176.6492354024463,2181.60903616507
2016-08-18,3300570000.0,2181.950666517327,2186.441248258443,2176.444482490675,2183.9124438697922
2016-08-19,3084800000.0,2182.404547798161,2184.6545513394803,2176.4601884097015,2183.001472111584
2016-08-22,2777550000.0,2181.5026738736315,2184.337450833466,2174.516269908103,2181.531164756731
2016-08-23,3041490000.0,2182.4658920687757,2185.5092935160683,2177.2453755444362,2180.6473513336964
2016-08-24,3148280000.0,2181.6045443632015,2185.1057704246214,2172.1296048127115,2176.8100712292485
2016-08-25,2969310000.0,2175.8504737875373,2180.4449860567543,2168.897056193904,2174.3077989040735
2016-08-26,3342340000.0,2174.330008165661,2182.551144952824,2166.4060429506158,2172.635379636631
2016-08-29,2654780000.0,2173.7157422355854,2184.526801572741,2168.8845496466097,2177.0225742331863
2016-08-30,3006800000.0,2177.2933300813033,2185.262217084674,2171.987921337473,2178.508242986689
2016-08-31,3766390000.0,2177.4216745185095,2181.6941667674027,2169.1248307036103,2176.483419464242
2016-09-01,3392120000.0,2175.756690333585,2178.421170229351,2164.0181210843393,2174.146985651249
2016-09-02,3091120000.0,2177.040298843731,2182.5341907309994,2168.1913353718433,2178.644163717155
2016-09-06,3447650000.0,2181.3109792059718,2186.2703184209877,2174.850176507335,2184.635835417148
2016-09-07,3319420000.0,2185.4351571963603,2188.766314492267,2179.1277684062757,2187.1771156069576
2016-09-08,3727840000.0,2186.459629305784,2188.273588642944,2180.3000932372784,2186.675122051843
2016-09-09,4233960000.0,2181.0289571885382,2182.498938403361,2156.613458541281,2160.899078668679
2016-09-12,4010480000.0,2149.9498626953464,2172.750576192369,2134.1632353982054,2156.3727447043552
2016-09-13,4141670000.0,2147.8643596203633,2163.5302837703093,2127.090464120376,2148.9710996984722
2016-09-14,3664100000.0,2143.921384394151,2152.7798256543306,2128.3298321897278,2139.3645732668747
2016-09-15,3373720000.0,2135.0362522796013,2153.787199965809,2123.1469209615866,2141.204787817252
2016-09-16,5014360000.0,2137.760533600038,2149.2403397312128,2125.634373218466,2140.395782610975
2016-09-19,3141820000.0,2142.2432085375776,2151.713188912483,2132.0336307853327,2142.1857873377407
2016-09-20,3117380000.0,2146.1141624204497,2150.9126936724238,2136.5853188385627,2140.153338640451
2016-09-21,3685450000.0,2145.2520202285136,2157.3807148025753,2138.0083740900795,2148.4667289775184
2016-09-22,3523860000.0,2154.4265317416766,2167.7952771539763,2149.766994876102,2162.4569328749117
2016-09-23,3289860000.0,2162.673654213569,2168.82796108666,2156.7871790879035,2159.1502038371755
2016-09-26,3199910000.0,2159.0924867175913,2163.964445253046,2151.7443310928725,2153.9650158267114
2016-09-27,3414090000.0,2152.7127797783523,2160.7701743593652,2144.7599698263793,2153.4915772259174
2016-09-28,3860390000.0,2156.343478509822,2167.292370663403,2149.283638052533,2165.382204466972
2016-09-29,4215620000.0,2166.0443803553844,2172.4241621916003,2150.48194393116,2160.3647731926194
2016-09-30,4158800000.0,2161.8985345387723,2173.388118336249,2150.850758573273,2162.0469403720303
2016-10-03,3113850000.0,2160.965356633002,2168.957003394852,2150.617778493266,2160.3310984587656
2016-10-04,3716100000.0,2161.1614075365433,2166.45452261872,2147.584067883341,2156.5540626984325
2016-10-05,3883710000.0,2159.021155027442,2165.4683877288785,2150.7663536442597,2157.8449361930466
2016-10-06,3438040000.0,2159.1309141675533,2165.2958301721997,2152.1829636850903,2159.4396424081956
2016-10-07,3578770000.0,2161.1584359938665,2165.7253500502097,2151.1058075146852,2159.348362090763
2016-10-10,2881970000.0,2162.5040434235725,2167.3788796043686,2154.9171883883605,2161.0515217419156
2016-10-11,3393060000.0,2162.800295023735,2166.3849491151896,2145.950030360277,2154.5125244227343
2016-10-12,2959510000.0,2153.3271997834972,2157.724288320498,2139.666780013504,2146.5874455493936
2016-10-13,3538030000.0,2141.0972108839196,2146.9191841705297,2128.3499011649815,2141.8330747141504
2016-10-14,3187910000.0,2140.5971050457315,2147.7114060537197,2129.2514018660904,2136.9932506991654
2016-10-17,2832440000.0,2137.496382430989,2143.017935917439,2128.2790378241075,2133.193983610152
2016-10-18,3172940000.0,2137.093566785117,2142.120052085915,2130.8037341567665,2134.4292351552426
2016-10-19,3364990000.0,2137.9476888330487,2144.1515916697294,2135.138265008114,2140.790023479834
2016-10-20,3339320000.0,2140.7857748885044,2146.710963021606,2136.159168104635,2142.376222118211
2016-10-21,3456390000.0,2142.0369807038255,2146.2054504338857,2134.264043891443,2141.5727630374618
2016-10-24,3359950000.0,2144.598248924206,2149.2732157808923,2137.89380688736,2144.4759665406964
2016-10-25,3756200000.0,2146.205093275207,2150.0941977580655,2138.821359921605,2143.53469097928
2016-10-26,3778120000.0,2141.8108613752834,2147.6267707360958,2134.2099651483936,2140.328090099047
2016-10-27,4209400000.0,2139.7132951152116,2144.882933074903,2130.2323898320606,2134.848372440374
2016-10-28,4028270000.0,2135.0522820608508,2142.309928393857,2124.619032231223,2129.786952996494
2016-10-31,3926560000.0,2132.519777645709,2137.841692550919,2124.4729342230403,2127.561334810759
2016-11-01,4539190000.0,2129.415145942009,2133.80861695143,2113.0833867672063,2121.1264456484387
2016-11-02,4289120000.0,2120.604289098801,2123.275461502826,2103.015605435229,2110.794085877708
2016-11-03,3892100000.0,2110.2514650816456,2113.0550546523546,2095.498087870766,2100.38645218405
2016-11-04,3841910000.0,2097.7116072990325,2107.2033348985383,2091.4897716513265,2095.660627732731
2016-11-07,3739720000.0,2099.595619340126,2116.3774802829485,2093.792149171487,2110.03333860843
2016-11-08,3921850000.0,2114.220099215996,2135.1127542436175,2109.5119493385264,2128.4325069615466
2016-11-09,6267590000.0,2125.6212024784504,2155.1358234008453,2118.045338207499,2143.7024789045986
2016-11-10,6458450000.0,2143.684107197497,2167.6604599335515,2130.52845912716,2153.0992192774597
2016-11-11,4993990000.0,2152.38812937361,2167.393241917679,2141.306352642573,2158.0814385985796
2016-11-14,5373670000.0,2159.348852541923,2170.314639247026,2146.344201354913,2162.6428850885277
2016-11-15,4548110000.0,2164.527756121376,2178.714103912311,2156.985707125006,2171.835386607775
2016-11-16,3847900000.0,2172.0301025622016,2182.0370523661322,2166.3782961220163,2177.1663375313497
2016-11-17,3811730000.0,2178.2658878382344,2184.378872493477,2174.860658181179,2182.121321272245
2016-11-18,3580900000.0,2182.955586349687,2184.1571694819418,2178.0962442764803,2179.445316504084
2016-11-21,3611500000.0,2182.0220567691367,2188.080256155508,2180.4757806339985,2185.2797987625313
2016-11-22,3960520000.0,2188.7909428960897,2195.8977244717285,2185.7497211743607,2192.675206643752
2016-11-23,3419850000.0,2193.225583770612,2202.5928858097177,2190.274955356086,2201.71188527727
2016-11-25,1584590000.0,2201.761529809927,2210.0295117438413,2198.861856659197,2209.082579304962
2016-11-28,3515100000.0,2208.4389189618882,2213.737390006611,2203.5908979815645,2210.2222847526
2016-11-29,3709190000.0,2209.4726720731273,2213.428292502828,2205.11354739158,2209.471451958431
2016-11-30,5538400000.0,2208.3371852679043,2214.101624817034,2202.374343235867,2205.0791989848653
2016-12-01,5067470000.0,2204.662642085848,2209.5029351310513,2196.285145818142,2199.0093117064253
2016-12-02,3782370000.0,2198.8660988582947,2203.7095278409665,2192.1508495478533,2194.7905893135003
2016-12-05,3898530000.0,2197.8444775170697,2204.7486353097775,2193.899416935579,2197.759381845878
2016-12-06,3857290000.0,2200.866012553659,2208.468727373376,2196.648306919781,2204.6038219737466
2016-12-07,4504070000.0,2205.279535356726,2227.1595300435506,2201.8107975714547,2225.0876291341433
2016-12-08,4203270000.0,2223.9242638995065,2242.9335644726134,2219.854797079019,2238.8774705473766
2016-12-09,3886460000.0,2240.851205566478,2250.9011252696478,2239.2720727097367,2246.9897381636206
2016-12-12,4038850000.0,2248.8182395878875,2254.9115968552037,2245.8736497433065,2249.8484341637286
2016-12-13,3875630000.0,2252.4980358425896,2264.1425525763275,2249.5821925862288,2256.800788666812
2016-12-14,4409670000.0,2257.921613576568,2271.732131008165,2248.8084605281188,2257.997111472829
2016-12-15,4173360000.0,2258.803356293058,2274.1384751530654,2251.544662747837,2259.309555195923
2016-12-16,5928980000.0,2262.0004484731494,2270.3316475752054,2253.560599231517,2259.1059405162546
2016-12-19,3252840000.0,2261.417140534966,2268.159117328307,2255.7422499696113,2260.089249572046
2016-12-20,3306250000.0,2263.2334020795793,2269.8904524999953,2259.399561466337,2263.4853503773807
2016-12-21,2854880000.0,2265.048247684308,2269.3036017927884,2261.2599649376457,2263.2664771534855
2016-12-22,2880670000.0,2263.266765330157,2264.70143803745,2258.6433650753215,2260.410347813481
2016-12-23,2021230000.0,2259.8240639568385,2263.5905713772227,2255.6675983531954,2259.9890475029265
2016-12-27,1989730000.0,2260.559217679768,2266.8371589847184,2257.8166750212536,2262.883169511976
2016-12-28,2402750000.0,2263.7834481449877,2269.1352197622,2254.7375783664575,2258.868726799989
2016-12-29,2338700000.0,2259.009416793665,2264.6153248877617,2249.751100271942,2254.4245923997546
2016-12-30,2671550000.0,2255.6088172849877,2258.4326773016937,2242.818349684702,2248.6591888256976
2017-01-03,3773010000.0,2253.836572454802,2260.621273805608,2243.873468929665,2252.867387190873
2017-01-04,3768890000.0,2257.8331871278847,2268.8359924040797,2253.1794642561995,2262.92531698003
2017-01-05,3785080000.0,2263.628699201859,2270.216620766429,2259.026783843663,2266.1028014565227
2017-01-06,3342080000.0,2266.2384781515757,2273.849458965697,2259.3733824957058,2268.216950998944
2017-01-09,3219730000.0,2267.786089623902,2274.013836279806,2261.5602625799434,2268.7303804740286
2017-01-10,3640560000.0,2269.4260118421344,2276.622230805591,2264.137790552871,2269.786062023381
2017-01-11,3625080000.0,2269.6797703079797,2276.4702535729903,2263.9164619361336,2272.0099402481346
2017-01-12,3466220000.0,2270.4778284035856,2274.604740849814,2260.1251237300708,2271.6296145826154
2017-01-13,3090680000.0,2271.2808117607897,2275.7099622706487,2263.3464354110483,2271.3975939303277
2017-01-17,3586950000.0,2269.8444544423446,2273.8256641600583,2262.5935516600234,2268.8673281398947
2017-01-18,3317670000.0,2268.352448105295,2271.2250958491504,2261.59339060744,2268.617042181766
2017-01-19,3168390000.0,2268.608176071492,2271.8125449565287,2259.4261952167967,2267.33853026829
2017-01-20,3536850000.0,2269.2494593405168,2274.0398682049527,2261.5424445660606,2269.0720838373004
2017-01-23,3155240000.0,2269.167318172163,2274.0175440758167,2261.3868273957823,2268.689201223703
2017-01-24,3816950000.0,2269.0138288425796,2277.5385032736676,2263.4770701102793,2273.0693906676083
2017-01-25,3849340000.0,2276.1735525398776,2287.609268132855,2273.2472100350114,2284.7456285616245
2017-01-26,3611510000.0,2288.3284937136536,2294.934194773761,2285.336005768193,2291.03660086008
2017-01-27,3137420000.0,2292.888132411645,2296.4621557378146,2286.7051952661063,2291.9152647219225
2017-01-30,3595040000.0,2290.395790512666,2293.6912539603914,2281.9370438743454,2289.558709048396
2017-01-31,4089730000.0,2284.5815951566756,2286.751113826204,2274.5850557959557,2285.3834295182737
2017-02-01,3919190000.0,2285.1748892028077,2289.278204457737,2275.460976167125,2284.703967133849
2017-02-02,3809760000.0,2284.343805138369,2289.1421470867926,2276.0167715328867,2284.019709913333
2017-02-03,3605970000.0,2285.94967676897,2291.4375000346104,2279.213991654375,2287.842040226174
2017-02-06,3112390000.0,2288.421667033553,2293.7400896421073,2282.9528548054654,2290.28798997586
2017-02-07,3452460000.0,2292.3896272743004,2297.3246602247937,2286.4956046493153,2292.5487144355393
2017-02-08,3611950000.0,2293.102094229758,2298.306166407518,2288.3175681174853,2294.7835860824107
2017-02-09,3681600000.0,2295.655483340722,2304.2323105004543,2292.7825933901245,2300.904042331566
2017-02-10,3496600000.0,2302.7645763932483,2312.1525022995993,2300.446711738135,2307.7908663028165
2017-02-13,3352370000.0,2312.8451719097284,2321.0535981686653,2310.834924532367,2316.2368745566064
2017-02-14,3528040000.0,2317.880572390889,2327.2204052800453,2313.392916158129,2323.9530398588595
2017-02-15,3785870000.0,2322.8072442112934,2337.0153907371355,2320.9201893940653,2334.3657615528614
2017-02-16,3675900000.0,2333.507034605368,2343.9023644759877,2328.518271640766,2340.221063499376
2017-02-17,3516830000.0,2339.6596854919376,2347.6560676825857,2334.85657707705,2344.6913674791754
2017-02-21,3587520000.0,2345.695330086528,2357.0274592888013,2343.245780653509,2354.5491334423346
2017-02-22,3473170000.0,2353.757508472746,2361.979348110087,2351.2877056400894,2359.6250945276174
2017-02-23,4021770000.0,2360.6807501067346,2365.904279188255,2352.9498341418685,2361.411717453525
2017-02-24,3832410000.0,2359.4519157261598,2366.236835308046,2352.649644183425,2363.1984465382698
2017-02-27,3584680000.0,2360.2235020366566,2368.567362135603,2356.298360427055,2366.441870277631
2017-02-28,4212460000.0,2363.979926947029,2370.048821508008,2359.616635121825,2367.879765104638
2017-03-01,4347630000.0,2371.4565679505727,2382.2149577880764,2367.7926955113644,2378.2892279381676
2017-03-02,3824030000.0,2382.2335947226347,2390.3984590649375,2373.9632280509795,2382.1906937872745
2017-03-03,3556670000.0,2382.4850787269315,2388.250896863242,2375.7256988346458,2383.9476628916705
2017-03-06,3251800000.0,2381.243054530885,2385.9661555889866,2374.54049135051,2381.5784278350147
2017-03-07,3526300000.0,2377.724923758197,2380.583758516753,2371.452925888416,2376.5980541669296
2017-03-08,3814080000.0,2375.1878755622056,2379.7997492014024,2367.688782043754,2371.7951876846664
2017-03-09,3718450000.0,2371.720953264928,2375.3584280435084,2362.990468702615,2368.6971752935697
2017-03-10,3434400000.0,2371.2406469790335,2375.347691668541,2362.2422450818085,2370.048475209859
2017-03-13,3166650000.0,2371.462601960045,2374.3913645960542,2364.8130659795042,2371.4027489222635
2017-03-14,3173760000.0,2368.9123747798403,2371.025470416624,2361.8396443238335,2368.8071308675294
2017-03-15,3909490000.0,2369.3563603926577,2378.712641905243,2364.8472141572925,2375.103421549726
2017-03-16,3368880000.0,2377.9696917016095,2384.730091768909,2369.6898304539122,2378.130180446697
2017-03-17,5179820000.0,2380.9063510661076,2384.4807505142635,2373.030388911658,2377.745112404004
2017-03-20,3061560000.0,2378.6417937563206,2380.550656274514,2370.289892366468,2374.176540768945
2017-03-21,4278890000.0,2376.3818922728556,2378.9070271980418,2355.647501985613,2358.770527442873
2017-03-22,3575160000.0,2359.5093358757927,2365.8231820342367,2342.8736120269377,2351.255460113753
2017-03-23,3262400000.0,2350.347305829952,2359.0273671940286,2342.5914281511295,2349.2695525445506
2017-03-24,2978530000.0,2348.994553537729,2356.756457234571,2338.7148938222863,2345.1964941493475
2017-03-27,3242300000.0,2341.4708782954094,2351.0081003881533,2330.820008475888,2341.936994365424
2017-03-28,3369120000.0,2337.292646190249,2353.067035820772,2330.035767750143,2346.3814432020454
2017-03-29,3107670000.0,2342.8356719269727,2357.1621766009207,2339.9569153932616,2352.182548750456
2017-03-30,3159680000.0,2353.605621665758,2362.430877680052,2350.3764457500856,2357.2195256297196
2017-03-31,3356740000.0,2356.4181912701097,2363.8168625253606,2352.196023148915,2357.7729083133977
2017-04-03,3418730000.0,2357.59845022329,2363.4477354972296,2348.9529529649794,2358.36709051734
2017-04-04,3208340000.0,2356.1968954647314,2362.742308487216,2349.1250030647925,2359.314124991998
2017-04-05,3780650000.0,2361.2387551632974,2368.0341255250187,2350.798095454273,2356.5244502111054
2017-04-06,3203250000.0,2358.0986207312726,2367.7156296393778,2350.7811504839437,2356.5082485931302
2017-04-07,3054700000.0,2358.08027647614,2365.113106430228,2351.0043348981553,2355.412649058881
2017-04-10,2792570000.0,2356.7274721475537,2364.5648415199557,2349.3294954137286,2354.5888541522013
2017-04-11,3120900000.0,2354.5169550643177,2361.487851167232,2343.6830392659913,2355.4944363354352
2017-04-12,3201300000.0,2352.9304799676293,2358.41466473281,2344.105985559446,2353.44186955514
2017-04-13,3146380000.0,2349.6413719349034,2355.971911194667,2340.243924917572,2344.619170579108
2017-04-17,2826890000.0,2345.013271151691,2353.8430682586477,2339.5535686498597,2346.784042799003
2017-04-18,3272210000.0,2344.170551045458,2352.0466217054304,2336.441785560824,2346.034024378546
2017-04-19,3521160000.0,2346.115349359277,2350.9756893562544,2335.8327219510543,2342.900549654689
2017-04-20,3648990000.0,2344.5437491011994,2356.3612573994237,2337.4103033694064,2346.838783514579
2017-04-21,3524160000.0,2348.685866135086,2356.5892961227373,2340.93916829912,2348.6204186660198
2017-04-24,3711170000.0,2360.872926618302,2367.648567705436,2357.191715978942,2363.2302971022154
2017-04-25,4005820000.0,2374.424734596781,2382.0959786294225,2371.488944266868,2376.1907908397284
2017-04-26,4111350000.0,2383.1659231955,2389.9809341004643,2379.6108160901,2381.1861250395978
2017-04-27,4099940000.0,2384.444272399651,2389.683938355588,2379.3056288569196,2382.8245982746694
2017-04-28,3721350000.0,2388.470462043366,2390.830805481175,2381.1713346998654,2382.9324863233837
2017-05-01,3201500000.0,2389.0600108495846,2393.1626679794153,2383.11067875333,2385.8861236046373
2017-05-02,3861360000.0,2390.1722948261804,2393.8284999907655,2385.5425627954914,2389.17817721142
2017-05-03,3896760000.0,2386.808003315239,2389.874392597973,2380.477139889345,2387.4112203191976
2017-05-04,4367860000.0,2385.774968246429,2388.340312612134,2377.692610294209,2386.7339044341024
2017-05-05,3543240000.0,2388.827218583022,2393.111754646497,2383.233325223779,2391.5139944271004
2017-05-08,3429990000.0,2394.2380570052883,2397.7678612705918,2388.7694233025063,2396.478456748953
2017-05-09,3657840000.0,2399.357641706726,2401.6620470832163,2392.2897102648794,2397.5779415249885
2017-05-10,3649370000.0,2399.200799471879,2401.4616082284056,2392.6127495687497,2398.591964675623
2017-05-11,3727710000.0,2397.358930864551,2399.191247284591,2388.6994648421914,2398.184827722459
2017-05-12,3304620000.0,2395.4677638623734,2396.841997261391,2387.9717489621703,2395.7131238393313
2017-05-15,3490080000.0,2394.92033519026,2399.236796499238,2390.525905439445,2398.4566290495263
2017-05-16,3421810000.0,2398.473899824563,2403.445163308032,2393.74166873987,2400.4108134089965
2017-05-17,4164760000.0,2393.2781221227524,2396.0752084269543,2378.818510638054,2382.4801410361574
2017-05-18,4319440000.0,2371.00153443005,2382.9545652071797,2358.978857268793,2369.2444998990873
2017-05-19,3831700000.0,2368.9709933383197,2386.395226985929,2366.5881492514395,2376.257364322761
2017-05-22,3176580000.0,2380.0226340754234,2392.7576003828217,2381.2445086333328,2388.8591851402034
2017-05-23,3216560000.0,2390.742233898435,2396.3261007687515,2386.5642837794,2393.8653711103975
2017-05-24,3389240000.0,2396.2998788591594,2398.1124154516665,2388.83841553474,2393.5030683855075
2017-05-25,3538210000.0,2395.1394889744543,2404.7876302173463,2392.7076560916134,2400.4782278486696
2017-05-26,2806930000.0,2404.737896017648,2410.174771801758,2403.0935611742007,2406.659231670234
2017-05-30,3205860000.0,2407.9178886595105,2411.8309249396566,2405.5683022467756,2409.7464319763008
2017-05-31,4518040000.0,2413.187229888014,2414.654055892535,2407.1461443643725,2411.7504686811576
2017-06-01,3860620000.0,2415.939163623054,2422.514231125764,2411.120790100331,2421.3617138906457
2017-06-02,3465500000.0,2425.5738981361933,2433.8678153551796,2421.522927751629,2432.7770514125104
2017-06-05,2916720000.0,2433.0371548355106,2438.2521371447347,2428.697642393863,2436.329507075861
2017-06-06,3376750000.0,2434.6257628784256,2437.59775602243,2429.556577816939,2433.3078540669626
2017-06-07,3576220000.0,2433.868732424155,2436.669301127164,2427.2441506779523,2432.6395848422662
2017-06-08,3735980000.0,2433.8858335416353,2438.459590689349,2426.903797543305,2434.400784056258
2017-06-09,4029860000.0,2435.5509367084605,2441.8454655188593,2421.7098175710726,2432.073202014121
2017-06-12,4031840000.0,2430.9055173117354,2436.706598911374,2421.8185329027688,2430.8585417257254
2017-06-13,3278240000.0,2432.314134699051,2438.6254948198916,2426.1865146126206,2434.918348782095
2017-06-14,3558640000.0,2437.9219112355395,2442.176601535076,2429.3718962710836,2438.0977212156768
2017-06-15,3371980000.0,2435.0330020335114,2441.253529596916,2425.817491269972,2437.3689636983336
2017-06-16,5299380000.0,2431.5268244789613,2436.395619819908,2421.52338056374,2433.825966879756
2017-06-19,3271480000.0,2434.8606989882255,2442.503533281966,2430.5190986959387,2442.259400140659
2017-06-20,3422700000.0,2444.284477695904,2448.692783340479,2435.9113515425342,2440.9974109803575
2017-06-21,3599190000.0,2442.1431629016124,2445.664426207424,2433.787261925194,2438.790137299494
2017-06-22,3477250000.0,2438.851932440779,2442.59296962262,2432.442525757843,2436.0575978521592
2017-06-23,5282460000.0,2437.716614991086,2443.0038116028954,2434.9014295633815,2439.16349746635
2017-06-26,3243660000.0,2441.8945207954075,2448.076032853682,2437.8438171062685,2441.1678094712934
2017-06-27,3564770000.0,2442.2915703398803,2447.230914530417,2432.962979029671,2433.524834448001
2017-06-28,3479980000.0,2437.2856235529994,2445.4733624412374,2430.8500820580393,2436.191410904075
2017-06-29,3869560000.0,2439.399530753075,2444.608316727465,2421.302254160491,2431.8488891073043
2017-06-30,3366030000.0,2436.506416848921,2440.8253206656623,2420.8458384587966,2428.490195299181
2017-07-03,1901480000.0,2433.963547378317,2439.155847440037,2423.0197287657375,2427.08838323055
2017-07-05,3368150000.0,2431.726181657791,2437.2141053747437,2422.938471848608,2428.6132122155827
2017-07-06,3368710000.0,2428.6477507380414,2432.526308095115,2416.895188092223,2422.0389259734875
2017-07-07,2929390000.0,2422.5572459866066,2429.4119094899143,2413.7841802061776,2420.887229940083
2017-07-10,3009880000.0,2421.4825298435094,2429.200099163243,2416.5723809622064,2422.276751338691
2017-07-11,3108800000.0,2422.2953979708873,2428.3394466339055,2414.5713236703177,2422.9854896628985
2017-07-12,3176900000.0,2427.8277319031004,2433.851998727822,2420.1548930425033,2430.2862504705286
2017-07-13,3068510000.0,2435.8248830580987,2441.333810319442,2431.981033789779,2438.9223689937526
2017-07-14,2738460000.0,2441.2054429710306,2451.954561660023,2439.062443783436,2449.112468147578
2017-07-17,2800580000.0,2450.559185618404,2457.972055651165,2448.1041410033467,2453.966789700862
2017-07-18,2974090000.0,2453.498197200895,2459.4187630161755,2448.9458647074703,2457.6205952543055
2017-07-19,3063810000.0,2459.358537871405,2466.9122452119936,2458.0521744796956,2466.859175823545
2017-07-20,3223820000.0,2468.7938753381572,2474.2968467754968,2464.2865944665,2472.3860881340834
2017-07-21,3066880000.0,2471.5406886452297,2476.0855786462926,2467.29223372329,2474.0918382645964
2017-07-24,3019920000.0,2472.3003395132278,2474.56803373037,2466.2819039437813,2471.780976365763
2017-07-25,4116360000.0,2474.794034224745,2477.2302208716965,2469.7585619824854,2473.462535712017
2017-07-26,3597830000.0,2477.377933063186,2479.0370093074353,2471.2491546900997,2475.9590781578727
2017-07-27,4035740000.0,2479.645676911182,2481.482342821853,2470.0406120072653,2478.497261842379
2017-07-28,3302850000.0,2477.9373500480683,2481.156333198916,2469.8759591026474,2478.751053919312
2017-07-31,3475930000.0,2479.352278269188,2481.372267443032,2470.752534605446,2475.238059595458
2017-08-01,3470260000.0,2479.613371415795,2480.959547790429,2472.248492910216,2475.308971211355
2017-08-02,3487150000.0,2479.908895633646,2480.0890724617007,2468.84151451094,2475.6452282776504
2017-08-03,3662410000.0,2477.7938504002077,2477.939917367667,2466.7354253017106,2473.101407868561
2017-08-04,3239980000.0,2475.0063134372153,2476.5979357589226,2467.5255645646967,2473.0868485279802
2017-08-07,2935130000.0,2475.09619112559,2478.164591142355,2471.354669228172,2476.1786661190613
2017-08-08,3347480000.0,2475.9560653344515,2484.10144208737,2470.955111120071,2476.3763846728693
2017-08-09,3310960000.0,2471.5116536829805,2480.5948913802818,2467.559371975119,2475.8130830053306
2017-08-10,3635820000.0,2467.995002442905,2472.862599780696,2452.5403747400364,2456.938357395534
2017-08-11,3161830000.0,2454.4916249535677,2459.0500758000667,2444.5807514515236,2446.9937734881255
2017-08-14,2824320000.0,2454.6898967716347,2465.046706231792,2450.9005684926033,2457.648635448209
2017-08-15,2922430000.0,2461.1307455051347,2468.155347464608,2455.7024271494806,2461.3109087770795
2017-08-16,2956570000.0,2467.2498890906336,2470.4337469880466,2459.2261078262304,2463.7038958890776
2017-08-17,3164950000.0,2463.0835121497253,2465.5268775982186,2444.456114500206,2444.7551259695406
2017-08-18,3426970000.0,2444.897221574922,2453.4525996933808,2431.44698958494,2434.6184004818742
2017-08-21,2803650000.0,2433.50159312706,2441.6198771767076,2425.4310259633453,2433.4210379679835
2017-08-22,2780990000.0,2437.521800909734,2450.977393098599,2434.318176113902,2445.462682571308
2017-08-23,2796950000.0,2441.608020177839,2450.2392170628127,2433.4005671432838,2442.8057433884655
2017-08-24,2849680000.0,2443.2042670159767,2448.0800368599316,2433.718676958934,2434.611017100728
2017-08-25,2593350000.0,2437.9702505047085,2444.3139179062655,2430.181794908437,2433.5806528894095
2017-08-28,2682920000.0,2438.5052705233743,2445.7552734232627,2434.741933874865,2439.8913132374773
2017-08-29,2739460000.0,2436.9151132865495,2447.093436472677,2431.3101773897597,2442.8312058719653
2017-08-30,2637780000.0,2439.2758449862636,2451.8010675059336,2436.316009934788,2449.3893126258604
2017-08-31,3353860000.0,2452.3848086920916,2463.369785449354,2448.4545776351306,2459.8153986771244
2017-09-01,2712780000.0,2466.1270584448353,2474.971889520078,2466.823204038649,2471.364873045186
2017-09-05,3502190000.0,2469.4876426229034,2473.3565648499807,2457.1043198879784,2465.726995216637
2017-09-06,3400200000.0,2463.9797817597537,2472.252567473957,2454.9406685369713,2465.120799634258
2017-09-07,3365780000.0,2468.0538818822006,2470.6402038794076,2458.710090580626,2465.5690060242714
2017-09-08,3308360000.0,2466.8924022955516,2470.165768843755,2462.589639720591,2465.127619460131
2017-09-11,3293460000.0,2470.9159070374762,2477.548314470359,2464.7529326484605,2472.4625897377086
2017-09-12,3234280000.0,2478.3973799945993,2486.4875587182555,2475.162613536408,2484.252525784312
2017-09-13,3371370000.0,2486.137338157284,2491.359693530501,2483.5562119095453,2491.5443372592226
2017-09-14,3422470000.0,2489.163402398864,2493.6935552234677,2487.3717135870493,2493.89459964784
2017-09-15,4862970000.0,2493.6094160155967,2498.8044884489814,2491.7147278829516,2498.712386453652
2017-09-18,3204700000.0,2499.8529582986766,2505.280981773361,2497.8126296131954,2503.6459008345855
2017-09-19,3253760000.0,2504.8329890566874,2508.8716972115867,2503.023210606386,2507.5052178614255
2017-09-20,3584570000.0,2507.446823708778,2509.9172951146606,2502.779070588189,2509.231594874055
2017-09-21,2965590000.0,2508.4208098139875,2510.135450122182,2501.996336188688,2507.565981532933
2017-09-22,2877980000.0,2505.0912859309774,2508.50213506229,2501.2498885283685,2506.326583598237
2017-09-25,3314530000.0,2503.4073694126446,2507.0519923653114,2497.0443324767048,2503.446378303616
2017-09-26,3070770000.0,2503.2086449661556,2505.8856820869105,2495.9551105788037,2500.9555156790943
2017-09-27,3485070000.0,2503.939197177305,2508.7512449356186,2495.9672912034957,2503.4571503263187
2017-09-28,3173030000.0,2503.6235380983367,2509.8706744831215,2498.612858443248,2506.2609296131504
2017-09-29,3220260000.0,2505.511658294938,2513.7286770521296,2502.6055846977915,2512.9777992646827
2017-10-02,3226370000.0,2513.1755664450793,2521.873408226643,2511.8865326063656,2521.861962763977
2017-10-03,3073480000.0,2524.0046960506306,2528.8241644862464,2520.4075018926223,2526.686963928607
2017-10-04,3020770000.0,2527.7100061737005,2533.961503959924,2524.618127119075,2530.202460756004
2017-10-05,3059730000.0,2530.776516912954,2538.423048994053,2527.8723871497004,2537.677647809764
2017-10-06,2898270000.0,2538.0474442918476,2545.373484091915,2536.260250195897,2544.685522571279
2017-10-09,2486940000.0,2545.555729815863,2548.5001141433986,2540.292467534727,2546.0548821489315
2017-10-10,2962610000.0,2549.9699939463862,2553.239287778819,2544.3707032051093,2549.5387037139158
2017-10-11,2991320000.0,2552.01525629914,2555.5093732079044,2547.5217464191796,2553.336441818505
2017-10-12,3157280000.0,2553.4782659946954,2556.4160967007374,2548.6568099364954,2552.973852078476
2017-10-13,3150470000.0,2554.7585145269695,2556.2107136292498,2549.791443949177,2552.1312921207455
2017-10-16,2918030000.0,2554.799695518777,2556.9925774589606,2550.863592732031,2553.5902504549413
2017-10-17,2901890000.0,2555.234718650862,2557.0803542725002,2551.7962138608664,2555.18030281943
2017-10-18,2999320000.0,2557.4091874378,2558.6749896873353,2553.96284008797,2556.0882161985287
2017-10-19,3019520000.0,2554.129833125559,2559.132355012128,2549.845357115942,2557.2757455660762
2017-10-20,3394450000.0,2557.81732772834,2564.7538826027353,2555.4074695333798,2563.7283976101453
2017-10-23,3214470000.0,2566.7899434733768,2571.181323196599,2559.6639212947216,2565.402827022685
2017-10-24,3435660000.0,2568.6423973095666,2572.368503701095,2562.5822703107897,2567.5421536150347
2017-10-25,3885470000.0,2568.809981947702,2571.613803502728,2557.5673157732285,2564.7056797719065
2017-10-26,3891750000.0,2566.6382478894466,2570.083620627187,2557.3220181146635,2563.4611054077386
2017-10-27,3896100000.0,2568.08460397506,2574.87241513349,2562.0894680589117,2569.9135179660766
2017-10-30,3660230000.0,2572.8482608817358,2578.117319254102,2566.8485886307885,2572.9123699380225
2017-10-31,3844420000.0,2575.034223619741,2578.3851937428417,2568.6966182855745,2574.1874879545744
2017-11-01,3841200000.0,2578.376585363182,2582.1181541318792,2571.650445198125,2576.4143630607787
2017-11-02,4050140000.0,2580.0360796999435,2583.1731166433715,2571.3920547394764,2579.267437834282
2017-11-03,3568710000.0,2582.1517631768425,2586.2331533651463,2574.152885144357,2583.518002883305
2017-11-06,3541970000.0,2585.1119221296976,2588.845992359582,2578.797662534532,2586.4512389561355
2017-11-07,3815190000.0,2588.1468697843434,2592.16707460647,2581.4327804509326,2587.848801708767
2017-11-08,3898450000.0,2588.5139414505247,2593.0876354347547,2581.8476511898775,2589.5735282961077
2017-11-09,3844100000.0,2586.393040287901,2590.420428150759,2575.0923756902102,2587.6106408263345
2017-11-10,3489740000.0,2583.351912291659,2587.5597511093024,2574.5043225602176,2585.5429999594453
2017-11-13,3405200000.0,2580.9263712484985,2588.284454375536,2575.7327252690525,2585.6615659174236
2017-11-14,3643580000.0,2580.7017237727496,2586.162361820801,2573.3670085205426,2584.0791597285092
2017-11-15,3586590000.0,2577.261214075293,2581.67325971834,2567.515869113915,2577.531588584863
2017-11-16,3329730000.0,2575.778944336605,2584.209352904219,2569.1332746979906,2580.157890993485
2017-11-17,3309800000.0,2578.5207528814576,2585.366872441829,2573.7574479071604,2581.162730002412
2017-11-20,3023940000.0,2580.471474788892,2585.754749497697,2577.289858356248,2582.408478398811
2017-11-21,3351230000.0,2584.4800738680033,2591.7700134027873,2581.780216455188,2589.3339018997704
2017-11-22,2764110000.0,2591.159829898385,2596.376753635207,2587.1365757491344,2593.68395249703
2017-11-24,1385890000.0,2595.539551513343,2599.7538669625646,2593.266448177662,2597.0926597088505
2017-11-27,3017720000.0,2597.404005419048,2600.801951445958,2594.2753953007327,2598.330065678154
2017-11-28,3493340000.0,2600.910081749763,2612.6382296436905,2598.734190844582,2608.7030219735984
2017-11-29,4090630000.0,2613.1762512096375,2625.365507870795,2608.2071838820457,2618.8016874770456
2017-11-30,4965700000.0,2627.2342224080894,2644.4972433946045,2622.9070462660648,2633.8727315665164
2017-12-01,3950930000.0,2637.294862539993,2646.9893544535853,2615.8454728806714,2637.736970530675
2017-12-04,4025840000.0,2647.275577886576,2656.967025649248,2624.5683738539537,2640.1251286862066
2017-12-05,3547570000.0,2646.531625066934,2654.9950008551664,2626.6899562306376,2633.452032249185
2017-12-06,3253080000.0,2633.5999709484545,2641.9893648255343,2627.8540723485485,2629.521314523811
2017-12-07,3297060000.0,2627.811795762876,2639.297610028712,2626.8571828378235,2633.298463497934
2017-12-08,3126750000.0,2640.3154520140733,2646.1984441083987,2634.1508178179665,2640.2162417808154
2017-12-11,3141480000.0,2644.775220378974,2653.066219439193,2643.513584454488,2650.300120171061
2017-12-12,3568910000.0,2656.916733979279,2665.6766150510716,2652.444387608113,2658.173116210958
2017-12-13,3568360000.0,2660.582266833998,2668.0555082208066,2656.460883058381,2660.2442550302944
2017-12-14,3442760000.0,2664.5969187923974,2667.725942401613,2658.124726095501,2660.5002823080617
2017-12-15,5736910000.0,2665.3137977822057,2675.362969870127,2660.3077835362265,2668.4964368969045
2017-12-18,3727770000.0,2676.6098963609065,2689.6346330884803,2670.0147153729667,2682.53631850942
2017-12-19,3407680000.0,2688.3785678765325,2693.137722100081,2677.0603080048563,2681.5922541304817
2017-12-20,3246230000.0,2687.7281147065355,2691.9924096884356,2676.5070082966586,2678.3538430842978
2017-12-21,3293130000.0,2684.0930716148096,2691.706721092989,2678.1800334138757,2681.696141516295
2017-12-22,2401030000.0,2685.876566969323,2691.9030360213983,2680.2707250470166,2685.282211936609
2017-12-26,1970660000.0,2685.7502074061235,2689.2591792344933,2681.4928429091465,2685.150227142004
2017-12-27,2202900000.0,2685.5961783337393,2687.8613376064723,2681.22342107332,2684.8404923595567
2017-12-28,2174890000.0,2685.4721903756777,2687.52683850755,2681.9411794686134,2685.4863107229266
2017-12-29,2447760000.0,2686.3563765719905,2688.657322527575,2680.0843959095405,2682.3318168460255
2018-01-02,3397430000.0,2686.140546920937,2691.4265937450946,2680.4956909283505,2686.0419909058382
2018-01-03,3544030000.0,2689.8736025333983,2701.548760807007,2686.6120911051275,2698.541448538086
2018-01-04,3697340000.0,2703.5712924138656,2714.4753549665074,2702.9769440889113,2711.2806791602534
2018-01-05,3239280000.0,2719.999817794134,2731.575000141816,2716.19279512845,2727.5940268883032
2018-01-08,3246160000.0,2732.992224943216,2741.113326301417,2726.1625204183924,2738.1772712883653
2018-01-09,3467460000.0,2743.5850782243892,2751.983058343785,2737.2088699163032,2746.132855450947
2018-01-10,3579900000.0,2746.4840392906294,2753.881842707848,2739.31705185322,2749.7465885180545
2018-01-11,3645690000.0,2752.0708391089274,2762.0230486935084,2746.2942171593377,2759.132313983848
2018-01-12,3587220000.0,2762.0957470749804,2775.878776495502,2758.75571395142,2773.7895452150533
2018-01-16,4362880000.0,2783.857240272667,2796.223372350699,2766.775246946475,2778.5856566376888
2018-01-17,3790340000.0,2787.021026063999,2802.9769228725286,2772.2824202472116,2788.53890644075
2018-01-18,3703300000.0,2792.733875179221,2803.8367117898474,2781.6470030521696,2794.8754316628897
2018-01-19,3724230000.0,2799.3984318206544,2807.640509766269,2791.3177276511574,2802.456644364733
2018-01-22,3489480000.0,2805.7693840852353,2821.985744106611,2799.746385324455,2816.596505287265
2018-01-23,3541140000.0,2819.785410038021,2832.6499330013394,2812.8353881561757,2827.0827587666536
2018-01-24,4079270000.0,2832.9876661423336,2842.6565192427834,2818.2858654593056,2831.403904248798
2018-01-25,3873100000.0,2839.1267083020093,2844.929461937505,2823.6839895508933,2836.32190803892
2018-01-26,3474680000.0,2843.0575211437786,2858.0661061016144,2833.552653674343,2851.820620739248
2018-01-29,3587420000.0,2854.863733831767,2867.1370655042856,2843.3378641067793,2857.2426663104075
2018-01-30,4012070000.0,2851.8570836484564,2856.883013068617,2839.3916497631344,2843.530250371295
2018-01-31,4276270000.0,2840.3041501092,2844.1732794329037,2822.960792458535,2829.231451206919
2018-02-01,3977380000.0,2826.8810712225754,2840.587338453697,2818.019838689032,2827.349769139302
2018-02-02,4340220000.0,2819.7184177825357,2829.0377237577663,2787.83658973352,2793.605957212646
2018-02-05,5310840000.0,2771.689210887361,2790.922497749899,2677.7971935055257,2683.73311200751
2018-02-06,5917350000.0,2647.4508165210827,2731.489612770126,2609.4237806238757,2702.845843127128
2018-02-07,4646300000.0,2693.2258795139837,2727.974278359477,2675.3572717454317,2686.8687423322813
2018-02-08,5333840000.0,2684.0646211645,2704.083944869029,2594.4321797669754,2606.903902932952
2018-02-09,5690110000.0,2608.3731936004583,2658.4260512210944,2551.4955044573326,2606.110506980497
2018-02-12,4069220000.0,2614.73186655509,2658.1174730436387,2596.4654208153393,2632.2127393019346
2018-02-13,3503540000.0,2626.104188214282,2660.284940784512,2616.215773616567,2659.471709969033
2018-02-14,4011940000.0,2653.372583947556,2686.8012313432964,2648.8943764445753,2684.1771466967325
2018-02-15,3696140000.0,2691.340829243172,2719.7990317060976,2665.5765952384436,2705.7660877877756
2018-02-16,3646920000.0,2707.464862354177,2732.695097732157,2695.284999323954,2724.3936368701143
2018-02-20,3646920000.0,2719.9056757963913,2741.5556250583786,2713.883188152293,2723.3357923842345
2018-02-21,3789040000.0,2720.1118450012914,2742.8159719026153,2710.6525381631436,2708.8708565898014
2018-02-22,3720620000.0,2717.1577443150277,2735.500138416516,2703.463201448031,2706.641214684414
2018-02-23,3200360000.0,2722.373651574145,2751.6242070384287,2716.1473852632134,2735.4885338594663
2018-02-26,3436590000.0,2746.8632986322973,2770.697957957385,2740.136141093669,2767.6629190135695
2018-02-27,3752070000.0,2772.0611629758014,2787.25550960139,2753.1631439769812,2757.3456948010094
2018-02-28,4244570000.0,2765.527759865652,2770.0901333694956,2721.5485383036903,2718.5529885036635
2018-03-01,4514490000.0,2726.6985271690555,2743.0782325419027,2681.289317873338,2696.313740880007
2018-03-02,3891250000.0,2680.6553489192574,2708.5766919157586,2647.6811693694403,2689.065644733295
2018-03-05,3733640000.0,2674.151529067552,2722.1958480552084,2675.750071492509,2721.1960678126393
2018-03-06,3389030000.0,2720.4414722619977,2736.1871978722993,2705.371478973103,2726.8758358788195
2018-03-07,3406690000.0,2712.311187078634,2732.628671594296,2703.9147056857996,2722.109617154487
2018-03-08,3206040000.0,2722.0015169987914,2729.699486444055,2705.5406409637494,2722.407904026664
2018-03-09,3376870000.0,2731.0818615607477,2762.8895131630525,2730.1491417937796,2763.7117840959686
2018-03-12,3216960000.0,2773.4771279094807,2790.6930435736354,2768.669808901226,2785.3006496965363
2018-03-13,3324290000.0,2797.0392531353464,2801.765179136049,2772.315413410393,2776.060801365558
2018-03-14,3394630000.0,2786.274081123797,2789.474741366844,2755.8471388286343,2760.491347339938
2018-03-15,3543710000.0,2764.7685841589328,2773.787775597002,2748.288840403953,2754.5980766846315
2018-03-16,5429140000.0,2756.668882840671,2765.7391115337123,2757.766621639874,2761.4713908467274
2018-03-19,3327460000.0,2756.727196467501,2761.3828791942915,2727.0550070231643,2738.1441098764312
2018-03-20,3272590000.0,2734.455262907926,2738.9364075799494,2710.314922664325,2718.682588648443
2018-03-21,3434780000.0,2715.794382468443,2734.9695498628776,2709.0127261705543,2716.001308319698
2018-03-22,3765460000.0,2700.845528741387,2712.037919291723,2669.461864223483,2671.4656831751035
2018-03-23,3829380000.0,2670.185142900722,2680.815627105055,2620.3798870308187,2621.111208781942
2018-03-26,3538080000.0,2636.311494057739,2662.1700341081064,2603.1354588311847,2652.0034303467573
2018-03-27,3761320000.0,2657.3342747807797,2671.3688009329157,2607.9897590676333,2630.3767925367265
2018-03-28,3875720000.0,2627.536268672617,2646.397978508625,2598.4848556657616,2613.5519884241594
2018-03-29,3572360000.0,2617.672699270944,2648.957530468353,2599.4724118317868,2620.4991109370617
2018-04-02,3635780000.0,2620.723587443736,2642.176928573038,2569.299436013833,2602.4975119658384
2018-04-03,3395840000.0,2612.0622143433284,2634.311018179135,2575.0158163252145,2609.0569125771713
2018-04-04,3369230000.0,2596.998063415117,2634.210573630031,2569.3301805538777,2622.073124936639
2018-04-05,3230430000.0,2629.109918723455,2651.119765180057,2617.404551077761,2648.6921515658255
2018-04-06,3312390000.0,2639.445990692794,2657.414580686915,2591.681747376507,2617.6370194836577
2018-04-09,3076140000.0,2624.6068909916894,2651.5281267475852,2597.1567282915307,2610.800913872334
2018-04-10,3579130000.0,2623.559146820954,2659.2923154732807,2618.498901513693,2647.857367461141
2018-04-11,3054520000.0,2641.475915845807,2667.4428034297516,2641.373769305641,2654.293129389429
2018-04-12,3045330000.0,2660.3331566350457,2675.6554526188875,2652.358631584369,2658.9373206288715
2018-04-13,2988540000.0,2668.1397944810074,2680.477656764762,2653.3602304750975,2657.9986583133887
2018-04-16,3020740000.0,2672.4717986904197,2685.8976649126334,2663.134115155663,2671.4743622279675
2018-04-17,3286190000.0,2686.136942968894,2700.77846678595,2681.6298481654217,2692.022215755176
2018-04-18,3412030000.0,2701.4206844589867,2712.801852259612,2696.917408572005,2703.9865714327925
2018-04-19,3375120000.0,2705.822257910956,2710.389807913995,2694.6630863417377,2699.6624639266033
2018-04-20,3428260000.0,2700.843769293778,2700.719633395226,2670.7063520324864,2683.4324103019244
2018-04-23,3030390000.0,2682.891803975165,2687.0541213208726,2660.380821678368,2674.996405465783
2018-04-24,3716020000.0,2682.7114725418814,2691.1754862675575,2640.477306385955,2656.2639089257495
2018-04-25,3563680000.0,2663.206684936409,2671.253890995028,2627.1271042398835,2650.532808710384
2018-04-26,3690920000.0,2655.89743750251,2670.8469268962745,2633.840623433827,2653.592070258339
2018-04-27,3234510000.0,2661.1841802461317,2671.522721819364,2649.375622203357,2664.395868247862
2018-04-30,3749510000.0,2675.81686379187,2678.604462897289,2647.308177494525,2650.859459172525
2018-05-01,3562820000.0,2652.5564649488506,2660.5870706086735,2622.158691850768,2644.272254513324
2018-05-02,4047020000.0,2645.614178199892,2657.1233708039927,2626.304521195335,2640.4346443325708
2018-05-03,3867530000.0,2637.343609418651,2647.3385787502084,2610.606720916341,2636.221143061918
2018-05-04,3335260000.0,2630.050903305297,2659.2047605302196,2615.8740496580476,2648.0324251764673
2018-05-07,3266810000.0,2655.7186020757676,2673.515819498443,2640.3076752415636,2663.5409947413787
2018-05-08,3745100000.0,2668.426934992419,2677.8931105707074,2657.0170947633906,2671.955759854306
2018-05-09,3913650000.0,2675.2925084213625,2688.1581972254307,2668.007147747377,2684.3175031788733
2018-05-10,3380640000.0,2687.7908768824386,2709.946939074651,2679.4006583986866,2702.547008399456
2018-05-11,2874850000.0,2704.859096094609,2721.363191473131,2701.7835622927437,2716.1327517736754
2018-05-14,2994360000.0,2725.7740905509822,2733.313982772621,2716.3709957675155,2726.444517886307
2018-05-15,3291190000.0,2725.6158488495844,2728.320378987897,2713.319403210679,2720.1464140560106
2018-05-16,3248480000.0,2717.9851490886417,2729.141764223741,2714.864400662133,2724.7038838683325
2018-05-17,3478150000.0,2723.0744861150574,2734.9833332833377,2718.431339186818,2725.954536220668
2018-05-18,3383270000.0,2722.6079328718274,2727.296282054887,2714.7317933044205,2718.220293415484
2018-05-21,3053480000.0,2727.815424108647,2730.6087253356473,2717.6071238560094,2722.4173711859676
2018-05-22,3384140000.0,2730.676635755448,2733.659096809589,2717.6393031010753,2721.8514403544405
2018-05-23,3333160000.0,2722.03500440466,2733.1186315562513,2712.411428826534,2723.9327131060572
2018-05-24,3285750000.0,2721.292428065596,2727.993988862311,2703.567079149381,2721.0624234085994
2018-05-25,3015260000.0,2718.268240018071,2723.806361141149,2702.833217534575,2718.2177836181395
2018-05-29,3743310000.0,2711.722606866224,2721.1579815104806,2696.3051358053244,2709.9703434952694
2018-05-30,3566490000.0,2708.336503327805,2723.733790366139,2695.6841548647903,2714.4280270019644
2018-05-31,4241100000.0,2710.6171902603373,2721.6624086110587,2695.8264631072616,2709.553913870879
2018-06-01,3694310000.0,2716.591761498916,2730.1508568158756,2709.9552093010143,2724.482848762328
2018-06-04,3410090000.0,2731.677327848893,2741.0761313862645,2727.5208053516394,2736.944073781056
2018-06-05,3523550000.0,2740.28106345319,2747.7811512292296,2734.8227340007893,2744.726888350023
2018-06-06,3662780000.0,2748.647863015463,2760.8486390026546,2743.8159236026354,2758.5018936412744
2018-06-07,3742080000.0,2762.352867037627,2770.377277936846,2752.183239455826,2764.260782705401
2018-06-08,3138850000.0,2765.4241064912862,2774.8731178087423,2760.107475569161,2771.871939358908
2018-06-11,3262130000.0,2772.9197877350093,2781.4274572777,2769.0464007237038,2777.332120090389
2018-06-12,3435700000.0,2779.3525579183065,2788.2167000170593,2776.951453330311,2784.746476990667
2018-06-13,3820770000.0,2786.5954825962017,2791.9179768547706,2777.589741319806,2781.8230425958063
2018-06-14,3540930000.0,2785.597372342544,2789.9893287915784,2775.344520681475,2779.327337288931
2018-06-15,5451990000.0,2778.566187002376,2783.5632266700513,2765.6172897697243,2776.964243220212
2018-06-18,3316120000.0,2769.6405125825745,2776.177522023818,2758.5143143988093,2773.7936989518366
2018-06-19,3671160000.0,2762.007526866492,2772.8326310110283,2753.46837219233,2771.7715945316645
2018-06-20,3332140000.0,2768.099067133598,2776.292262475211,2760.273597480544,2772.0240691691793
2018-06-21,3336580000.0,2770.700450138991,2775.3691273424356,2756.0362267603796,2764.3421444642117
2018-06-22,5468110000.0,2767.2020278171913,2768.5943777347466,2752.021101166271,2757.572415299387
2018-06-25,3663280000.0,2752.6675094469856,2754.5006392919922,2725.756948876888,2738.3807759465044
2018-06-26,3568900000.0,2736.743946249916,2742.0917531220284,2717.534861401647,2726.6086805088944
2018-06-27,3803990000.0,2731.1038046226713,2741.349034964925,2707.113418286205,2712.9675600432533
2018-06-28,3461100000.0,2716.0373594952207,2733.5696396681133,2699.7279268719703,2711.193079826299
2018-06-29,3586800000.0,2717.1183425365653,2735.742602567478,2706.0558490383746,2714.797766409763
2018-07-02,3095040000.0,2711.5130479874138,2730.8591758439175,2703.821799813939,2722.1411707456045
2018-07-03,1911460000.0,2722.544002063775,2733.683967013085,2707.325214613708,2717.736259753143
2018-07-05,2980160000.0,2725.374345387235,2736.793244239166,2709.8931918423673,2724.385875000057
2018-07-06,2590250000.0,2728.6902353983696,2746.967767807657,2718.1308970834157,2737.2557378303654
2018-07-09,3070060000.0,2746.833871799624,2766.8907267074915,2742.907218437715,2763.7174053814033
2018-07-10,3080140000.0,2771.628679661056,2782.8731753317506,2769.1907610409294,2780.477865188477
2018-07-11,2986180000.0,2775.485879823047,2783.417087303838,2769.073817598356,2778.4988540116806
2018-07-12,2834230000.0,2780.388923508659,2792.26456377344,2777.906246340696,2790.629214174861
2018-07-13,2619790000.0,2792.0935090746384,2803.2614325217864,2789.453639512102,2803.611648430646
2018-07-16,2819860000.0,2803.6568565404464,2809.328867565037,2800.723208189135,2808.1785702383527
2018-07-17,3064920000.0,2800.7675092087534,2814.524579467669,2798.5986148904967,2809.312023918509
2018-07-18,3111560000.0,2804.5412686783475,2815.961231981248,2800.603741204963,2812.073183475482
2018-07-19,3278360000.0,2807.010677290632,2814.6910328019885,2800.181049944091,2809.368652764827
2018-07-20,3243250000.0,2806.182936481611,2811.1124035635817,2799.732412017931,2803.179048759528
2018-07-23,2928490000.0,2800.4218828951575,2808.8412761250615,2797.3036668071973,2806.055224358858
2018-07-24,3430410000.0,2809.8236862609556,2819.564426442911,2805.6967095242635,2815.2862432093657
2018-07-25,3584400000.0,2817.6476003960192,2837.391885574331,2812.600644981051,2833.6929475909924
2018-07-26,3667290000.0,2827.347384568105,2844.933083550448,2825.47085937289,2837.5323905478635
2018-07-27,3434370000.0,2835.9017830077455,2843.8572164543907,2818.312492221604,2828.9882322186395
2018-07-30,3261190000.0,2828.949234795598,2835.1922517611943,2808.0868369679306,2815.485451004976
2018-07-31,3906890000.0,2819.7255952272103,2828.1707526320947,2804.9163491558006,2813.649968720308
2018-08-01,3501350000.0,2818.039398310854,2828.235900889737,2806.2429959265464,2817.2994956502603
2018-08-02,3501380000.0,2813.585956714658,2831.127488237569,2803.839244028881,2822.000272400191
2018-08-03,3043690000.0,2821.0175247732923,2835.776402736691,2812.6661449970215,2831.9209304083042
2018-08-06,2879020000.0,2831.135380407268,2845.294377713903,2827.428684758234,2843.1129337553057
2018-08-07,3185440000.0,2847.4991190250903,2856.351003668651,2846.945125918608,2853.060108667388
2018-08-08,2978070000.0,2854.4293833226693,2860.789887635945,2849.3318060676274,2857.0073554253368
2018-08-09,3066180000.0,2855.4444207265947,2863.041962431788,2849.9233148503745,2855.944283100845
2018-08-10,3265590000.0,2849.822635855417,2854.5131811834767,2838.6108754141246,2844.041000290045
2018-08-13,3173630000.0,2840.1727493499466,2846.4454973766115,2824.1285748040186,2829.0373858166613
2018-08-14,2986500000.0,2832.2871430861096,2843.179614891197,2823.0503240149465,2832.2826696706225
2018-08-15,3656680000.0,2828.9306329240594,2836.3938196136414,2813.42439085141,2825.921260562884
2018-08-16,3232000000.0,2827.695349754084,2838.381519078318,2816.6604567914487,2828.1936625041885
2018-08-17,3037640000.0,2829.3816934386423,2844.116684188666,2821.1677533899365,2835.3063559099937
2018-08-20,2757150000.0,2838.932308080888,2852.247564151863,2834.49695907088,2846.9022807894903
2018-08-21,3174010000.0,2850.172224210598,2859.1651364982176,2845.7625911788195,2849.9486802378087
2018-08-22,2701250000.0,2851.034373500695,2860.5444503784215,2845.469311644907,2854.1574801648258
2018-08-23,2724450000.0,2855.0199557478495,2864.187384636901,2851.0576206459077,2855.0724029729113
2018-08-24,2603010000.0,2858.3738178877807,2869.7227238687183,2855.0007385575395,2863.4361280783473
2018-08-27,2865070000.0,2869.2114457004755,2882.2219978909766,2867.639749411665,2879.02050036467
2018-08-28,2687770000.0,2888.1415959369338,2896.8335801832973,2882.5538659812114,2892.678246334714
2018-08-29,2805520000.0,2896.6899764592863,2907.186436180546,2891.532312128155,2901.8102232349015
2018-08-30,2810450000.0,2902.096722405175,2911.0458369814,2892.638187714769,2903.429109917518
2018-08-31,2887220000.0,2901.9298499720508,2909.8046616215092,2893.240877585043,2902.309750545879
2018-09-04,3087420000.0,2899.049552142468,2903.598417004009,2887.3270438677687,2898.4606078137735
2018-09-05,3248780000.0,2893.6999671193867,2897.662669888049,2883.0438743247464,2894.43118501494
2018-09-06,3144240000.0,2893.049935675104,2896.9308173850886,2879.3720532742623,2888.6928017362334
2018-09-07,2976580000.0,2885.0077169298957,2895.069027153023,2873.787461953947,2885.2357814844504
2018-09-10,2751100000.0,2885.572640110216,2891.951063279447,2876.605544422939,2881.0311713386614
2018-09-11,2904500000.0,2879.0953469231226,2891.2578634682677,2870.6116927660883,2883.0038075211787
2018-09-12,3341280000.0,2881.3366076545185,2890.5248315075155,2871.419313551862,2884.629745079692
2018-09-13,3274090000.0,2887.4476633102945,2896.877940136017,2882.549117690017,2892.583698196446
2018-09-14,3179410000.0,2897.3803550392063,2903.5064910205865,2891.7056732188494,2900.6389648610348
2018-09-17,2967980000.0,2903.2088302742286,2905.5350972908072,2890.7832740946797,2897.1621391489603
2018-09-18,3091190000.0,2899.4338800485125,2909.2144241369447,2892.4293346728505,2901.517511788144
2018-09-19,3302460000.0,2903.920934455979,2912.5069083844664,2898.91539415514,2906.1177991903282
2018-09-20,3406520000.0,2911.3093495956523,2922.5867348635948,2907.405944339925,2917.856307337595
2018-09-21,5652470000.0,2923.7988913436207,2930.944360245812,2915.474086036721,2921.253794548619
2018-09-24,3392030000.0,2920.897030342748,2927.403348096963,2912.6845767818136,2919.553199266626
2018-09-25,3330880000.0,2919.378657426848,2923.528673067969,2912.4946156030774,2916.183108308124
2018-09-26,3417540000.0,2916.5013573446204,2926.471371192056,2905.8077551839974,2909.067200750147
2018-09-27,3101360000.0,2914.1994285927676,2928.176769861537,2907.945974490058,2911.4923787940097
2018-09-28,3461680000.0,2911.909246360335,2924.535853023787,2907.5289567821183,2912.5852311898875
2018-10-01,3375890000.0,2916.36854508775,2927.6603000218934,2909.7313108815993,2915.2477813913724
2018-10-02,3432620000.0,2918.261672281033,2928.4489762517865,2911.9413984139683,2917.508607359515
2018-10-03,3625510000.0,2921.6485862272607,2931.3156730221845,2914.183185733893,2918.468246308702
2018-10-04,3510370000.0,2920.205349285506,2926.727985127738,2903.937433176881,2912.3405418947905
2018-10-05,3340820000.0,2914.3812859734044,2919.445985665664,2885.7846834407737,2901.0050111100018
2018-10-08,3381820000.0,2898.521670422059,2905.091085041,2873.4065895360554,2892.1110454475497
2018-10-09,3531690000.0,2888.4226157001135,2900.79328524152,2876.583575875199,2890.2461953964416
2018-10-10,4554260000.0,2885.4796024522025,2890.3101907398127,2829.2320522623554,2829.7631413854647
2018-10-11,4914090000.0,2818.68592838628,2834.933035359503,2751.900441744766,2763.196363841946
2018-10-12,4024010000.0,2786.8200433645015,2793.9973479651353,2736.0759338860175,2769.4832024159773
2018-10-15,3327160000.0,2769.659144386183,2780.996638290931,2746.2299730680957,2761.7826549654733
2018-10-16,3460260000.0,2769.665596833592,2798.7534850938455,2758.91619498311,2787.721088202566
2018-10-17,3347090000.0,2790.8774975685055,2813.125856272185,2780.615696739653,2812.078646736037
2018-10-18,3639300000.0,2803.3133120857897,2806.8633834846487,2749.481513494096,2772.9877502885406
2018-10-19,3593940000.0,2780.8810331261243,2792.458179604705,2760.3882024898503,2775.487073704306
2018-10-22,3331270000.0,2780.2713773857586,2792.964956414342,2757.06982365904,2768.011592814411
2018-10-23,4373710000.0,2747.2082153589813,2773.9793837969505,2719.7719396147627,2759.1598613680035
2018-10-24,4738670000.0,2743.5232453220833,2754.0887507601083,2671.8738281592678,2691.56135818105
2018-10-25,4663930000.0,2703.6513490489024,2734.3967508359515,2667.194372245063,2695.2889331448873
2018-10-26,4804330000.0,2680.2210553338805,2709.8239022299863,2643.633502607292,2670.4654316938686
2018-10-29,4701260000.0,2672.563973396592,2699.99993918809,2614.7121246044608,2653.8873548277265
2018-10-30,5125600000.0,2656.458190476471,2692.4876758622227,2616.023404789086,2659.1748631055066
2018-10-31,5133380000.0,2674.3585096631036,2708.4802223844563,2664.3456055428765,2684.6639748757484
2018-11-01,4730250000.0,2696.770929706119,2728.25521664987,2695.60441776677,2720.1371173900457
2018-11-02,4261230000.0,2724.7405915159643,2741.7304052849354,2692.0403621811665,2717.4375309277398
2018-11-05,3650910000.0,2723.017498584114,2740.0977414646068,2699.5121305767802,2725.3367459183896
2018-11-06,3543800000.0,2729.9047372666028,2748.222315295977,2722.0174396162097,2741.7526789582166
2018-11-07,3929080000.0,2751.1083294146056,2785.810782540987,2762.1071683340197,2789.9904823904194
2018-11-08,3673550000.0,2792.8954787989824,2809.391002438986,2781.2848826496215,2802.3883642309665
2018-11-09,4029030000.0,2793.9225882276214,2803.1547162470924,2775.7227400911806,2792.081423004978
2018-11-12,3701570000.0,2782.4371624678392,2779.79702745873,2736.3080407966104,2743.089212768613
2018-11-13,4112820000.0,2746.5415701664724,2764.5756858129403,2720.2401583882897,2727.8848766022784
2018-11-14,4449060000.0,2738.7241335056856,2756.4489040807393,2706.2165860087393,2722.9090400244836
2018-11-15,4204960000.0,2725.4042080319496,2751.246007434636,2692.5299767261467,2731.461883245258
2018-11-16,3996970000.0,2719.132288799639,2747.6157210498186,2699.1673766646654,2729.489995461955
2018-11-19,3806940000.0,2724.776324557784,2741.215552775133,2691.581032997064,2706.0115964195124
2018-11-20,4370820000.0,2685.719096438078,2702.7115015081713,2659.15871453265,2662.85095593738
2018-11-21,3237400000.0,2664.066052604435,2675.731997757116,2641.2791522314533,2649.4294232605635
2018-11-23,1651680000.0,2640.403098761042,2655.1271717224663,2631.1020889623574,2643.8808476674108
2018-11-26,3523520000.0,2640.6220709305508,2661.4717252433225,2640.4374167143305,2657.3584715104325
2018-11-27,3494380000.0,2652.7077556209147,2668.236396247837,2644.6705100856275,2664.7428697347564
2018-11-28,3984540000.0,2669.247984122901,2713.834735836018,2664.7205284068864,2716.554197726328
2018-11-29,3599200000.0,2714.830130884549,2748.7393713271663,2701.5015535741272,2733.913632990984
2018-11-30,4668310000.0,2735.4151931986376,2759.7950892597755,2722.3767051601294,2748.874155876035
2018-12-03,4221580000.0,2758.3542208451445,2774.0305300967116,2741.5334678662684,2763.042337365863
2018-12-04,4515710000.0,2769.596194435955,2782.656507144117,2724.301444480519,2733.4006769670896
2018-12-06,5180430000.0,2701.68755800696,2724.1433357274814,2651.70485896335,2703.3455894554645
2018-12-07,4242240000.0,2685.4227176667587,2709.9458871696243,2619.3602573153,2651.714715820375
2018-12-10,4162880000.0,2640.6975621915794,2662.7349992316454,2597.4741943894796,2637.7650563355196
2018-12-11,3963440000.0,2654.7517728348953,2666.661125931945,2602.730849591594,2629.860323989897
2018-12-12,4029300000.0,2649.7283118649207,2671.704222013264,2624.2635767288275,2633.8630819770055
2018-12-13,3978340000.0,2642.681975297891,2663.040093409449,2624.238273284785,2633.0881196381483
2018-12-14,4064370000.0,2622.8648780443887,2638.2941707006557,2592.589071256042,2618.201820792775
2018-12-17,4661420000.0,2615.492951051849,2623.055720930657,2574.5126883479156,2584.3191936438743
2018-12-18,4519190000.0,2581.9106688992415,2588.847636236092,2541.613455615272,2557.4260990378484
2018-12-19,5152830000.0,2569.8199884657347,2598.9799675782365,2529.0791870321327,2541.1601881713245
2018-12-20,5619780000.0,2531.821180717193,2546.5152719611356,2478.9186653492984,2500.2779019728787
2018-12-21,7657890000.0,2492.7171142275497,2519.992556594516,2433.8120403744383,2447.2835367349376
2018-12-24,2613670000.0,2430.0707517469764,2446.767156427451,2377.0480056894585,2381.80376852579
2018-12-26,4249740000.0,2388.4538546638632,2456.793424118721,2363.084766914665,2435.333918478109
2018-12-27,4139010000.0,2411.6360779760676,2474.5896345176857,2372.158117148973,2474.676811514649
2018-12-28,3728440000.0,2473.0805815130425,2510.361787981244,2441.127934237057,2493.305941048588
2018-12-31,3461920000.0,2505.307852696294,2510.2221140424936,2472.117119024629,2473.0107515310137
2019-01-02,3733160000.0,2463.805318271282,2497.7917849103287,2452.499302431972,2489.865610633831
2019-01-03,3858830000.0,2471.5530091183577,2497.9780012632073,2446.982230165501,2470.4597657354325
2019-01-04,4234140000.0,2476.611981623938,2519.7271542766366,2459.208020249205,2508.7066866882747
2019-01-07,4133120000.0,2523.1048195828103,2555.2280439062556,2512.209493198447,2540.0359637725533
2019-01-08,4120060000.0,2552.3703605304204,2571.7476598247717,2539.370039245533,2563.627852445781
2019-01-09,4088740000.0,2571.465890911849,2585.2223553225713,2558.1487179644873,2573.355022928428
2019-01-10,3721300000.0,2567.688897248816,2594.1576452160543,2554.341877213638,2583.993149427503
2019-01-11,3447460000.0,2584.2498638302586,2606.5341298262674,2575.192440050634,2606.3510819338603
2019-01-14,3689370000.0,2594.024676716975,2602.6163363118653,2582.447182566609,2597.7299506075738
2019-01-15,3601180000.0,2595.385223449266,2609.96532786948,2588.761508718319,2605.0935955852424
2019-01-16,3882180000.0,2604.8681813634025,2617.2305842539977,2600.0879574413607,2607.759689431779
2019-01-17,3802410000.0,2604.598834229606,2629.394046714454,2600.8405570134787,2620.133459966167
2019-01-18,4009010000.0,2621.744477500843,2648.7482536629964,2623.8097901546694,2648.8122102210345
2019-01-22,3923950000.0,2646.536543788291,2661.2519827628644,2626.60092907521,2644.7570525802194
2019-01-23,3358770000.0,2649.03087261426,2661.4138717685946,2622.680032375768,2644.217922901804
2019-01-24,3449230000.0,2646.7603743698332,2657.0565861909395,2624.156793087403,2643.690086898034
2019-01-25,3821000000.0,2651.6173158711263,2663.0635227281246,2636.4115325013277,2650.056178927433
2019-01-28,3630820000.0,2647.6251843789073,2655.7506928513376,2630.3345635805504,2649.3356754754686
2019-01-29,3518070000.0,2646.684848271299,2653.3929576238656,2627.7438246592374,2644.242956705616
2019-01-30,3883270000.0,2649.470354270665,2668.6098797557534,2634.877413244416,2658.6924952757745
2019-01-31,4953800000.0,2666.6754827700825,2695.5918659707136,2659.086063576829,2687.682478960104
2019-02-01,3782490000.0,2690.646590547548,2709.9036453498848,2684.0478114035795,2701.0490234350705
2019-02-04,3369450000.0,2698.2314467592296,2712.998800766626,2690.9107071615435,2709.89079372002
2019-02-05,3597620000.0,2711.9544874272424,2725.997920110945,2707.105330642098,2726.0501018674236
2019-02-06,3486590000.0,2728.1385629004235,2738.4631797337215,2719.587375796817,2731.8347801606915
2019-02-07,4114040000.0,2728.2251155035174,2733.691039378225,2706.891931668515,2719.0876005270593
2019-02-08,3649510000.0,2708.0792898140567,2716.2675295588806,2684.152675475601,2703.572705129319
2019-02-11,3395330000.0,2701.3737724098582,2712.5349175571437,2689.875959343432,2706.427524752623
2019-02-12,3843020000.0,2710.820390979253,2725.4632533857957,2706.7277735927973,2723.0223126597516
2019-02-13,3684910000.0,2728.3038266154213,2743.562226104332,2725.9554660481026,2735.368895286179
2019-02-14,3845390000.0,2734.3721912304936,2749.1673621299346,2727.3850055194225,2740.002077484961
2019-02-15,3648680000.0,2743.653236266647,2758.56011500096,2738.311352313481,2751.800907165729
2019-02-19,3535270000.0,2752.8363259360776,2769.1388671959025,2749.597320722607,2762.6157501331977
2019-02-20,3904830000.0,2763.7086511174607,2780.9223530011227,2761.028530641326,2773.1050624805525
2019-02-21,3598260000.0,2769.9130524254647,2781.0683995613335,2763.4492001293024,2774.7912622594176
2019-02-22,3429350000.0,2775.7435371491847,2786.4409887277056,2768.3791079555585,2779.848613199214
2019-02-25,3860260000.0,2786.9011103917837,2797.87935460393,2780.9507416215915,2788.39715067825
2019-02-26,3676200000.0,2791.7155499695627,2803.557308342695,2786.418974620657,2791.2194296521784
2019-02-27,3771790000.0,2788.748233052439,2798.261218600782,2780.172752715666,2790.6953001652328
2019-02-28,4445780000.0,2787.2079204635743,2794.427514825435,2778.667979919686,2786.3453116341907
2019-03-01,3994950000.0,2790.452305518132,2798.6374272428375,2780.9405925103997,2791.9167089057787
2019-03-04,3949730000.0,2800.891951367748,2807.830621386548,2780.148265545364,2794.983652267696
2019-03-05,3631380000.0,2799.198622002217,2804.628333316635,2781.8570707808976,2794.7641826082604
2019-03-06,3800180000.0,2796.991916412878,2800.101965759704,2778.639602105135,2787.7729079792357
2019-03-07,3932150000.0,2787.5088208506354,2785.8846566815387,2762.8562692570504,2767.511602450779
2019-03-08,3424300000.0,2755.462254966587,2761.4610869121625,2738.089026035719,2755.432385854793
2019-03-11,3764850000.0,2752.860432293661,2772.5641944482986,2741.5161437640904,2767.300795276542
2019-03-12,3432340000.0,2767.0740285181214,2788.5865931798194,2767.4284528354624,2785.6205353192186
2019-03-13,3782250000.0,2793.5650171044776,2812.258027806081,2793.5922819933808,2803.006693097409
2019-03-14,3505670000.0,2805.5910257600403,2812.8174257001106,2799.870922712426,2805.98285295226
2019-03-15,5969780000.0,2805.256463898874,2823.215148680035,2805.9517535257173,2816.2865079605053
2019-03-18,3620770000.0,2818.8680843351412,2832.4815586771983,2816.0733385042386,2825.5752730678737
2019-03-19,3650740000.0,2830.439740578891,2840.301659362262,2820.4360136185273,2828.964074067151
2019-03-20,3779160000.0,2832.0491958722373,2842.5924050308595,2818.2659818143916,2827.4518784352204
2019-03-21,3612620000.0,2826.393799808308,2850.1319449148923,2816.7777270394554,2838.121743626822
2019-03-22,4253730000.0,2832.950006700817,2851.7095366818007,2807.6563746380048,2822.4497448383468
2019-03-25,3406110000.0,2815.223403793058,2826.351173592496,2791.2582095106295,2804.9710018534447
2019-03-26,3288570000.0,2807.5198689500785,2821.890804833451,2794.9222691751656,2809.178412814215
2019-03-27,3422400000.0,2813.3104316576364,2827.204505850877,2796.028990562289,2812.095436079636
2019-03-28,3185460000.0,2814.726763981103,2826.8991066091426,2798.0811486314924,2814.4970144171252
2019-03-29,3752520000.0,2821.681284024708,2831.425736683072,2806.366602622329,2821.3648061003223
2019-04-01,3560090000.0,2831.2401632048045,2849.178934996897,2828.722382514801,2844.9497905127223
2019-04-02,3267210000.0,2850.960511811164,2865.332520867553,2845.8309008256356,2859.2203326109366
2019-04-03,3570000000.0,2865.7035167997715,2878.841016795391,2858.1698293840564,2868.225765288312
2019-04-04,3038740000.0,2869.7148456592327,2881.655345730447,2861.8383100012957,2874.1438966276232
2019-04-05,3155970000.0,2877.4326682816845,2889.334213933344,2871.2303492786828,2882.335093977967
2019-04-08,3056460000.0,2882.03961052646,2891.768559938744,2873.0543071665293,2885.484373117737
2019-04-09,3032480000.0,2882.5346851124473,2887.7734515893235,2872.802845164753,2882.0494168853993
2019-04-10,3092230000.0,2881.925288033892,2887.4016077761926,2873.6573662185788,2882.893708714525
2019-04-11,2970650000.0,2885.841509876711,2889.4666650595896,2875.650513261412,2884.9389480880945
2019-04-12,3726050000.0,2890.6563294783664,2895.1032069127355,2882.8651553959426,2891.9402017406364
2019-04-15,3114530000.0,2897.566063442675,2901.0383059420965,2890.1441050949716,2899.017698010419
2019-04-16,3403120000.0,2905.986175425721,2908.6889164758263,2897.8010971742174,2905.3148770642774
2019-04-17,3648100000.0,2912.2468676290073,2914.6384614394974,2899.9638956928165,2906.0250822500107
2019-04-18,3507100000.0,2912.2308605256217,2914.7661476592116,2899.786468546977,2907.922101488634
2019-04-22,3010130000.0,2908.943533169294,2914.0515225867775,2900.4845788272655,2910.079797593102
2019-04-23,3674480000.0,2910.5172587982433,2922.179193342251,2904.732256833436,2919.3996720136643
2019-04-24,3468480000.0,2919.8180225171623,2929.75110515945,2914.5866364282792,2923.918140452977
2019-04-25,3440010000.0,2925.2258033236653,2929.846007571689,2913.3166636622545,2923.4108890596226
2019-04-26,3264390000.0,2923.5678387875687,2932.002433091671,2913.9662790855123,2928.3358833917177
2019-04-29,3150390000.0,2928.7165826949768,2938.6241951145935,2922.655783780053,2934.3276114029672
2019-04-30,3939760000.0,2932.8951585391646,2943.227253746723,2924.686273887887,2938.6807482298377
2019-05-01,3669330000.0,2939.9091411613663,2946.6004260755603,2923.3553699471686,2932.7858226340672
2019-05-02,3802290000.0,2933.4445666783427,2940.988870967104,2912.1785668070056,2923.3989536420504
2019-05-03,3357180000.0,2929.800965572182,2942.181306807097,2917.304742215311,2931.626498537575
2019-05-06,3203260000.0,2919.9481793646305,2940.9815837835995,2911.5881579998004,2932.452325097972
2019-05-07,3793060000.0,2918.3550203306722,2931.1163136045343,2890.086476430498,2914.707005260665
2019-05-08,3543110000.0,2902.7916755356227,2914.987625625961,2879.484959942796,2893.7942718587847
2019-05-09,3659050000.0,2884.081404485108,2896.212056417578,2864.507832888768,2884.8112766686677
2019-05-10,3566780000.0,2873.7248748544716,2895.8138009434356,2846.990925272671,2888.168235819266
2019-05-13,3900270000.0,2861.5801214774815,2872.836377167752,2824.6959860640645,2854.0910718078558
2019-05-14,3354860000.0,2840.2457481168744,2857.8298125144265,2818.91254633371,2838.3168280601476
2019-05-15,3140900000.0,2828.9239246169905,2856.2112894853594,2818.808297080157,2843.1322738363183
2019-05-16,3338470000.0,2841.5913536405856,2879.454062578566,2840.988030448525,2869.4384159449432
2019-05-17,3316040000.0,2856.0224262403026,2885.676236068119,2845.318786150537,2864.464378318346
2019-05-20,3293750000.0,2847.1404273565227,2868.6359279727417,2835.7244669363527,2848.5530541110534
2019-05-21,3223050000.0,2842.299839106021,2865.106708098846,2835.6259952237647,2850.12221703093
2019-05-22,3194000000.0,2842.8261118950822,2861.9317355396383,2841.6295682773416,2849.4308849122
2019-05-23,3899320000.0,2839.8980574593734,2850.4573902131956,2828.154759042541,2838.81112926071
2019-05-24,2889230000.0,2837.4516868255937,2844.2010939004103,2820.497948539999,2827.6855270318065
2019-05-28,4146980000.0,2833.8526253217315,2840.935075802147,2809.8135190305884,2813.531458937013
2019-05-29,3701110000.0,2811.300998935428,2814.6867210243317,2784.109039847013,2794.9906312112394
2019-05-30,3276030000.0,2792.823716415886,2802.3820034235932,2774.503981669006,2788.1987865120027
2019-05-31,3982670000.0,2776.4370684530986,2786.5357618160992,2765.032729430668,2775.276078027301
2019-06-03,3952360000.0,2769.1056290661268,2781.317880204307,2756.9369463952626,2765.0141754984484
2019-06-04,3814130000.0,2768.43617135179,2788.6190036120147,2758.2686335939125,2778.9658201008247
2019-06-05,3570760000.0,2792.9116559129266,2812.143426862543,2783.768754168287,2809.1150899723134
2019-06-06,3445140000.0,2817.6067581670654,2833.798975280479,2810.3513931834136,2827.1450087887174
2019-06-07,3244380000.0,2835.429178920628,2857.3982444405815,2832.6682264271185,2847.1482479420765
2019-06-10,3209890000.0,2859.1925938831882,2885.706151975159,2857.052779628447,2868.550229689495
2019-06-11,3551000000.0,2882.900129562207,2899.9751830390724,2868.8877519352745,2878.578033891881
2019-06-12,3039870000.0,2884.78464162214,2899.7991568182224,2875.0375519465288,2883.654814351052
2019-06-13,3100640000.0,2888.4578748822137,2896.666038743306,2880.6532211549134,2888.266492275789
2019-06-14,2992810000.0,2885.3808994022756,2896.5069980525573,2882.056720344105,2890.387881804085
2019-06-17,2828400000.0,2889.2883394694068,2894.9751794424183,2883.658897215932,2886.768715379094
2019-06-18,3441540000.0,2894.4492901928656,2908.1448114223717,2889.6678434093797,2894.991008640487
2019-06-19,3300220000.0,2900.651135118629,2914.0595041271235,2895.1997503072644,2906.5265855811635
2019-06-20,3943060000.0,2919.4056375386376,2935.4650830788632,2910.8355937380175,2930.637517578185
2019-06-21,5003540000.0,2941.465746320591,2956.4359278030183,2934.0390370176883,2947.9418943559253
2019-06-24,3136960000.0,2953.6022816097934,2960.90750283824,2946.055993097374,2951.746850937513
2019-06-25,3579430000.0,2953.420546440026,2958.0540326066457,2936.1543466061235,2939.478641499478
2019-06-26,3511350000.0,2944.2631124088007,2948.124190737044,2925.459308022399,2927.782777929761
2019-06-27,3162500000.0,2934.446625918173,2940.6562060844076,2923.2855302937414,2926.697713691073
2019-06-28,5422650000.0,2932.894214919622,2940.400229739548,2925.3541797969883,2933.7758579183374
2019-07-01,3524860000.0,2952.9513450469744,2960.0104540835814,2940.205805820207,2951.9028284674255
2019-07-02,3224490000.0,2963.7008309882235,2970.7495674119705,2948.1667792566777,2962.5351682132496
2019-07-03,1963570000.0,2966.0312697379236,2980.030849156581,2960.738631429686,2977.342630759463
2019-07-05,2434680000.0,2970.8953224654806,2984.685689587704,2963.0052606472454,2985.0392107991365
2019-07-08,2922360000.0,2978.7713208832733,2987.2600911223285,2969.3465007778514,2986.1031521842365
2019-07-09,3033330000.0,2977.14210638895,2987.563746113209,2968.8885454726947,2982.0181662854716
2019-07-10,3157800000.0,2978.979297166671,2991.1283503976883,2972.561762272255,2984.235122561328
2019-07-11,3155710000.0,2984.517859732246,2994.516206925144,2977.1796325156665,2989.846543456207
2019-07-12,2984140000.0,2991.2715588080155,3000.353494009232,2986.3385857884377,2997.7808815736917
2019-07-15,2876100000.0,3002.137907252289,3007.7226253580798,2996.92863362801,3004.8892795141933
2019-07-16,3297030000.0,3007.0874788723613,3012.344950669568,2999.6225255615855,3006.518314817296
2019-07-17,3185650000.0,3008.005707865563,3010.8253134779766,2993.5905180913824,2993.78967599137
2019-07-18,3369820000.0,2991.222221512738,3002.2451535181276,2979.0761747604247,2991.189454153755
2019-07-19,3285890000.0,2995.5152820585527,3003.4829977092472,2975.743173915069,2983.8769259550527
2019-07-22,3016200000.0,2989.365657958156,2995.3067377610455,2974.810383760498,2980.2177192196573
2019-07-23,3333810000.0,2987.991145613554,2996.7653316522483,2976.829992433111,2985.941131290064
2019-07-24,3433220000.0,2988.0121451613177,3002.2535155875894,2981.832481966916,3002.4927965988772
2019-07-25,3657050000.0,2996.9003479157377,3008.2323032577747,2984.9036347414008,2998.850662109486
2019-07-26,3260170000.0,3002.469904236395,3011.9111143633177,2993.992768812821,3005.5712611724352
2019-07-29,3224490000.0,3008.425783619098,3016.4902299651985,3002.156254552047,3012.286762643122
2019-07-30,3632770000.0,3010.0390880541295,3017.5379279325,3003.696190838637,3013.4791904684103
2019-07-31,4626330000.0,3012.083167373902,3017.301152166183,2984.9091448215518,2999.0871367842783
2019-08-01,4793810000.0,3000.959165788142,3015.277211581338,2961.9683612470753,2973.659491661849
2019-08-02,3882810000.0,2972.7608634706926,2984.084111411607,2939.704237312831,2954.800678934783
2019-08-05,4542850000.0,2930.906154954163,2934.8336737517952,2878.7999743985733,2894.683507192236
2019-08-06,4156640000.0,2890.387979545372,2899.8179066638163,2849.726213083438,2878.7888339629417
2019-08-07,4512720000.0,2868.922683815717,2896.0212746992147,2834.2555547939915,2877.0291798703174
2019-08-08,4118530000.0,2875.150170890647,2912.484070926416,2859.7730507172773,2912.1091095746333
2019-08-09,3356850000.0,2913.391030196886,2935.2028318681414,2896.828867292231,2927.499998359812
2019-08-12,3328570000.0,2916.5670200485124,2908.966175438966,2877.369441896802,2892.7989407623854
2019-08-13,3857190000.0,2888.692366683288,2927.3399427868185,2877.9609940456808,2910.572369145489
2019-08-14,4325150000.0,2895.1463359751465,2917.7697882488856,2863.6382201462957,2884.8032499083333
2019-08-15,4041720000.0,2879.2718061861992,2889.791244096682,2851.35748221331,2870.1324911869447
2019-08-16,3524080000.0,2878.6885839104016,2893.4650011345225,2852.410823293469,2870.6580989844983
2019-08-19,3221050000.0,2878.9777315848974,2901.9278829372533,2882.336834099418,2898.036518701873
2019-08-20,3067710000.0,2907.662888053353,2921.2294609799324,2902.2295809337497,2902.4457587639517
2019-08-21,3016540000.0,2912.601685214731,2914.5947418573905,2897.364700219218,2898.5186354231023
2019-08-22,2893660000.0,2913.5673110516605,2919.885594718431,2902.4222628236885,2914.367333599389
2019-08-23,3942520000.0,2919.710856685887,2930.9027150288944,2870.320641878603,2882.937916086073
2019-08-26,2859790000.0,2891.028645298948,2905.4493902852696,2857.9560273005836,2875.9864378846114
2019-08-27,3537490000.0,2892.355678583448,2897.624297362202,2867.624268836529,2876.953261563189
2019-08-28,3102480000.0,2876.987348141661,2895.9197889480724,2855.6754871856156,2879.724670909585
2019-08-29,3177150000.0,2887.355106173076,2908.372791962365,2871.7112141335097,2898.1728361787427
2019-08-30,3009910000.0,2912.6910178356584,2925.6245055146323,2897.100734681438,2911.007835259158
2019-09-03,3427830000.0,2909.4339259498374,2912.8049312101257,2894.1871379624085,2905.056659509266
2019-09-04,3167900000.0,2913.8085075019985,2925.7458192357853,2911.7824020831167,2923.772192354526
2019-09-05,3902600000.0,2938.5413568138088,2955.1728523662905,2940.1502638012835,2952.7073832548945
2019-09-06,3209340000.0,2973.628599264516,2982.7070495651196,2971.2770647455973,2973.5458057893593
2019-09-09,4031120000.0,2981.0715378761674,2982.2406448883535,2964.570455385286,2969.4976839497167
2019-09-10,4393040000.0,2975.842865459304,2981.5201830054993,2961.7316733707758,2971.6452841181294
2019-09-11,3934370000.0,2976.8408962982303,2987.9234556417423,2968.9649294868555,2985.6868185817757
2019-09-12,3796990000.0,2994.1107254288777,3006.241645575522,2988.6283930569593,3000.855559254213
2019-09-13,3557010000.0,3006.381890357264,3013.640425495314,2997.2885093752534,3007.44457021017
2019-09-16,4285860000.0,3007.6370336208806,3013.8013646389477,2998.9994082717717,3008.6117809351017
2019-09-17,3673250000.0,3006.1045581355424,3013.319909643884,3001.804706774268,3012.2157185790866
2019-09-18,3458800000.0,3010.0888615510294,3017.5948157715347,2996.7553268907586,3015.7895113580935
2019-09-19,3265660000.0,3014.8190471157295,3023.32688362061,3002.8294672902757,3014.678300058332
2019-09-20,6103440000.0,3013.979820248023,3021.895421424291,2997.7131819391216,3006.1072171447804
2019-09-23,3187250000.0,3001.6675670333952,3012.897276540465,2991.6121362940557,2998.942053697594
2019-09-24,3872800000.0,2999.8306006064827,3008.650835849921,2976.053897180683,2984.8360674083815
2019-09-25,3331200000.0,2988.1052047067737,3002.2030654343544,2964.816331344568,2982.840985627426
2019-09-26,3084910000.0,2985.658726869231,2994.112784232751,2961.8677715515614,2979.2078552387484
2019-09-27,3246480000.0,2985.3089730120746,2990.837720725158,2955.665899220553,2970.9329196304407
2019-09-30,3249130000.0,2977.9928728076084,2986.086130738124,2958.348386324556,2971.0769246778364
2019-10-01,3560750000.0,2980.0739384043122,2990.8834929540835,2952.241989146167,2959.510614048938
2019-10-02,3914180000.0,2958.3909302380252,2963.0160882154573,2915.6714678382764,2925.5800165621436
2019-10-03,3515130000.0,2919.101210544258,2931.8975067090605,2880.5715659262396,2915.1576431588205
2019-10-04,3005600000.0,2918.7946351080295,2943.444914769696,2899.155119318203,2928.5309562754032
2019-10-07,2959050000.0,2927.6481003713907,2950.715053066224,2917.875094110878,2934.5920289820283
2019-10-08,3370700000.0,2924.4287381174036,2937.0686351249956,2902.1478461272613,2910.561614718239
2019-10-09,2735350000.0,2908.9055726526963,2922.852270531681,2882.7882347140944,2901.951259263632
2019-10-10,3234400000.0,2905.268966060381,2928.428620436577,2897.8628837746983,2915.8065800463273
2019-10-11,3581320000.0,2927.1128974434,2963.6362839428275,2932.1619097717553,2951.197951403896
2019-10-14,2559270000.0,2950.85725044903,2969.5081523685976,2949.6746156330328,2955.2330069520144
2019-10-15,3345090000.0,2958.5464456799805,2979.7972244859134,2958.5613220605464,2971.12965285581
2019-10-16,3230320000.0,2971.354453998476,2990.0008547015586,2973.944360942464,2983.5174021955077
2019-10-17,3103470000.0,2989.4118822674113,3003.469307535148,2989.160346750658,2995.586751613774
2019-10-18,3268970000.0,3000.4631354392045,3008.984055976906,2992.2192953199497,2996.593386822175
2019-10-21,3271960000.0,3003.9155636720493,3012.1693438970883,2996.9790107166396,3005.991061620094
2019-10-22,3527540000.0,3011.7513198155007,3017.4723843184784,2999.7650295190797,3004.8279521689483
2019-10-23,3413600000.0,3007.670506011618,3012.9415884019913,2996.6739324123223,3004.8867665459106
2019-10-24,3696510000.0,3009.3997382784355,3012.3836036186185,2995.4609349277,3004.2507194004233
2019-10-25,3379060000.0,3004.8879949335505,3016.90364467554,3000.9345883556584,3013.194376239903
2019-10-28,3524970000.0,3018.452739283359,3031.817718989761,3018.8693721022037,3028.9526841517127
2019-10-29,3594430000.0,3031.2627928038346,3043.4689863323683,3031.5437763106647,3038.607954805848
2019-10-30,3779660000.0,3038.495620287632,3048.6299371699943,3027.8731009830744,3042.512604529151
2019-10-31,4149310000.0,3042.081440166867,3049.2885528648635,3025.075096678375,3040.091709324967
2019-11-01,3956290000.0,3045.5415021429526,3056.7131551514285,3035.447809778793,3052.0124585129006
2019-11-04,4178040000.0,3060.7655061328464,3071.6716069433614,3057.9298470409294,3066.745492328061
2019-11-05,4490590000.0,3073.2856495848955,3080.731428380802,3069.09624934818,3073.783294025102
2019-11-06,4465510000.0,3076.625696402534,3082.1616631268253,3068.181002463084,3077.2035742727066
2019-11-07,4151990000.0,3083.429816791656,3090.8682528215295,3075.9340116236194,3083.7243365703375
2019-11-08,3508160000.0,3087.660936715834,3097.571714906869,3081.1391816282703,3092.9067734992323
2019-11-11,3041120000.0,3089.4673455997677,3097.916854151553,3084.5044942076433,3095.6058642894086
2019-11-12,3495560000.0,3093.300713737871,3102.86166164932,3088.3894008578545,3096.9888989174883
2019-11-13,3513720000.0,3093.2020812019273,3104.418664971626,3088.6091781425416,3098.878757532811
2019-11-14,3282090000.0,3095.1955832995764,3105.022706775938,3086.949239590097,3100.2192032833914
2019-11-15,3359800000.0,3100.413710561465,3110.267221408193,3090.9602638232195,3105.589443795858
2019-11-18,3440140000.0,3106.0424367877768,3115.291042007946,3098.9391192768403,3111.859119775683
2019-11-19,3613670000.0,3113.8123819311404,3120.2274651447997,3103.9971300724487,3114.5519924443192
2019-11-20,4041010000.0,3113.716151011119,3119.237523969113,3096.6759621179845,3110.3542190985813
2019-11-21,3744010000.0,3109.1464858340737,3113.7056983161115,3092.0643286184213,3104.923861604159
2019-11-22,3235270000.0,3106.982567576159,3111.1900707795526,3091.1909766150097,3103.922759942406
2019-11-25,3514310000.0,3109.1278001511855,3116.2984017489994,3100.684034760935,3113.9165927738486
2019-11-26,4600450000.0,3118.5973178385093,3127.002263952522,3113.528512069147,3124.9036584041464
2019-11-27,3035470000.0,3129.5008892873047,3139.0794828195194,3126.3500234576627,3136.746880213011
2019-11-29,1743420000.0,3136.176399790097,3141.5267090262314,3130.0057244898576,3135.9733133643
2019-12-02,3285750000.0,3138.4840066069974,3142.155248568349,3120.5525617804356,3124.8006217643424
2019-12-03,3671580000.0,3110.0733958040414,3115.90314162776,3089.156311115748,3103.465600437829
2019-12-04,3702980000.0,3100.488823283021,3112.2107665676094,3092.286835121087,3107.04029215889
2019-12-05,3360480000.0,3110.7538431946055,3117.424334962032,3101.0319528994673,3111.252078431329
2019-12-06,3483310000.0,3118.7661853921,3128.9349973980816,3112.3292451464276,3124.468569407852
2019-12-09,3400470000.0,3128.080820241518,3138.105031449001,3121.393027053474,3127.4381028163443
2019-12-10,3346310000.0,3123.979622580614,3132.634494272823,3115.8410393411036,3125.466613754016
2019-12-11,3257650000.0,3130.5259186215,3138.6269141873513,3125.509665480724,3132.8607690026033
2019-12-12,4003200000.0,3135.7885419264603,3152.206629539381,3131.958818929226,3145.642207109017
2019-12-13,3757650000.0,3147.247589331733,3167.4410068958296,3142.6487708130862,3155.0389138213186
2019-12-16,4070200000.0,3162.4868462370214,3178.9688662443536,3157.635565329225,3169.216348547416
2019-12-17,3842940000.0,3177.2212433344466,3185.6836473262997,3173.3781652917564,3177.478029374334
2019-12-18,4029950000.0,3183.449541907475,3191.158261866408,3179.936422960046,3184.4094881580536
2019-12-19,3784360000.0,3186.581822062209,3198.2904755450922,3184.386504273162,3192.755932081521
2019-12-20,6457480000.0,3202.976942497376,3209.7050982291694,3198.3958765498746,3206.6900309222756
2019-12-23,3064530000.0,3215.433632028559,3219.3046752225573,3211.345586677953,3215.0507652281003
2019-12-24,1296530000.0,3220.5028342599508,3221.291589074421,3215.4008200675526,3217.7482500798637
2019-12-26,2164540000.0,3220.955852108051,3228.1931271352223,3218.924584499694,3225.7272189237265
2019-12-27,2429150000.0,3231.3374033357786,3238.1127871170916,3226.3611162583206,3234.2785595264095
2019-12-30,3021720000.0,3238.8863772651516,3243.2642733646244,3228.12707640449,3234.1115290290927
2019-12-31,2894760000.0,3235.243611718569,3243.151213850876,3226.7594783468962,3236.4057139729416
2020-01-02,3459930000.0,3241.0370565115577,3251.021934375205,3232.4980030855577,3247.5828761468943
2020-01-03,3484700000.0,3238.9828610093496,3252.505570290886,3231.494620147945,3247.277664008093
2020-01-06,3702460000.0,3231.539771623725,3251.368690971424,3224.5114662499404,3246.6649377673602
2020-01-07,3435910000.0,3233.6005938469807,3247.9559920144798,3225.1376906870073,3241.481425481286
2020-01-08,3726840000.0,3236.22861705986,3255.977706007284,3230.0011605874993,3247.291280267565
2020-01-09,3641230000.0,3251.7191309196496,3267.451107144411,3248.931869698096,3260.950903297904
2020-01-10,3214580000.0,3268.751927943458,3276.5479112054913,3256.1839197661966,3264.998780565465
2020-01-13,3459390000.0,3270.590172469751,3281.124944737382,3260.619517055661,3274.139379016889
2020-01-14,3687620000.0,3276.3965918249282,3286.5559086674107,3266.8365756552457,3278.050069823015
2020-01-15,3721490000.0,3278.659540536232,3291.7105797152394,3272.165828336521,3282.581582870144
2020-01-16,3540580000.0,3287.011860248504,3300.1407458125254,3281.850343607768,3293.661794701902
2020-01-17,3726220000.0,3302.43689969715,3312.335229618257,3298.9989562148608,3308.1069740828475
2020-01-21,4104840000.0,3311.0900304950615,3321.2309139733957,3308.026654447442,3314.4135663115753
2020-01-22,3623780000.0,3319.8706188627175,3329.14349588469,3314.964131028541,3317.259706330335
2020-01-23,3766710000.0,3318.926279542429,3328.6742267492477,3309.377845654344,3321.1611867585
2020-01-24,3708780000.0,3326.04535193818,3331.544222812231,3292.090654313911,3309.4301933124043
2020-01-27,3831050000.0,3285.5326825502116,3293.4279700628995,3261.3017761189076,3274.425398081455
2020-01-28,3531570000.0,3265.380493677373,3285.3312594651675,3256.517938089674,3271.8661110532084
2020-01-29,3600250000.0,3280.3519576772314,3292.836164802598,3263.663730368069,3275.957556884059
2020-01-30,3790350000.0,3272.511481086873,3290.5091021168523,3257.743728080879,3278.0823603024705
2020-01-31,4529700000.0,3275.131482076078,3287.131926586678,3232.5777133113597,3255.884747119697
2020-02-03,3760460000.0,3249.3464924832797,3271.496461050062,3227.690694759047,3245.3904338470243
2020-02-04,3996900000.0,3263.8408168450896,3289.4913553933598,3258.6699226665346,3272.951621074615
2020-02-05,4121480000.0,3302.941949273779,3322.132464651915,3300.2926027270314,3319.2152397890377
2020-02-06,3887250000.0,3326.933029913966,3335.282156624111,3313.58654172291,3327.950896071299
2020-02-07,3733920000.0,3327.713555739396,3333.4900748232685,3311.3437621794474,3318.124595702098
2020-02-10,3462730000.0,3318.4244145567413,3338.118262444629,3314.2218318727914,3333.0907647820654
2020-02-11,3762940000.0,3338.1799095403535,3356.345341445547,3334.2346265570627,3350.0907620851126
2020-02-12,3930910000.0,3360.4371556687797,3373.894005990084,3360.903809969317,3369.861314298911
2020-02-13,3500890000.0,3370.0055762522475,3385.0105665601263,3367.725917571848,3378.257389929821
2020-02-14,3419700000.0,3372.9060542081206,3384.3935417998805,3365.476551711839,3378.548194729309
2020-02-18,3750400000.0,3370.1229411785666,3377.1858124008913,3356.138792354866,3371.612138210027
2020-02-19,3614200000.0,3374.9691485412054,3384.1700491292772,3367.5119198014586,3377.6714103724576
2020-02-20,4019180000.0,3378.1775101905246,3387.36010422821,3355.25244729072,3376.160259874411
2020-02-21,3908780000.0,3371.692658342501,3376.892842583986,3343.301496720229,3362.2632918883573
2020-02-24,4851160000.0,3318.8177128158068,3315.414775706331,3274.703533054461,3285.7050904702805
2020-02-25,5596760000.0,3264.3184417148527,3263.0795085436275,3166.2422538702394,3173.7913375545345
2020-02-26,5484650000.0,3184.393096344757,3213.3510799268865,3121.125113873726,3125.907455724776
2020-02-27,7064710000.0,3110.744077751622,3145.498866469611,3033.218736005746,3034.5494314874086
2020-02-28,8569570000.0,2986.872324720288,3024.652891364916,2922.099102124448,2983.0816727821575
2020-03-02,6381330000.0,2970.8604282253173,3076.168809849064,2934.4468777123284,3050.959472347714
2020-03-03,6376510000.0,3038.9283416481967,3103.453584852771,2942.888452354165,3012.7209603823644
2020-03-04,5073020000.0,3052.6319321234405,3139.630543832499,3027.7806844582833,3098.9756409535185
2020-03-05,5579290000.0,3062.6540243733357,3083.4130782132124,3006.5078737228205,3040.2694190479206
2020-03-06,6555240000.0,2979.367787919846,3026.1626116193725,2933.3042526296445,3006.6469802019033
2020-03-09,8441290000.0,2900.2529295700683,2898.33673490683,2792.2842713782193,2802.5466985954076
2020-03-10,7642040000.0,2831.392443245069,2884.141902333935,2727.8443163214947,2879.526975500555
2020-03-11,7431200000.0,2850.079203916758,2878.998141317947,2746.6581501239143,2806.0614879347318
2020-03-12,8850810000.0,2701.1324013630956,2729.6673493720673,2539.5683360990784,2561.0077981862223
2020-03-13,8299070000.0,2599.2330917839213,2691.8983185481748,2478.9122627995057,2678.175456655915
2020-03-16,7805450000.0,2512.7916446799436,2601.1788920440126,2390.1468836964495,2447.0761892009964
2020-03-17,8370250000.0,2477.6945302693653,2587.5090408628794,2395.335568895475,2524.720020682442
2020-03-18,8799300000.0,2448.4998117795135,2507.433227003189,2325.195911418945,2438.8426143149145
2020-03-19,7956100000.0,2412.0747935693253,2482.3912708588873,2309.310193092019,2422.433081621526
2020-03-20,9053950000.0,2417.3079351369433,2463.477714245566,2298.425634211992,2353.584434716772
2020-03-23,7411380000.0,2342.303186200197,2361.641732657031,2239.2812116840196,2283.1997701206838
2020-03-24,7563150000.0,2334.720084761242,2418.010166614791,2294.6907378677374,2393.44510025853
2020-03-25,8300010000.0,2399.8171670081415,2499.609918351934,2350.037156503416,2438.115453108761
2020-03-26,7766990000.0,2472.542829418098,2614.005512327567,2461.1100755111074,2594.051827023637
2020-03-27,6201670000.0,2531.743672633834,2613.6939226255436,2502.626670444997,2539.898255856397
2020-03-30,5751120000.0,2528.3615158065872,2592.5282374296085,2508.1564840947126,2571.1982996237384
2020-03-31,6576210000.0,2577.840493797648,2636.1316479162347,2560.043416513326,2595.202204697253
2020-04-01,5964000000.0,2545.670079750072,2555.1783816469037,2482.619813081928,2505.0279064350357
2020-04-02,6464190000.0,2479.2471332033824,2543.6652349901365,2466.408281067366,2522.9247984380827
2020-04-03,6096970000.0,2507.0680037020416,2532.15899489118,2458.041692006553,2496.0748981021916
2020-04-06,6403840000.0,2549.583053231557,2616.658813075881,2514.3984558008033,2591.5920407194462
2020-04-07,7050410000.0,2674.6389434512357,2738.5359976073005,2627.356002298797,2656.9761700898243
2020-04-08,5875710000.0,2691.471443029861,2760.1085315526275,2651.1825451425702,2713.38807577755
2020-04-09,7899550000.0,2719.242121436133,2769.4046186699784,2717.963327376837,2753.391806126241
2020-04-13,5319530000.0,2767.4674542505386,2801.490647299622,2730.337673439666,2777.7215333199206
2020-04-14,5615730000.0,2816.314698839381,2848.6739521148024,2794.327106245189,2832.956907945026
2020-04-15,5208000000.0,2824.774128482193,2843.395648338676,2789.872425110067,2821.0451892264105
2020-04-16,5228810000.0,2817.8296390831656,2828.040359683625,2781.575268118478,2815.9387769748273
2020-04-17,5804810000.0,2827.6795102496953,2845.2429371320904,2803.281199228356,2839.3486608901035
2020-04-20,5228630000.0,2842.8912765076666,2868.4909608118433,2819.222243838527,2841.952828563302
2020-04-21,5121010000.0,2818.581908006739,2820.6926882191087,2778.3728160087317,2783.6896568495117
2020-04-22,5084920000.0,2796.429606276694,2807.878248017133,2762.778656266271,2786.917484338105
2020-04-23,5773530000.0,2810.2964202566454,2833.9043227483885,2787.8484438094993,2798.190732196813
2020-04-24,5382810000.0,2819.0448897522533,2856.444331732357,2802.3612825566775,2829.0048191857145
2020-04-27,5203930000.0,2832.0745289199813,2866.607930554169,2821.4953229807543,2849.8603812474175
2020-04-28,5691160000.0,2874.18428114019,2892.238549812021,2843.8047600310724,2854.9790673548946
2020-04-29,6645640000.0,2900.6069806277014,2928.881093097822,2880.1993023141554,2895.2747020985103
2020-04-30,6544980000.0,2916.5568208156933,2934.355375959762,2890.1626471854447,2912.5410184667694
2020-05-01,4759810000.0,2899.418506484454,2907.5894738036727,2862.4214716110687,2883.627555753141
2020-05-04,4735930000.0,2845.2857953521984,2857.4791415645795,2807.7088062117186,2843.578072136978
2020-05-05,5140290000.0,2839.8825260309577,2877.3580019911956,2832.001812593032,2850.4556834240275
2020-05-06,4892570000.0,2873.0698807492154,2889.9932568194326,2848.80867387138,2855.2474978165787
2020-05-07,5178790000.0,2868.9564555117095,2887.2257813815772,2854.1105316315225,2859.4581519982917
2020-05-08,4876030000.0,2879.2554310468827,2900.869902525108,2874.984057330541,2893.102615268701
2020-05-11,4819730000.0,2891.8970368796904,2922.691737595617,2887.198485495275,2916.049010504985
2020-05-12,5119630000.0,2918.537669505485,2935.495477842548,2883.5271938860633,2895.5806294694335
2020-05-13,6151650000.0,2895.7504654971185,2905.0633771382627,2825.7126909331314,2843.19819593065
2020-05-14,5651130000.0,2823.5204432905766,2860.7238116733743,2769.6998192774217,2839.391551133502
2020-05-15,5507700000.0,2818.908144777058,2864.4488078892095,2809.4117703652946,2873.56617188695
2020-05-18,6373670000.0,2878.3986327119624,2926.572876208881,2867.6813948079075,2913.1204172304606
2020-05-19,4984330000.0,2923.8055786527098,2959.981549491074,2918.681932259337,2926.955228765605
2020-05-20,5005380000.0,2946.4221442739204,2965.8007995324347,2928.774999276618,2931.5174034923994
2020-05-21,4976620000.0,2925.671854831703,2945.4298012494764,2910.0056067587752,2936.445588325188
2020-05-22,3970860000.0,2945.546550028722,2963.1889037488463,2934.4178981099885,2950.487206740143
2020-05-26,5848500000.0,2981.994511647513,2999.34125813717,2971.778117992655,2976.7032593134995
2020-05-27,6398000000.0,3007.6425876029684,3025.1915812135544,2983.989811754351,3009.3886526222377
2020-05-28,5447020000.0,3024.3586627376653,3046.4870869261417,2997.36628670971,3022.778388516543
2020-05-29,7297550000.0,3029.280045657193,3046.8143570075895,3000.839103133418,3029.975556229679
2020-06-01,4684170000.0,3027.8167611237377,3047.126346406944,3008.9405557401683,3041.845981851587
2020-06-02,5197150000.0,3053.1891437416557,3074.721539060058,3037.867767972845,3070.9776871753843
2020-06-03,6005560000.0,3081.052697199328,3107.123229196254,3075.242522694959,3103.6794232101497
2020-06-04,6451290000.0,3107.897712437999,3129.4475639977463,3096.4336396823546,3120.239955164031
2020-06-05,8639300000.0,3140.9536794312194,3173.9307354709817,3132.1596487731317,3159.321262727317
2020-06-08,8498300000.0,3178.716117433919,3215.042213601008,3174.239661944585,3209.0231358553724
2020-06-09,6410930000.0,3202.7803393249274,3224.8292337711864,3190.609534313341,3215.5565221140528
2020-06-10,6598870000.0,3212.411148042043,3230.8997619378406,3193.570620574099,3209.8762910808555
2020-06-11,7037320000.0,3175.9308839965424,3175.2265929635932,3087.820443296407,3080.8847896071184
2020-06-12,5845330000.0,3105.8064220163756,3110.3544819215817,2991.6614417546334,3036.9263425786767
2020-06-15,5757480000.0,3033.4646630244633,3102.1252368341407,2988.150297880438,3078.319331321532
2020-06-16,5845810000.0,3102.9797805901367,3129.7541025037676,3042.0728659768565,3101.8640928970362
2020-06-17,4560450000.0,3119.367210953205,3142.1298421277615,3096.768337628423,3122.6170492765914
2020-06-18,4448690000.0,3118.362840298013,3118.531881393256,3095.828846856715,3088.363298889839
2020-06-19,8346650000.0,3093.417701715279,3111.8852620232237,3042.8914902697816,3078.432184010346
2020-06-22,4686690000.0,3096.8987797116206,3122.032576523174,3079.6575403737525,3112.1055194911723
2020-06-23,4711850000.0,3131.444961255822,3151.688418141423,3129.4315860710667,3146.291756016144
2020-06-24,5597680000.0,3141.5526674993075,3141.8099616550458,3093.344229983742,3105.353955290371
2020-06-25,4847690000.0,3097.9378687046483,3115.5210329709466,3050.8121342919703,3084.7297684160985
2020-06-26,8107850000.0,3076.815528270082,3091.3811773772168,3011.132707785211,3042.739314823848
2020-06-29,4473970000.0,3047.009684607388,3070.6006612677347,3005.3355645767015,3043.4810902634717
2020-06-30,4705850000.0,3041.7245624666775,3080.735515743554,3019.3822064236474,3063.0678467630437
2020-07-01,4449230000.0,3061.7709511689322,3103.835213259376,3059.28105740532,3092.998460491159
2020-07-02,4197720000.0,3109.607189099087,3141.7592293764505,3107.0921527340224,3114.733705862348
2020-07-06,4759160000.0,3138.809491244885,3163.0555133479156,3128.988135045257,3142.427663640075
2020-07-07,4571330000.0,3144.4269709927025,3169.6312082667337,3132.0872783902305,3144.556701598806
2020-07-08,4937310000.0,3149.4370303048054,3175.156230660724,3140.034566448067,3159.251631458072
2020-07-09,4843650000.0,3167.192784994029,3182.123390463019,3130.436183980546,3161.5708555347164
2020-07-10,4524190000.0,3167.230153564016,3190.8608228723974,3136.910443319371,3175.270815028866
2020-07-13,4902440000.0,3188.3277268856855,3216.0528391441044,3148.016696429005,3172.8505437956082
2020-07-14,4507140000.0,3172.639188579351,3215.3524277129864,3138.274806988304,3180.7771930100907
2020-07-15,4686830000.0,3193.291696454464,3221.717565871694,3160.3443205854214,3201.2609531321377
2020-07-16,3972860000.0,3201.5840053411243,3222.384653767464,3177.558779808515,3208.060182735616
2020-07-17,4012850000.0,3211.407823693808,3226.8497452547213,3190.6545914478083,3211.8242874378416
2020-07-20,3979340000.0,3213.7295922986405,3237.857758739879,3204.2156963290436,3231.0630524726594
2020-07-21,4556610000.0,3240.046983670672,3258.931233147761,3225.8886960896557,3248.890341051922
2020-07-22,4267160000.0,3254.316692419281,3273.3717750126893,3244.477460900096,3265.6408157401734
2020-07-23,4296760000.0,3266.6013007451756,3277.7038093882247,3241.1972471727645,3257.3843274313963
2020-07-24,3689410000.0,3248.638233571977,3258.130888462622,3224.649569614787,3239.8007717211985
2020-07-27,3970310000.0,3233.9804832194322,3245.90925872177,3220.9027016448654,3241.307595116372
2020-07-28,4053180000.0,3238.829973619964,3249.2307784202076,3226.5271570546633,3236.5349397249197
2020-07-29,4478200000.0,3237.4585068326514,3258.8416904959554,3229.363277161163,3246.457444495206
2020-07-30,4264920000.0,3235.7183973334977,3256.702316221022,3219.17406166381,3246.7629601249746
2020-07-31,5007530000.0,3248.508251064614,3260.1176854478713,3216.172780459871,3256.0164170549083
2020-08-03,4438940000.0,3270.9285657087485,3280.1517019506205,3247.3868628014775,3274.5246279678577
2020-08-04,4414380000.0,3282.920409387824,3297.9541175059744,3277.418227015875,3293.9248154459633
2020-08-05,4535060000.0,3299.419240333793,3316.7403598021456,3301.553124968331,3314.6754574344463
2020-08-06,4278930000.0,3315.1151955855057,3334.376739731588,3307.085587218657,3326.684086584602
2020-08-07,4110030000.0,3324.3986012992955,3339.973122595419,3313.216956187034,3333.951736277538
2020-08-10,4327920000.0,3332.5453385292494,3346.7752209124433,3319.988083132351,3341.99609671735
2020-08-11,4880540000.0,3347.515085119141,3362.422410678778,3323.7474497283624,3338.709909698526
2020-08-12,3772250000.0,3353.428177035294,3379.1351580781725,3341.3872282449042,3358.1212813093903
2020-08-13,3438730000.0,3363.7018666513563,3387.9817879382726,3354.9380439156403,3370.3992485558033
2020-08-14,3200060000.0,3368.899637692267,3385.11975056912,3358.943946792941,3372.2119760653713
2020-08-17,3460330000.0,3373.772917581213,3385.355778363666,3366.6148897939365,3372.874215459092
2020-08-18,3669550000.0,3378.050355024425,3389.009022620782,3368.2182180435807,3376.8628373127804
2020-08-19,3679480000.0,3380.1171493631,3390.9718005779246,3365.6079431729854,3372.5475940569936
2020-08-20,3431040000.0,3366.172505084572,3385.958919600891,3356.353235649524,3371.5243599998644
2020-08-21,3505010000.0,3369.3174113369423,3384.9504927269472,3360.881295065001,3378.9343346571086
2020-08-24,3743410000.0,3386.2895071220096,3400.859022766889,3379.3782694535976,3397.5233000801963
2020-08-25,3627650000.0,3409.9580610842518,3423.0465806712136,3402.6809171092427,3419.0422526318916
2020-08-26,3780530000.0,3426.535655176662,3449.4215768372474,3419.2792006533555,3443.3691751495226
2020-08-27,3955890000.0,3448.3690645177835,3474.2944123381126,3439.239228724523,3461.1327224991314
2020-08-28,3868510000.0,3468.744541155484,3491.023724235085,3461.1768170790738,3475.7861100140863
2020-08-31,4348280000.0,3482.269734417113,3497.501940301867,3471.3928874330686,3487.198140737468
2020-09-01,4101490000.0,3491.309290269066,3509.495353113422,3480.3981731244667,3500.56368301279
2020-09-02,4295640000.0,3511.2288780996605,3544.8393610419002,3502.903779348918,3539.0178185971736
2020-09-03,4911830000.0,3538.1931979194655,3560.322882314436,3473.543192477802,3506.9699550551877
2020-09-04,4438720000.0,3503.340748458005,3519.4312752139363,3410.1723734268085,3459.4478648559984
2020-09-08,4694330000.0,3431.725343817091,3434.7577352337207,3357.5949614990895,3390.511082638412
2020-09-09,3932520000.0,3394.3342226902446,3427.9069013749954,3365.6663598129944,3394.337936372587
2020-09-10,4208630000.0,3415.7495538259627,3445.503375670385,3347.9455047517854,3376.093436581389
2020-09-11,3710090000.0,3386.9455539238006,3405.8098006493765,3322.9231012316573,3350.117412929733
2020-09-14,3839580000.0,3362.2689792030415,3383.6190266935055,3324.2361467678193,3354.1335706563373
2020-09-15,4057190000.0,3372.148637986669,3394.269153478052,3366.6428617600063,3380.8980485187267
2020-09-16,4718900000.0,3400.358936024868,3418.875224702474,3388.641401766579,3392.7546262050555
2020-09-17,4379840000.0,3381.3043311204265,3402.690894010656,3363.4898327948777,3376.214410007081
2020-09-18,7076400000.0,3371.364822922684,3384.020595401898,3331.3397453468237,3357.7564025609454
2020-09-21,4836070000.0,3339.4914747680336,3335.7027212968023,3272.414789835175,3318.2911435163173
2020-09-22,3974510000.0,3318.867173789878,3328.3523116872702,3271.954943556632,3314.2096960096574
2020-09-23,4378650000.0,3311.8700042526534,3325.0895202704087,3250.153672127852,3279.9970976009095
2020-09-24,4601920000.0,3276.458084877874,3299.7530346617896,3219.1481515612422,3252.896870985238
2020-09-25,3803330000.0,3246.518936628733,3287.007243269263,3205.976466028234,3256.9324056326345
2020-09-28,3950910000.0,3268.264463765035,3315.923497325229,3267.1550562977936,3303.904785355694
2020-09-29,3661590000.0,3317.989691802532,3341.099014502066,3309.5731498511154,3327.222299645167
2020-09-30,4738640000.0,3333.7792008041506,3366.8893872335357,3321.039499914811,3333.478732682832
2020-10-01,4076340000.0,3341.807106274106,3375.0193399791697,3329.952563979197,3352.2687109033063
2020-10-02,3975180000.0,3346.8087064790743,3380.1979327286626,3337.9240425893126,3358.5347938881155
2020-10-05,3692720000.0,3360.4279484342533,3395.823827284022,3355.681414786438,3382.2869456788067
2020-10-06,4453390000.0,3386.1066503478532,3419.7844700912497,3361.2950084350746,3380.1960193632653
2020-10-07,3814750000.0,3395.481417224855,3431.497895739849,3375.8830490136916,3399.08899551765
2020-10-08,3867640000.0,3414.980471157113,3442.130396843446,3401.8074949422157,3422.881013443213
2020-10-09,3944090000.0,3436.202894359876,3459.2769761486306,3430.4185502550895,3451.1131893580277
2020-10-12,3435760000.0,3469.5138698471687,3511.2675896746177,3468.006480260854,3493.158637103677
2020-10-13,3611100000.0,3501.812660102165,3523.5776542943395,3482.818074045075,3500.6193199618806
2020-10-14,3858510000.0,3507.5029668836064,3522.4871492622524,3485.4013205074903,3500.359549287273
2020-10-15,3724550000.0,3489.656621628582,3513.1242700979733,3473.0600302901075,3497.9182953561703
2020-10-16,4688030000.0,3496.2319861568453,3521.4655733594955,3482.3151052958706,3503.495690576723
2020-10-19,4091080000.0,3510.097747027409,3524.926087241661,3463.7454523382257,3474.617728146861
2020-10-20,3917850000.0,3487.556021953129,3506.288458279806,3453.7935981672563,3461.1460505818027
2020-10-21,4103960000.0,3463.5369142593545,3485.839231645017,3441.5851635584513,3450.0686854861215
2020-10-22,4172060000.0,3447.2038276822836,3471.3746610773255,3427.6130107094386,3448.448765680882
2020-10-23,3651600000.0,3451.7176101281443,3465.352284737758,3425.2781196286633,3449.4901125092456
2020-10-26,4002210000.0,3442.0046609810183,3448.757211034414,3392.1651145187757,3419.70740677238
2020-10-27,3962400000.0,3414.8833853483793,3422.635527948201,3379.233838334299,3397.0551618831396
2020-10-28,5139970000.0,3372.082945682466,3373.2184186645154,3319.876727933386,3323.466445530216
2020-10-29,4911860000.0,3312.785903983822,3349.1762873388425,3278.967977740052,3308.693073631222
2020-10-30,4843930000.0,3299.0363326187503,3326.0796697676797,3252.5042426685854,3293.4321872379637
2020-11-02,4314690000.0,3296.6768479039165,3321.814432657556,3262.048546633456,3296.8809014824296
2020-11-03,4241380000.0,3316.0680489813926,3359.012904563841,3306.9869303194796,3341.016463255314
2020-11-04,4790400000.0,3377.9910192841144,3438.353638032392,3369.5508359518026,3396.549561276116
2020-11-05,4858150000.0,3426.9857944078917,3495.53039986353,3428.2501067264598,3448.905032518461
2020-11-06,4842460000.0,3463.8904731356647,3499.1017309886397,3454.2251429175667,3478.841170345086
2020-11-09,8570510000.0,3525.5898124537453,3580.3405164436967,3504.5101680655516,3512.7299207609717
2020-11-10,6037470000.0,3541.363653250597,3582.030352004895,3520.5863569075486,3543.718150429596
2020-11-11,4635560000.0,3569.337841672415,3595.060314597756,3556.439738629671,3573.6391604169185
2020-11-12,4909660000.0,3579.0600439491604,3589.5502052464044,3555.125139617735,3574.342819438919
2020-11-13,4719580000.0,3582.4779452910802,3600.7283475016384,3561.8302054409305,3587.4904652349555
2020-11-16,5295510000.0,3593.428061243615,3618.8821756403304,3583.929443994496,3608.248471363405
2020-11-17,4812180000.0,3600.849850392842,3617.5052024419183,3587.439386678224,3611.2910148340247
2020-11-18,5284810000.0,3603.5564210663765,3612.4868292215574,3576.7835249030595,3587.6938875288197
2020-11-19,4363370000.0,3580.07062507478,3596.2768731381907,3551.788525879485,3572.8869041038934
2020-11-20,4236370000.0,3566.237903188394,3584.477154023133,3551.929990191431,3569.659717021278
2020-11-23,5057550000.0,3577.8103497680327,3597.800038707839,3567.998213464489,3584.7961216719136
2020-11-24,6280290000.0,3587.5441260762523,3615.5464289600955,3572.7798296386186,3604.091218500164
2020-11-25,4910440000.0,3608.6048644316897,3629.440450638191,3596.0421740638308,3620.8505590759546
2020-11-27,2778390000.0,3627.167285618753,3636.115114741466,3615.7618084787355,3628.516965976025
2020-11-30,6308410000.0,3626.8905704537706,3624.2054377112104,3597.2094421233037,3615.5677419803683
2020-12-01,5418480000.0,3629.370326225823,3648.995697399,3614.5388147350554,3635.0464204120094
2020-12-02,5041250000.0,3641.4540741198525,3662.9208864225575,3630.900049899555,3653.1045816428764
2020-12-03,5065340000.0,3655.7387153512286,3674.589299243449,3648.2441439446443,3665.69725290068
2020-12-04,5099620000.0,3671.344033673448,3691.5285891623175,3666.016193096835,3687.6192261365445
2020-12-07,4804500000.0,3690.550437124961,3705.5580920267726,3681.9186875484656,3701.3065946464026
2020-12-08,4584390000.0,3699.7173925169486,3717.18966624631,3693.1201846484205,3714.32942715172
2020-12-09,5232800000.0,3711.7784031451824,3722.0858767093446,3691.327407287803,3706.2717162440763
2020-12-10,4658480000.0,3698.146997554707,3705.864533545348,3672.6880576796866,3691.3011489249275
2020-12-11,4375470000.0,3678.279615272838,3684.56948523347,3654.306487683691,3678.4386003960085
2020-12-14,4623850000.0,3675.98508288337,3687.201698058903,3648.041666358586,3664.2935597943215
2020-12-15,4387080000.0,3668.4202824061213,3687.0368109292394,3647.850216280162,3669.9092284343337
2020-12-16,4067040000.0,3674.8671641857873,3693.328605779502,3658.5998518103956,3678.364099248931
2020-12-17,4192810000.0,3682.0524551298486,3699.242501582478,3678.094934255142,3690.196203552641
2020-12-18,7097100000.0,3694.9284137083714,3706.4200884425027,3674.2950473499427,3690.4115764863254
2020-12-21,4748580000.0,3684.035916502953,3703.44982484295,3655.0372085149515,3688.473825618268
2020-12-22,4053310000.0,3685.384607852815,3697.0831183480796,3657.2622661315163,3682.9570775559923
2020-12-23,3779160000.0,3682.4002877701228,3695.6982853204613,3667.4459542886475,3680.778384412453
2020-12-24,1883780000.0,3685.897947339165,3698.6576547011214,3677.9053642717754,3686.809716694936
2020-12-28,3535460000.0,3697.7398959652764,3713.4353992579877,3692.1492545627825,3706.446401102338
2020-12-29,3393290000.0,3718.867425569249,3732.5281948018237,3705.1152670275537,3713.4380909448596
2020-12-30,3154850000.0,3726.1340181893715,3736.277232565114,3716.2299873615384,3719.5024384829285
2020-12-31,3179040000.0,3726.3303761537045,3745.9298483416105,3721.506551683953,3731.61147772422
2021-01-04,5015000000.0,3739.792058011413,3755.689205381136,3694.1242678492777,3722.0754020570316
2021-01-05,4591020000.0,3727.9498654825115,3749.401231741871,3692.681392354546,3723.0629074663475
2021-01-06,6064110000.0,3721.445124033759,3759.295819128493,3699.791841776202,3731.526781945908
2021-01-07,5099160000.0,3734.8650270697217,3779.3008294141364,3723.578873839324,3757.9385075627065
2021-01-08,4773040000.0,3771.5287873200677,3800.5047581835784,3753.4112936294546,3790.4636840022013
2021-01-11,4465430000.0,3787.320749111145,3804.569396547381,3765.419075760903,3789.0054288782367
2021-01-12,4994950000.0,3786.6907370854274,3807.4443254168796,3769.7959440000745,3794.1507671209847
2021-01-13,4602510000.0,3794.804953218988,3815.8306550713264,3782.441156137957,3803.73039843032
2021-01-14,5198480000.0,3808.4672586707884,3823.5705079675363,3791.4536909714598,3807.0774437308437
2021-01-15,5369820000.0,3806.7356172358955,3815.0182550217237,3781.047849655643,3796.221337661795
2021-01-19,5014440000.0,3799.147053444134,3812.9313856671174,3780.4260861308508,3797.908987270322
2021-01-20,4566190000.0,3805.1925181188553,3831.6101716420203,3795.410807549247,3818.9417312316846
2021-01-21,4501760000.0,3827.954845540271,3852.5205635753778,3820.3252306344402,3841.1787631836874
2021-01-22,5110890000.0,3838.0965230173215,3853.4025879743,3826.496358701025,3841.989923432833
2021-01-25,7000840000.0,3844.924968265817,3856.282862621193,3819.3242944806157,3849.497588457543
2021-01-26,6137500000.0,3854.369033729388,3866.4066432018494,3832.258260783963,3856.163500856957
2021-01-27,9976520000.0,3854.883957376552,3861.824759635316,3796.804099470195,3816.837395747348
2021-01-28,6992770000.0,3816.455238613164,3851.1702290749317,3776.726942043306,3803.2761368327856
2021-01-29,6643370000.0,3790.7531116817713,3814.4498872804315,3736.203274510506,3765.3806649538024
2021-02-01,5436230000.0,3774.8716523370013,3804.8932367283987,3738.3599928015956,3775.5071669469517
2021-02-02,5514090000.0,3783.468619680489,3821.6515080297963,3762.5752001005494,3795.7633871511966
2021-02-03,4864870000.0,3811.41178171253,3835.520956644101,3799.8353059651945,3817.8074673358765
2021-02-04,4879240000.0,3829.447280316243,3853.6800751072856,3817.9068607332697,3838.5970699840395
2021-02-05,4879470000.0,3846.4218333978647,3866.075501941614,3835.8942921866146,3852.881930034596
2021-02-08,4648360000.0,3862.5599457424883,3882.207403244368,3857.769206768333,3872.7885705732965
2021-02-09,4568320000.0,3877.9867943400486,3897.100404004683,3876.7175038774308,3890.8758059085376
2021-02-10,4837070000.0,3898.692128287449,3914.5801581953697,3884.9868475918443,3900.699344958014
2021-02-11,4590960000.0,3907.0003873764613,3921.7760481734695,3890.1930723765995,3910.5057842348056
2021-02-12,4135060000.0,3913.525094775334,3933.2425852810666,3903.2627827152387,3926.9965716185948
2021-02-16,5058990000.0,3927.6425555095143,3944.506253944345,3914.6750114675647,3933.4369679260662
2021-02-17,4730650000.0,3927.8406209614386,3943.4120253119463,3907.8062782925613,3931.7306139026814
2021-02-18,4793650000.0,3920.3177994467865,3931.176668494874,3891.2145312508233,3921.910075162167
2021-02-19,4845320000.0,3917.03546002618,3926.640009986415,3894.0392222066894,3912.4922052250977
2021-02-22,5917100000.0,3905.932086637461,3919.4778667062665,3891.518989763858,3901.8171257421563
2021-02-23,6296610000.0,3887.369023388365,3913.6351072860202,3859.872770343476,3896.768579806488
2021-02-24,6012790000.0,3885.4360345717846,3920.0211567918222,3857.0103715756977,3909.934468656153
2021-02-25,6547470000.0,3899.9619912823473,3927.1658792793546,3839.092164146408,3884.1854707777397
2021-02-26,6526070000.0,3877.7587023797996,3901.0496029722867,3813.112971021009,3844.222607150177
2021-03-01,5114820000.0,3854.6448804505,3901.129110070075,3818.0313683676677,3864.4149482091952
2021-03-02,5536010000.0,3871.8773852459085,3904.259826855076,3845.3170228369745,3876.2687256636978
2021-03-03,6173660000.0,3874.411140898863,3896.2411933497947,3835.3552621822355,3851.3859857034035
2021-03-04,7195400000.0,3848.9989107589727,3868.3048662658966,3784.185357827294,3805.3465113230795
2021-03-05,6851070000.0,3818.1075370449857,3860.1153842652448,3743.7038597421874,3822.342195545941
2021-03-08,5871710000.0,3834.369734058667,3874.189684135568,3793.630120449113,3836.1557175277203
2021-03-09,5513560000.0,3848.903005625376,3891.0102511006357,3834.702625761391,3849.411480980761
2021-03-10,5847380000.0,3865.8687848522845,3902.064534618055,3853.0100003754874,3864.3560733564577
2021-03-11,5312880000.0,3881.9485255874024,3920.1427959214593,3863.233452574629,3888.662470727048
2021-03-12,4476280000.0,3893.2342113290197,3927.923045293427,3886.467634364837,3912.5632154604764
2021-03-15,4900100000.0,3915.7039858277662,3943.8847347234487,3907.5556920852378,3938.714343602157
2021-03-16,4613080000.0,3941.63829935467,3963.847840041027,3932.998539904021,3953.9757778778057
2021-03-17,4561660000.0,3953.7236829687113,3978.1012409564673,3947.7470454483077,3972.798688215034
2021-03-18,5118590000.0,3959.5566878999784,3983.156951492082,3938.1888016944654,3951.6621991346383
2021-03-19,7757420000.0,3938.4536604715986,3954.691170047805,3907.0925176811575,3926.8479518783943
2021-03-22,4316260000.0,3924.3701824052387,3950.7116198200006,3905.934963511908,3932.095931072547
2021-03-23,4669010000.0,3929.0450139770483,3949.489644586029,3900.3989990412674,3917.689639378824
2021-03-24,4783020000.0,3920.492061403799,3943.816815669918,3896.570443574702,3909.502434737212
2021-03-25,4948340000.0,3909.161856062474,3937.512632123102,3885.3099666486637,3909.575293138861
2021-03-26,5483160000.0,3912.1219969029767,3952.319558973002,3895.1331458199443,3938.9090474097507
2021-03-29,4628180000.0,3940.632915476321,3973.659275260301,3924.6711465222147,3970.6729937648765
2021-03-30,4121510000.0,3966.5515907131808,3975.406163482874,3942.508964129878,3966.6626708751455
2021-03-31,4578050000.0,3968.2588906643728,3986.1320263236003,3956.94152890346,3971.8518401990896
2021-04-01,4162130000.0,3979.7292645525163,4006.763270122141,3976.733696180951,3997.790422725116
2021-04-05,4005030000.0,4009.863856685472,4043.6649052426746,4013.241070180682,4040.8972598938085
2021-04-06,4081270000.0,4041.091597767694,4066.504546195157,4039.4395725164986,4053.7646244429957
2021-04-07,4120810000.0,4054.548296778367,4066.93372264451,4050.1363163323886,4062.7470719033054
2021-04-08,3907100000.0,4066.2323380417006,4079.366304654379,4063.8386935940193,4076.1575522057237
2021-04-09,3640390000.0,4080.1422842757925,4102.444350000325,4081.421423402069,4102.094037785761
2021-04-12,3588900000.0,4102.118993641534,4123.171906390244,4099.43513895811,4114.77364399335
2021-04-13,3734720000.0,4118.635631841244,4133.094611272937,4111.396023148089,4127.60288548414
2021-04-14,3985350000.0,4125.292556574656,4139.804146767627,4113.419186479988,4122.849417574007
2021-04-15,4033420000.0,4130.3096354065265,4151.7557519965585,4122.27181404732,4139.698018400636
2021-04-16,4163820000.0,4146.2340322179925,4170.764747896018,4141.742574929442,4160.195442797624
2021-04-19,3810290000.0,4163.5357718344985,4176.984359351197,4148.696225848143,4165.872637880476
2021-04-20,4342650000.0,4165.788432661265,4173.942766696073,4139.047373508727,4155.784337964426
2021-04-21,3887250000.0,4154.367212950151,4176.380189124696,4134.3238807403095,4162.0621608630245
2021-04-22,4245140000.0,4161.806827226623,4182.090927296837,4134.078844134903,4158.882761802776
2021-04-23,3569880000.0,4158.809188902369,4190.141354087437,4136.348593009314,4167.670851927398
2021-04-26,3748320000.0,4171.002697786516,4192.473535333514,4157.548219262516,4176.741126864867
2021-04-27,3710700000.0,4179.907502790513,4192.787844618263,4171.157859722352,4183.412271497299
2021-04-28,3787360000.0,4184.602879412039,4196.69640805059,4174.645173867248,4185.606454989922
2021-04-29,4298680000.0,4193.567341430106,4207.795179552302,4177.737929498076,4194.831527965363
2021-04-30,4300880000.0,4196.788907849073,4207.0537737581035,4176.672784759012,4192.588074529038
2021-05-03,4070220000.0,4195.820516478925,4207.243094023165,4180.654472728354,4191.199367857473
2021-05-04,4452460000.0,4188.306913655624,4197.371154927333,4161.394881853628,4179.441724782198
2021-05-05,4230920000.0,4182.306746058786,4192.119051475936,4156.308819563967,4172.395956652562
2021-05-06,4511000000.0,4174.562065895123,4193.9965582414015,4149.726544246645,4178.9131550755565
2021-05-07,4016080000.0,4182.550500000276,4206.414833086693,4161.203037714438,4194.636191324287
2021-05-10,4560700000.0,4196.115670378408,4217.845241935522,4171.496932534604,4191.577592152917
2021-05-11,4870710000.0,4179.821123883489,4194.218647816566,4149.384493967204,4173.596866829326
2021-05-12,4733070000.0,4152.106277466741,4156.432061130342,4097.966958012558,4117.4323060903025
2021-05-13,4779540000.0,4112.2673383454185,4144.275978311456,4086.364414459394,4114.151059106841
2021-05-14,4008880000.0,4128.202848570001,4171.491847546234,4118.309478568183,4146.035555105385
2021-05-17,4125050000.0,4145.948532014057,4165.404150015177,4129.749037344429,4156.775738743034
2021-05-18,4398150000.0,4155.705938854864,4159.194016378114,4120.606770957424,4132.133648489972
2021-05-19,4247450000.0,4113.727539895747,4134.294251160012,4077.5677856541506,4112.333134840263
2021-05-20,3978880000.0,4118.084849510066,4150.16974448135,4102.205722554768,4137.413615772133
2021-05-21,3995250000.0,4137.739036941147,4167.56853841132,4127.823011904453,4151.96157479026
2021-05-24,3684800000.0,4159.759567851717,4191.070216584901,4147.606936786296,4161.283051854468
2021-05-25,4182250000.0,4174.38793388738,4192.202488941935,4156.789591237997,4166.714486815851
2021-05-26,4420890000.0,4173.5074589980895,4194.4417192426545,4163.711682111994,4177.0447968432545
2021-05-27,6406310000.0,4186.9567499268815,4201.23020130849,4181.496485258738,4187.691500147788
2021-05-28,4649250000.0,4199.251458186141,4212.948149819169,4195.380597484971,4192.966754983443
2021-06-01,5074670000.0,4209.0281557824,4222.953550247947,4199.7844122331,4199.566011238352
2021-06-02,5833670000.0,4208.6067424211,4221.327944678702,4199.146451260642,4199.783076813427
2021-06-03,5587970000.0,4198.944366876302,4211.915209021899,4181.2606940669375,4199.382221139971
2021-06-04,4139790000.0,4202.708403971773,4220.513759957508,4194.062912790765,4211.516530619878
2021-06-07,4476920000.0,4214.869816851733,4229.927139276614,4206.214797522463,4221.55968153049
2021-06-08,4659620000.0,4227.811081683393,4237.337253063328,4214.63370473831,4228.771011006353
2021-06-09,4713260000.0,4234.708926158503,4241.196630115486,4219.901380792445,4230.486040178972
2021-06-10,4408210000.0,4238.027883873682,4247.331488819493,4221.552215574245,4238.7600328574745
2021-06-11,3815010000.0,4240.582098637767,4249.648188807211,4225.731126233415,4246.319968566536
2021-06-14,4151200000.0,4247.984907516812,4253.214151158873,4231.879050188008,4255.546394817906
2021-06-15,4048940000.0,4251.888040921145,4255.459163759697,4233.2762239098765,4251.64255665078
2021-06-16,4538350000.0,4251.809103023561,4254.955940898445,4221.626705114028,4242.977763222726
2021-06-17,5312680000.0,4239.585782517238,4247.196604477505,4209.508194902969,4232.560817749188
2021-06-18,6817010000.0,4226.113236805535,4227.962996831718,4190.847005521614,4207.920599178527
2021-06-21,4128950000.0,4199.885127581618,4228.296697660848,4184.340899125054,4214.072524308846
2021-06-22,3828390000.0,4213.921903175139,4242.925595845661,4199.1853494451625,4232.561191885916
2021-06-23,3730350000.0,4231.830954722557,4254.213193363932,4224.684995757882,4240.599180899864
2021-06-24,3816660000.0,4248.161151235066,4259.251273331047,4240.4747025008455,4245.2041640438465
2021-06-25,7341450000.0,4255.700748130002,4266.1667911568675,4248.919146151795,4256.588571641512
2021-06-28,4147890000.0,4261.63432582661,4275.7548042959015,4252.5149267658535,4269.663016664581
2021-06-29,3707150000.0,4273.295820542992,4283.846687896138,4270.095940479826,4276.304052319144
2021-06-30,4266040000.0,4278.017107935939,4292.137951543923,4279.932533759109,4282.5415120811585
2021-07-01,3788230000.0,4290.535785241279,4306.074411826523,4294.535624009485,4301.930260119256
2021-07-02,3225840000.0,4307.945430204148,4331.275339335828,4313.028927608424,4326.871293755682
2021-07-06,4309570000.0,4335.426564570206,4347.64509536086,4318.643145215975,4339.428746344505
2021-07-07,4037380000.0,4345.914811084881,4356.163205037217,4324.270619520439,4347.034310850872
2021-07-08,4347500000.0,4336.423092202484,4344.865528806064,4307.352108192015,4337.143177619041
2021-07-09,3531120000.0,4327.391300105231,4355.63492503435,4314.498365018812,4347.956424577486
2021-07-12,3384460000.0,4348.385371038669,4371.470240776,4335.459755614675,4366.315013863834
2021-07-13,3695430000.0,4363.382156619868,4380.884061783704,4346.115483146134,4364.628245428928
2021-07-14,4006370000.0,4367.4128710090135,4382.328175880637,4348.20693426793,4363.44927308886
2021-07-15,3905230000.0,4363.513190345626,4375.519528753192,4346.7927097711745,4363.887568261723
2021-07-16,3985700000.0,4367.119689253347,4378.002689910123,4343.364033471463,4355.697740761258
2021-07-19,5157660000.0,4345.040384625671,4344.14416993455,4293.624040359847,4311.132385834924
2021-07-20,4438270000.0,4298.956815683454,4338.923624661878,4270.092228153863,4315.932588208639
2021-07-21,3810280000.0,4318.167101751719,4350.388943479683,4302.201708596693,4338.061102326211
2021-07-22,3358300000.0,4344.074632446622,4365.83575901541,4336.605990780223,4363.847406499259
2021-07-23,4540070000.0,4372.75846422431,4392.930283931826,4370.664983380395,4386.125000667307
2021-07-26,4275630000.0,4388.884745461324,4409.118415811952,4376.8770314287885,4403.639816290112
2021-07-27,4241950000.0,4401.622585035038,4418.100131593296,4382.972016557498,4406.269977493144
2021-07-28,4215290000.0,4411.668064899959,4422.017857872182,4392.390281185965,4410.685080089431
2021-07-29,4044600000.0,4411.493354390212,4425.324644539601,4400.779840941206,4409.529964636741
2021-07-30,3956740000.0,4405.648247466357,4420.1568429931485,4392.397656391683,4405.261837601944
2021-08-02,3724090000.0,4402.034349372397,4417.583101009607,4385.631584157495,4394.220691280612
2021-08-03,3965190000.0,4396.5856113475265,4418.286034420712,4374.999764645057,4397.857840457717
2021-08-04,4260760000.0,4396.1605261051,4413.385076045939,4379.118298904806,4395.022366748808
2021-08-05,3769410000.0,4397.737083545317,4416.366604302764,4390.531607036889,4407.535575742709
2021-08-06,3451870000.0,4409.570080979532,4426.422993820349,4407.577670659969,4420.759086051465
2021-08-09,3449280000.0,4423.759535874646,4433.752866043022,4415.016881528661,4427.581912714813
2021-08-10,3886610000.0,4429.3589907474625,4437.125081333039,4419.950285482868,4430.693281626055
2021-08-11,3532560000.0,4432.354831354882,4440.168236679813,4425.71120763702,4433.960770686894
2021-08-12,3375310000.0,4437.090944615736,4447.61622796502,4431.102011463372,4443.647431038842
2021-08-13,3016470000.0,4445.786289946658,4454.592287847873,4440.266057448756,4452.219951830295
2021-08-16,3370640000.0,4451.8796351714855,4463.102369779413,4441.201649600729,4462.321389794156
2021-08-17,3836960000.0,4455.168371130485,4463.780911113926,4433.712340948026,4459.130611077739
2021-08-18,3755590000.0,4452.738335187634,4461.598248941386,4420.9682626502945,4437.1258504946045
2021-08-19,4398410000.0,4423.082414676989,4444.371767225779,4399.124913072892,4422.011459949471
2021-08-20,3652610000.0,4420.043953239193,4447.116896185916,4407.276371006034,4435.913220417597
2021-08-23,3576530000.0,4434.687284768815,4462.6477285885185,4424.90365797414,4454.186053981688
2021-08-24,3979220000.0,4460.764992229959,4480.483878238261,4458.901348408682,4472.247612965194
2021-08-25,3444700000.0,4478.661917463521,4488.803773778069,4472.470788550403,4476.804155049056
2021-08-26,3263980000.0,4476.35130119475,4489.221460783187,4465.89172776769,4475.943341133678
2021-08-27,3331200000.0,4481.12823012609,4499.9214631061195,4473.644079092123,4491.930352093634
2021-08-30,3168660000.0,4494.506196425912,4515.742764566133,4487.577516824677,4505.618750677475
2021-08-31,4290710000.0,4511.510365448299,4522.1578021127225,4502.741898128641,4511.809043462286
2021-09-01,4057340000.0,4514.779158401,4525.3067719295595,4508.531499360813,4512.085347982649
2021-09-02,3735990000.0,4522.343565506773,4530.751112177013,4513.84674063593,4518.836316677823
2021-09-03,3217530000.0,4523.616002034503,4535.107273060101,4516.3444052932355,4524.635715404686
2021-09-07,3822960000.0,4530.106500812855,4536.219215180946,4516.224328607372,4524.49166202451
2021-09-08,3750880000.0,4525.140925579509,4531.523594167857,4505.709831147684,4521.542403596104
2021-09-09,3735390000.0,4520.289664960093,4533.479512065322,4501.9238311904455,4511.799247195507
2021-09-10,3623180000.0,4519.198453967613,4532.455689390779,4488.299250118513,4494.722307936385
2021-09-13,3914220000.0,4505.94280769513,4521.762791637198,4472.316680454278,4486.776737858239
2021-09-14,3670460000.0,4496.406398970885,4503.5948367480205,4455.367862796968,4470.680874697757
2021-09-15,4032020000.0,4472.8374431144,4494.984754912667,4444.019342481723,4470.424635034213
2021-09-16,3984560000.0,4471.3901812875065,4490.008275882105,4440.385150283878,4474.93397993383
2021-09-17,7289530000.0,4468.943910503532,4481.0999746647885,4431.875057666696,4455.318399273584
2021-09-20,4898070000.0,4440.138260927987,4443.204715836991,4371.850335429191,4409.379316668728
2021-09-21,3920920000.0,4399.937725367687,4409.433551199313,4346.606515144722,4371.467823131017
2021-09-22,3939170000.0,4380.296166510264,4413.4772217662185,4358.270852253272,4389.219454324539
2021-09-23,3916350000.0,4394.42980700921,4447.57514805404,4399.058048663307,4428.588054469121
2021-09-24,3384290000.0,4426.117680219066,4459.746511927273,4414.7256288038425,4439.6690125713185
2021-09-27,4058650000.0,4433.074732704313,4445.222023993316,4408.058571363753,4418.911401655749
2021-09-28,4416550000.0,4410.192825044851,4428.077130212384,4376.877669126656,4388.441135695113
2021-09-29,3712660000.0,4389.233125005804,4405.890317325038,4357.6628605550895,4365.386769484965
2021-09-30,4448140000.0,4370.448138600964,4387.580626823877,4323.622697056052,4339.58141161712
2021-10-01,4010370000.0,4342.4641884795365,4388.646796588523,4313.34993312191,4355.788828979267
2021-10-04,4307870000.0,4347.060971083579,4368.611008625131,4286.145297787131,4320.698103664151
2021-10-05,3902890000.0,4326.327837395659,4362.538823308678,4288.964171649015,4318.390669362842
2021-10-06,4009630000.0,4316.441961870678,4358.338166777603,4284.539576315871,4335.576277189914
2021-10-07,3843740000.0,4343.342127538759,4394.135359399555,4335.417241196321,4369.817424027713
2021-10-08,3280160000.0,4381.447269313601,4402.974829949908,4359.249795798575,4370.925336898717
2021-10-11,3281970000.0,4378.671402186602,4402.573583617322,4356.036416615981,4364.579800980677
2021-10-12,3558450000.0,4368.789884989222,4390.395000193625,4349.365907994165,4361.9288369297465
2021-10-13,3620070000.0,4365.366232651187,4381.135659147569,4343.082817994473,4360.471665224869
2021-10-14,3598280000.0,4378.003533100708,4407.383962022062,4364.00376210393,4389.629644471043
2021-10-15,3819380000.0,4414.505702083949,4452.73100904035,4408.17584215585,4444.0164568688415
2021-10-18,3662010000.0,4445.57377391938,4476.138823402351,4435.570009707493,4462.605353864307
2021-10-19,3459130000.0,4471.489788758364,4490.186793978442,4453.763611078391,4480.233424892148
2021-10-20,3670760000.0,4489.999407760021,4510.969644307031,4486.971531968977,4506.044583576064
2021-10-21,3822330000.0,4513.385292322478,4535.953645941631,4509.695941349167,4535.136145250618
2021-10-22,3758220000.0,4530.441723041265,4549.327851169799,4520.426993644969,4537.625144406324
2021-10-25,3899400000.0,4544.261019205541,4560.783878793507,4525.641080597594,4549.49815728077
2021-10-26,3879740000.0,4556.655676585127,4577.569258529776,4547.83937698656,4563.553222125123
2021-10-27,4226050000.0,4573.256910477276,4586.062891239531,4558.863945589388,4570.003677626007
2021-10-28,4132950000.0,4578.808732426597,4597.122977623051,4569.744338548058,4586.543948355846
2021-10-29,4510200000.0,4583.861784854402,4611.1696996310475,4575.629489127652,4603.975377115982
2021-11-01,3971540000.0,4600.753375519053,4621.299671540829,4588.253685093799,4613.697796534724
2021-11-02,3975250000.0,4610.646160883617,4629.76538487092,4600.655201963132,4619.465095695797
2021-11-03,4319660000.0,4619.353057200682,4645.378958649557,4609.482364734389,4637.482013545853
2021-11-04,4462300000.0,4637.905201134734,4666.334242892433,4633.608694126037,4661.268861779684
2021-11-05,4467180000.0,4670.685347504407,4694.215476120979,4660.123178358043,4679.530513898367
2021-11-08,4269710000.0,4692.303714442204,4708.511678592407,4681.234315838846,4691.858971631285
2021-11-09,4117080000.0,4699.357391252159,4710.612508956133,4679.451514790946,4693.058011952654
2021-11-10,4503720000.0,4692.663530860563,4703.248344090998,4658.425506804523,4673.807807748181
2021-11-11,3926870000.0,4677.0090726335275,4684.306725560728,4654.96103456845,4666.63228149339
2021-11-12,3728600000.0,4671.384060748283,4692.909155949531,4662.206374292058,4678.108939738642
2021-11-15,3488410000.0,4679.822635682158,4695.599119670412,4660.078700456096,4675.349831443429
2021-11-16,3972640000.0,4675.776269403055,4698.803330166599,4661.848211910536,4680.369826795217
2021-11-17,3969070000.0,4680.3674705357835,4698.887420782566,4667.610916339493,4682.225951805609
2021-11-18,4226410000.0,4687.956842386066,4701.385176182309,4669.809186270387,4689.237694859245
2021-11-19,4253180000.0,4694.3687120564055,4706.715731427274,4675.1745047290715,4690.905944517742
2021-11-22,4441100000.0,4697.291796445012,4718.759359802634,4674.988204999907,4683.363334727113
2021-11-23,4277590000.0,4686.821768049535,4708.146271112911,4661.990977630105,4680.471422671673
2021-11-24,3418430000.0,4678.128243531763,4702.009547488292,4655.812342363947,4688.505596176015
2021-11-26,3517700000.0,4666.954678709617,4677.891837103997,4616.754689929939,4642.613968678078
2021-11-29,4336410000.0,4646.043871433778,4673.399401027757,4613.9883404883585,4636.4067939767265
2021-11-30,6625990000.0,4637.386781062072,4659.174600418669,4590.290441355148,4605.795176249833
2021-12-01,5366730000.0,4619.63929821437,4651.33116828263,4550.597624158808,4560.987192670646
2021-12-02,5077180000.0,4565.3767208001245,4626.148251372505,4527.5702872924185,4568.407417643215
2021-12-03,5240070000.0,4578.413714123982,4615.835030921459,4516.187326502941,4554.958996948649
2021-12-06,4770800000.0,4565.95143113801,4613.594897988351,4528.250416780019,4574.67869927254
2021-12-07,4492400000.0,4601.149765076289,4650.051591387521,4584.626205585888,4629.476336387215
2021-12-08,4234600000.0,4645.314565053531,4680.448905603969,4633.587820328041,4657.991852439179
2021-12-09,3903840000.0,4665.565282634734,4682.757372272032,4647.121076787349,4665.265242407905
2021-12-10,3870110000.0,4672.532408237073,4689.672751876181,4653.585669412933,4675.670601215718
2021-12-13,4397230000.0,4688.940463336462,4701.965132724969,4666.4749633483725,4683.855824810041
2021-12-14,4485430000.0,4669.726347174267,4685.688964752576,4633.152655552501,4659.385445719718
2021-12-15,4910130000.0,4646.422837535497,4698.889061768768,4625.333328969671,4688.306025116915
2021-12-16,4829500000.0,4688.850645707785,4716.802291851524,4633.250310746668,4676.99831486255
2021-12-17,7987090000.0,4671.21045779345,4695.573714791552,4612.659672255364,4638.32852059471
2021-12-20,4635700000.0,4610.0717218627005,4624.083044288226,4550.61830704268,4592.524084087796
2021-12-21,4072430000.0,4589.772891205087,4646.762677972829,4570.597690761112,4625.886949028111
2021-12-22,3319610000.0,4635.690764100712,4680.465713980203,4614.741276769498,4675.740914627508
2021-12-23,2913040000.0,4695.281925379856,4729.072411970271,4691.0528560121875,4721.034028462242
2021-12-27,2770290000.0,4722.486275264898,4769.3725075881375,4719.256785500863,4753.615203545327
2021-12-28,2707920000.0,4765.6375734851,4786.799413500605,4758.228548627748,4787.546703980945
2021-12-29,2963310000.0,4791.495348758218,4807.388454961653,4785.9919756547315,4801.9553491001425
2021-12-30,3124950000.0,4803.913385918989,4817.839826466699,4788.602885541466,4802.4755045089105
2021-12-31,2677820000.0,4800.093044571953,4811.798479311825,4785.776453148972,4791.381751709312
2022-01-03,3831020000.0,4792.321844665067,4803.81335699223,4769.69857763328,4792.549140384476
2022-01-04,4683170000.0,4797.165274614442,4810.89910151489,4777.081456980739,4798.271078583875
2022-01-05,4887960000.0,4797.65782071369,4806.84842724505,4746.9969697268,4759.100140754265
2022-01-06,4295280000.0,4748.767431886084,4767.22651040313,4700.381222299345,4719.625434162481
2022-01-07,4181510000.0,4706.500334029956,4723.90357469563,4677.591544493623,4692.801603933025
2022-01-10,4511810000.0,4681.714853080883,4700.531016347279,4630.32488336422,4692.237649763802
2022-01-11,4101590000.0,4680.30850227184,4716.513072799619,4633.007849826269,4694.8248891767835
2022-01-12,4048220000.0,4697.138113316791,4730.879399803145,4664.7375050154915,4713.230600683939
2022-01-13,4251730000.0,4723.249678115433,4739.208817206,4666.878822143522,4681.767597020183
2022-01-14,4338490000.0,4670.480563552996,4689.549987771918,4633.096235463587,4675.7800588820155
2022-01-18,4748700000.0,4649.758018162967,4660.094702523349,4607.5881789356345,4633.444477185615
2022-01-19,4465740000.0,4619.640163674679,4632.632284994958,4568.819575279722,4579.572816921853
2022-01-20,4640870000.0,4587.1481469581295,4630.546316083052,4525.346526352474,4521.993253203512
2022-01-21,5589100000.0,4522.557688097937,4556.805468530982,4452.137387878374,4459.96204863729
2022-01-24,6928110000.0,4424.294323122696,4463.281719272962,4322.848276819523,4424.707016106028
2022-01-25,5145050000.0,4382.151795918609,4425.269218630738,4288.518023714331,4394.8949188713905
2022-01-26,5570640000.0,4388.751900571894,4437.515353103208,4292.723440779,4367.517848303588
2022-01-27,5214200000.0,4390.1866185522895,4439.101328000386,4305.706738018708,4354.9675865856625
2022-01-28,5031090000.0,4362.896108234361,4430.156426968051,4296.375999304817,4378.439473289567
2022-01-31,5098610000.0,4379.643445413709,4454.583305463091,4341.9635636411795,4444.338782433931
2022-02-01,4816830000.0,4450.324319845541,4509.7975261043475,4417.317026324276,4506.679155454061
2022-02-02,4481580000.0,4533.744052438884,4562.259571153324,4510.7712639914,4548.175105293346
2022-02-03,4401970000.0,4535.873505569632,4558.812349293811,4492.673443850266,4523.337943385651
2022-02-04,4706290000.0,4508.617560074231,4554.8217488012315,4478.801526879703,4508.9600966186945
2022-02-07,4228480000.0,4508.555914110863,4534.439782681297,4476.165361277686,4500.673006557407
2022-02-08,4459620000.0,4513.23214304142,4550.028352080812,4501.143955046208,4536.484225135808
2022-02-09,4524350000.0,4542.3860514807175,4575.300919995696,4529.209165084849,4558.545438829102
2022-02-10,5314860000.0,4549.526337728479,4586.31292324857,4505.061336785778,4525.55887668316
2022-02-11,5251500000.0,4515.923878786124,4544.274810830264,4422.463837384135,4438.1846023449125
2022-02-14,4600390000.0,4441.136840033484,4464.926879865834,4377.54656532123,4427.388425025506
2022-02-15,4430830000.0,4436.860146423875,4477.911634944334,4422.331846148374,4478.5647763143825
2022-02-16,4283640000.0,4477.888744911619,4518.03030008334,4457.0120028428,4497.531996145848
2022-02-17,4539420000.0,4475.100836568736,4487.0966531026315,4401.343189677612,4421.875584332337
2022-02-18,4708060000.0,4414.304694085407,4423.361942111676,4340.967932477969,4363.487321812769
2022-02-22,5121900000.0,4352.703128257275,4367.175003638519,4301.129641534004,4329.330193608391
2022-02-23,4797430000.0,4334.311200619942,4353.183136405891,4254.32558984143,4275.2799212024565
2022-02-24,6752130000.0,4222.2725264192595,4320.027259158682,4165.469184774782,4258.368690615961
2022-02-25,5177060000.0,4255.666333333038,4335.43108245783,4212.610699735472,4321.293874193887
2022-02-28,6071370000.0,4306.024418035368,4366.747462915853,4275.841612768558,4369.3020150582215
2022-03-01,5846230000.0,4360.890348493195,4376.937297075523,4295.114686813375,4317.439836576051
2022-03-02,5337870000.0,4316.762822617464,4381.508150764709,4277.003896044376,4344.871450356117
2022-03-03,5039890000.0,4354.287394354121,4407.335826096869,4327.763422790522,4374.533665056774
2022-03-04,5797380000.0,4373.2301764021795,4389.685138688674,4330.801538899098,4378.285987915939
2022-03-07,6940470000.0,4362.687606936128,4356.148723431313,4248.867604147054,4277.318722764521
2022-03-08,7243120000.0,4256.013832604443,4301.7347542235575,4180.195149471596,4199.739825706594
2022-03-09,5662670000.0,4225.163648856173,4292.31942781222,4196.921814319581,4223.407690736922
2022-03-10,4980830000.0,4230.92360450464,4274.011574887257,4204.699545722116,4244.46478521332
2022-03-11,4938640000.0,4252.129395162529,4276.885892452021,4195.139790435203,4219.070220603305
2022-03-14,5574920000.0,4217.760874695504,4257.632042118603,4158.117175980725,4166.311489188352
2022-03-15,5392470000.0,4182.4391995287315,4259.84764451835,4176.340288049013,4205.497241017968
2022-03-16,6309750000.0,4235.551177116355,4302.248685880273,4206.935246992815,4310.851253560611
2022-03-17,4985090000.0,4314.0153691563755,4368.540867991474,4283.890162406798,4367.313295975871
2022-03-18,8278430000.0,4369.4075778550505,4427.58252774639,4342.991918554692,4418.647078067406
2022-03-21,4869820000.0,4414.12336560736,4459.120959610748,4391.308599917746,4440.571536029099
2022-03-22,4754840000.0,4450.111420177007,4498.91191826377,4437.931661359783,4487.0206182487
2022-03-23,4550670000.0,4481.2796227211265,4510.950681577649,4456.5828614152815,4490.992117709454
2022-03-24,4131390000.0,4490.98412472115,4527.641699055302,4475.143019588371,4511.46511607536
2022-03-25,4305020000.0,4513.299677324917,4544.681710241161,4495.83295688155,4537.767908261255
2022-03-28,4312260000.0,4538.136531617999,4562.925563773041,4513.178245653172,4553.204567679293
2022-03-29,5085910000.0,4563.3615378326995,4592.013204171776,4541.988536870054,4580.574897933626
2022-03-30,4385570000.0,4589.256021608747,4612.180402657267,4557.8466691343665,4591.998798683343
2022-03-31,4823020000.0,4592.212677077577,4607.872918576592,4548.82924496863,4580.625064845254
2022-04-01,4562940000.0,4582.098216288015,4588.599323331345,4539.3914636916925,4561.519094398819
2022-04-04,4547350000.0,4563.290307397627,4585.971734071569,4541.464003674008,4586.833376187755
2022-04-05,4800620000.0,4586.408133840754,4610.039451871755,4544.775548059564,4563.673741822918
2022-04-06,4986830000.0,4545.558205050907,4557.5923700909925,4495.8137814982,4516.800012936944
2022-04-07,4821490000.0,4499.715141182445,4520.868479594419,4459.152932542386,4488.1562704102635
2022-04-08,4083200000.0,4481.78046508608,4510.442263395759,4452.932086397382,4481.304920579169
2022-04-11,4266290000.0,4465.280837380426,4484.291420277221,4426.098946550571,4442.811098762822
2022-04-12,4152090000.0,4439.596422102631,4463.802349144647,4390.801584541219,4406.151118591401
2022-04-13,3828150000.0,4406.907945661823,4447.839870814382,4376.1798677111365,4410.116876080209
2022-04-14,4083090000.0,4410.358770904421,4445.228532936684,4375.808528579514,4403.625498510513
2022-04-18,3910490000.0,4397.403989206015,4425.593401367989,4371.401677427194,4392.993108677063
2022-04-19,4108120000.0,4390.559306243115,4441.617460721259,4378.479098889373,4423.8108754652285
2022-04-20,4290450000.0,4431.719404660894,4475.828560836279,4420.252918461263,4450.305713042947
2022-04-21,4636890000.0,4465.194619749483,4488.772828840865,4394.44356512626,4412.981512835976
2022-04-22,4651940000.0,4416.4829104152195,4432.830143943801,4322.899646218078,4324.38535457743
2022-04-25,5240040000.0,4305.878451323603,4333.11392480827,4227.296589330936,4289.415507447212
2022-04-26,4689970000.0,4267.981376475254,4279.667039456803,4192.944666984916,4232.488318704219
2022-04-27,4769680000.0,4233.957799226867,4271.962383604214,4186.581940654509,4201.283152280858
2022-04-28,4854180000.0,4230.431118711989,4288.7711411038135,4173.441303290662,4226.483061390147
2022-04-29,5084030000.0,4224.292112655907,4268.093582756048,4134.921454722186,4181.812100525363
2022-05-02,5163790000.0,4162.746395796478,4193.087212186761,4079.973593289532,4145.691137051659
2022-05-03,4582050000.0,4139.348367810876,4177.654947111651,4093.274967760862,4139.090292183167
2022-05-04,5136360000.0,4144.619689614968,4237.312069312954,4118.5370134472105,4225.834328199103
2022-05-05,5077030000.0,4218.58078177567,4279.132867374035,4107.489102534102,4174.301186318433
2022-05-06,5116940000.0,4154.2333076917885,4200.789827842847,4077.5737078625766,4144.449446015441
2022-05-09,5954520000.0,4113.983493425501,4115.579198277548,4019.3489912863192,4056.932026144683
2022-05-10,5885820000.0,4061.3452228604374,4086.2590549599227,3979.638010539138,4021.1771781120347
2022-05-11,5816140000.0,4027.380214678317,4095.28216806925,3963.445280423456,4002.41649491584
2022-05-12,6286450000.0,3982.1554008943217,4035.439087774405,3919.0164807605993,3965.376428458961
2022-05-13,5183340000.0,3966.365538735186,4021.7041803098564,3925.386260488696,3975.489413419944
2022-05-16,4415030000.0,3980.5897011948505,4033.9014401353984,3958.583948205835,4009.3058699721937
2022-05-17,4841410000.0,4041.334864664274,4077.2647255593274,4005.6409409615567,4056.6941252323677
2022-05-18,5103220000.0,4051.168920090102,4066.1830414892606,3964.6340367461007,3994.1105556128023
2022-05-19,5113550000.0,3979.251048546299,4013.3200015750494,3923.6528489779294,3952.5581125554304
2022-05-20,5130730000.0,3940.069534341351,3964.106479337067,3846.4607108396244,3921.8791938589748
2022-05-23,4420030000.0,3949.275907940523,3998.4352069934866,3923.1309022913338,3984.0277236118623
2022-05-24,4923190000.0,3978.5098875287063,3993.2451211655457,3905.8547519211174,3962.855115831816
2022-05-25,4802560000.0,3947.7466640513717,3989.3780277984183,3911.745714785637,3952.969440535391
2022-05-26,4709970000.0,3952.178191987822,4033.2004474028854,3947.6625086388653,4001.979524348028
2022-05-27,4375620000.0,4026.459997635259,4115.42673627603,4024.511636493279,4084.7377885919527
2022-05-31,6822640000.0,4102.687710945512,4138.021882683801,4061.377756646184,4113.6425411559785
2022-06-01,4531800000.0,4120.6798500702325,4146.738785586694,4063.659837348173,4101.736729858496
2022-06-02,4405790000.0,4109.691506908927,4165.011148549631,4074.811231079071,4134.0146579837165
2022-06-03,3711110000.0,4122.7203747427675,4158.688754202428,4086.604364835902,4133.63157614622
2022-06-06,4332700000.0,4142.040336701152,4165.887108035486,4104.114816262742,4127.177896690752
2022-06-07,4248210000.0,4120.696174907899,4168.121937559022,4095.3404362640467,4140.754990456621
2022-06-08,4159470000.0,4128.660179332229,4162.388994696868,4091.7403153800196,4135.439384173517
2022-06-09,4134170000.0,4117.980037043157,4140.144711867291,4067.0062454596227,4097.850598011351
2022-06-10,4889640000.0,4058.7324464444364,4059.290853022431,3987.989271226186,3986.0695177403877
2022-06-13,5636890000.0,3929.7227296778715,3917.9302122453864,3828.515171058232,3836.556627076298
2022-06-14,5153890000.0,3808.8451587286954,3812.6994179636567,3733.317836485287,3769.476923278789
2022-06-15,5530480000.0,3795.351316835507,3845.9182639987193,3744.525784532781,3787.0039038975265
2022-06-16,5644930000.0,3758.057723770723,3769.621828839311,3675.228869127397,3710.7910215489637
2022-06-17,8520740000.0,3690.586062211792,3707.4993219134435,3627.059824944849,3654.087339089543
2022-06-21,5292260000.0,3665.809729436538,3712.1979684830403,3650.215329770747,3690.6763212990636
2022-06-22,5058990000.0,3703.367108800944,3773.830249352716,3704.5103354291878,3749.4263095300207
2022-06-23,5098640000.0,3753.893492001779,3804.259044272568,3735.668443703713,3786.461723646565
2022-06-24,8120260000.0,3799.2262466517027,3865.0998171593774,3787.877578860962,3844.2710653220165
2022-06-27,4325310000.0,3854.3113171796717,3887.728997704609,3828.154466816311,3869.5447323233816
2022-06-28,4270120000.0,3891.4187540440435,3925.2103095819325,3832.8305066091275,3847.3585994093314
2022-06-29,4211240000.0,3863.695100564451,3890.2589284475093,3820.916973084348,3828.6289167306204
2022-06-30,4840070000.0,3815.1995060834315,3845.5597469273716,3779.1546536649403,3818.366250040398
2022-07-01,4046950000.0,3803.872255512243,3840.6164972424426,3767.3743620620803,3825.6261206014365
2022-07-05,5076590000.0,3802.8664953469493,3838.6311297894213,3753.8463621890846,3834.527683735485
2022-07-06,4417720000.0,3820.562041711882,3859.7623952856543,3784.8788590372847,3844.477350940768
2022-07-07,4057770000.0,3848.4213015402493,3889.0203081321524,3825.6999198265853,3871.888715782632
2022-07-08,3521620000.0,3863.48523215659,3901.9533343862545,3848.9919583688456,3892.5655808398196
2022-07-11,3423480000.0,3877.7484334975866,3896.81784206968,3848.0035852476135,3871.486147273638
2022-07-12,3817210000.0,3856.997642148624,3877.479410298432,3822.8219572162307,3838.3766994424723
2022-07-13,4109390000.0,3810.71793186295,3851.307419026819,3778.1652553474605,3819.6682628054496
2022-07-14,4199690000.0,3789.620549571861,3833.128572200172,3761.3854986805504,3813.1593153042045
2022-07-15,4143800000.0,3808.303519981629,3840.7030290560706,3782.9821168422177,3827.9857281289237
2022-07-18,4046870000.0,3849.000136961511,3874.9676312350052,3809.2192148956487,3833.6433859208637
2022-07-19,4041070000.0,3866.607787977239,3923.3851336651664,3845.049574695041,3884.898409983295
2022-07-20,4185300000.0,3885.1086613574676,3942.8173304605225,3875.2233856697844,3925.912777706372
2022-07-21,4132790000.0,3926.4650245900425,3974.464129233839,3905.524365216705,3969.8418540990956
2022-07-22,3979240000.0,3973.3153159332132,4001.2462894860864,3929.53689162929,3972.330419525378
2022-07-25,3568340000.0,3980.053672215444,4002.2074749993767,3945.2503215163156,3979.61464551378
2022-07-26,3778950000.0,3975.6461377098303,3981.7051316531265,3941.370012026107,3960.6854941418073
2022-07-27,4112180000.0,3974.548552197494,4026.6238389933765,3962.3420280918263,4010.91104693202
2022-07-28,4413000000.0,4016.0826689885384,4060.0653194880338,3988.604712030862,4042.5179721289496
2022-07-29,4616360000.0,4050.3495556834096,4104.294571875722,4030.16737601385,4084.2093872842975
2022-08-01,4202810000.0,4084.0835067984626,4119.535648540655,4066.4787578014602,4092.3815006789014
2022-08-02,4727710000.0,4087.954811765787,4130.145673852802,4070.4268347681527,4098.751507926117
2022-08-03,4351760000.0,4102.1545566276845,4149.7146596407365,4086.115576409556,4120.998652469907
2022-08-04,4283320000.0,4123.298613688351,4160.677760664119,4104.854768020828,4141.432879229502
2022-08-05,4085940000.0,4129.978926705165,4159.861884480018,4113.465381396294,4142.530783337468
2022-08-08,4221090000.0,4137.203928781995,4167.980632986937,4115.99473615877,4137.7778713216
2022-08-09,3913090000.0,4133.987128237758,4158.846454792356,4111.8001345455,4129.419823048134
2022-08-10,4546010000.0,4147.969055149556,4174.872946926381,4131.8344990200985,4155.435728211524
2022-08-11,4630200000.0,4177.131917135321,4207.84941501844,4158.153489723469,4174.772362153078
2022-08-12,3788010000.0,4194.405430347367,4242.361543744184,4179.544807804867,4217.632698470036
2022-08-15,3696830000.0,4219.26314845331,4262.812596120901,4205.506423887679,4247.590704080952
2022-08-16,4329820000.0,4244.282683873132,4283.450062232441,4231.711148005401,4265.060831231277
2022-08-17,3885030000.0,4258.933256524606,4294.488646289399,4241.899206480689,4272.744210971707
2022-08-18,3340330000.0,4263.462707947785,4293.000923595487,4248.2180567095675,4274.288231053464
2022-08-19,3761340000.0,4263.539154540953,4276.673070729489,4237.500367889163,4257.04486971116
2022-08-22,3907430000.0,4233.651754555873,4240.679052284822,4189.137381187963,4203.91139356503
2022-08-23,3823520000.0,4189.169834152213,4205.682220716533,4161.57267969984,4170.392919311914
2022-08-24,3583630000.0,4161.214567708372,4185.620355470854,4149.596633086521,4163.30937766086
2022-08-25,3566870000.0,4164.502121781089,4191.165005546967,4146.726665589751,4171.291345507841
2022-08-26,3832750000.0,4175.481244577776,4196.51802237237,4110.80619950382,4132.686998145081
2022-08-29,3396510000.0,4116.90666793816,4136.757906373352,4056.2243916696093,4069.5486116697266
2022-08-30,3835860000.0,4056.297976675375,4075.287359069299,4002.528373821356,4023.038386042068
2022-08-31,4542490000.0,4029.893847304745,4041.367937232189,3979.9063333954136,3995.7560483283237
2022-09-01,4152250000.0,3994.9541673530994,4025.1465412235652,3944.8421627537086,3980.549365139517
2022-09-02,3665850000.0,3986.9779670887924,4009.1681781438847,3918.763954432777,3949.754646106147
2022-09-06,4127340000.0,3956.8030193512313,3976.8723650677625,3900.1179142095293,3928.2328509843187
2022-09-07,3890320000.0,3935.692069868242,3974.021803722056,3900.264991644777,3940.0864775169885
2022-09-08,3966850000.0,3933.257620542267,3981.9812496215623,3909.5853880750765,3963.511787339717
2022-09-09,3901940000.0,3963.117012367095,4015.7438932832897,3952.473324817803,4002.7125784352884
2022-09-12,3814200000.0,4026.685665883259,4066.286702078149,4019.236984175752,4047.5041494814614
2022-09-13,4224550000.0,4022.4060764326246,4043.132091293075,3968.894326009065,3995.538483604697
2022-09-14,4293240000.0,3980.9384956631634,3997.9365905044842,3924.124488152937,3950.0559014643604
2022-09-15,4441830000.0,3938.056971378099,3966.3961163244135,3898.3778621408733,3927.051181114617
2022-09-16,7954650000.0,3913.2055225679082,3934.316578272793,3892.6473368934317,3910.6881223866712
2022-09-19,3766850000.0,3887.942099740404,3910.4351048888825,3855.792553694521,3899.556555766839
2022-09-20,4058050000.0,3870.5118278918235,3882.982898333778,3829.3128118189284,3865.9680665774167
2022-09-21,4078330000.0,3859.001777498319,3880.052296824602,3798.738003141317,3832.293726771464
2022-09-22,4284600000.0,3824.178848083379,3856.9349115122736,3792.2040101413886,3812.0763385810824
2022-09-23,5144270000.0,3791.5282385262867,3789.9905596189537,3722.816585244297,3755.076203667474
2022-09-26,4886140000.0,3722.931417163968,3740.782239792401,3676.433858035434,3705.2318071804843
2022-09-27,4577740000.0,3714.009846171846,3741.3252868528607,3648.350341486692,3669.1121018638414
2022-09-28,4684850000.0,3680.1487491206394,3736.504260809224,3636.274316781197,3686.761584156466
2022-09-29,4681810000.0,3672.3581425650955,3703.095454851419,3616.0223896348975,3664.9391484266494
2022-09-30,5645360000.0,3644.347207940136,3671.1947065508048,3586.938517222273,3616.9832345803115
2022-10-03,4806680000.0,3621.9356169986972,3683.513859326258,3590.4358582304612,3636.516058837099
2022-10-04,5146580000.0,3672.055773863939,3750.010866197342,3669.617684657201,3735.899107526649
2022-10-05,4293180000.0,3735.5939629592644,3795.4037828709484,3720.9347793387574,3778.2183511675903
2022-10-06,4252100000.0,3759.9212265294914,3789.0108156096376,3723.2394947947682,3747.1769981755237
2022-10-07,4449660000.0,3729.471115141819,3756.1277616470456,3681.4370135204404,3690.5324714159137
2022-10-10,3834320000.0,3685.5491719623515,3693.8722674064616,3623.128718088303,3643.491559988723
2022-10-11,4759030000.0,3636.313849149798,3664.842095575156,3593.8978568626785,3620.4586274654257
2022-10-12,4006830000.0,3608.7590021434926,3630.08829019208,3574.746947320619,3584.9875137113117
2022-10-13,5021680000.0,3556.6643812968528,3637.6654437360303,3522.03223325311,3599.6615861367004
2022-10-14,4243030000.0,3591.4382762019864,3660.3320369695693,3534.664407440984,3592.625282581315
2022-10-17,4352780000.0,3613.5996173755507,3671.506317154213,3572.144647250854,3621.990768234024
2022-10-18,4483740000.0,3692.3633311239123,3708.26093818313,3641.17177385035,3663.3956747403035
2022-10-19,4223800000.0,3682.1008143229806,3717.6393781337238,3644.6619468187782,3679.932919363192
2022-10-20,4496620000.0,3691.5354183187414,3734.3638597874315,3651.124200846621,3683.1399101162
2022-10-21,5078020000.0,3689.7789764385725,3744.65228540819,3659.1724611626805,3705.8279441962914
2022-10-24,4747930000.0,3720.959503095255,3764.5882834240183,3690.3942803895443,3738.4112594217145
2022-10-25,4843120000.0,3748.4127331589834,3812.8184429719995,3745.5784042920595,3804.3532652106337
2022-10-26,4817310000.0,3794.4501321928997,3852.9480456026376,3789.4892383190827,3804.440240904086
2022-10-27,4687320000.0,3790.140516901728,3848.196484135244,3778.8051679530226,3801.803386437716
2022-10-28,4459410000.0,3797.159133528914,3872.9968631805823,3792.0241429419666,3840.388512317021
2022-10-31,4820620000.0,3834.257453854363,3884.4865104215214,3828.6701667578723,3860.7302281090824
2022-11-01,4481210000.0,3868.7557947111663,3899.202981585678,3842.548475068792,3860.620567084916
2022-11-02,4899000000.0,3865.370314649632,3899.975393659803,3805.579785077238,3816.4667955845066
2022-11-03,4625290000.0,3806.364013410434,3840.2327001729673,3757.7699212619527,3778.7894430185256
2022-11-04,5400180000.0,3789.931807018828,3818.5045880841603,3742.4837110923336,3790.564977102426
2022-11-07,4341620000.0,3806.3765217272708,3827.6847304017897,3761.4540993618557,3802.8928791844282
2022-11-08,4607640000.0,3814.6271607125514,3843.4255180940913,3776.870212841766,3819.520954651463
2022-11-09,4645010000.0,3811.322342146094,3831.546964912714,3753.7282749117503,3778.69453015814
2022-11-10,5781260000.0,3825.3416369448278,3885.3543832054797,3794.2013799784145,3856.4134064060913
2022-11-11,5593310000.0,3902.2464114836707,3962.101619229498,3889.478913471657,3944.1317439293166
2022-11-14,4561930000.0,3954.2224571606585,3999.0036400193176,3942.6145380089447,3959.0052692810204
2022-11-15,5015310000.0,3981.1499441228075,4010.5738849889435,3946.5027387043297,3959.9974806734886
2022-11-16,4165320000.0,3975.2960980968664,3997.1339431946426,3942.2006376777167,3955.8004649235327
2022-11-17,4051780000.0,3950.6529797788976,3969.0987063997427,3922.867227474298,3946.0506851323557
2022-11-18,4037360000.0,3941.8797569734807,3967.28965566656,3926.6727411869615,3955.7729907965677
2022-11-21,3850690000.0,3955.2433380917673,3961.8173833559945,3927.6644408370607,3944.9474688038194
2022-11-22,3887990000.0,3946.335979457129,3967.165795423783,3928.4077170873425,3955.474847023368
2022-11-23,3279720000.0,3956.2082483422637,3986.8671462317566,3949.090179137192,3980.5939418813796
2022-11-25,1706460000.0,3981.2120363117115,4008.2715247690153,3981.136689049059,4003.34484715553
2022-11-28,3615430000.0,3998.469380250955,4014.804379478239,3977.7320888504632,3989.481110201572
2022-11-29,3546040000.0,3986.0250869053666,3999.5127694373796,3955.7299824443317,3975.8455986222752
2022-11-30,6579360000.0,3973.2390297012994,4025.360783310681,3947.887988927302,4011.6751514257085
2022-12-01,4527130000.0,4012.192107412614,4062.0775266248916,3988.9302173076017,4046.1892207143997
2022-12-02,4012620000.0,4031.9045222424534,4066.539147418894,4010.9070359612456,4050.307047090151
2022-12-05,4280820000.0,4029.620154898058,4055.3822712315255,3990.335401120606,4026.5716500570184
2022-12-06,4368380000.0,4013.746568073043,4034.989766753045,3956.9515764423363,3998.9368775582766
2022-12-07,4118050000.0,3987.0460844420313,4004.003554559249,3952.2145147510773,3975.7735011249433
2022-12-08,4006900000.0,3974.6732885723127,3996.074672745438,3954.935671465494,3979.734143158575
2022-12-09,3888260000.0,3972.435483317477,3995.3989995932034,3950.42947675982,3966.0816784910717
2022-12-12,3904130000.0,3961.2381170553767,3988.2454506624986,3941.0167589916055,3970.6475186449934
2022-12-13,5079360000.0,3998.6423796121144,4039.4744314990985,3958.5286624445607,3992.2328004725423
2022-12-14,4472340000.0,4013.132684947604,4058.272684843167,3965.623462623381,3996.6813411789353
2022-12-15,4493900000.0,3991.618770479805,4019.7288702729006,3940.116626426296,3965.5075169838815
2022-12-16,7493660000.0,3947.7037117050495,3946.209387231299,3876.3053671283287,3904.302255717899
2022-12-19,3969610000.0,3897.3169446562842,3888.44177562713,3840.747385909065,3866.3124196321187
2022-12-20,3985370000.0,3871.489993085095,3888.978804597199,3834.1939773095837,3862.671565297656
2022-12-21,3775200000.0,3865.1087310866296,3888.088808877098,3832.1195836677566,3858.627768735815
2022-12-22,3956950000.0,3851.0415470949674,3865.3726226632134,3805.1071481650442,3842.0959804459976
2022-12-23,2819280000.0,3838.0817260555577,3848.1426023664667,3794.560658485511,3834.948590777291
2022-12-27,3030300000.0,3832.330198470431,3848.27704036507,3800.690826211242,3832.1935056164034
2022-12-28,3083520000.0,3834.5908038394755,3852.5878597070364,3794.537512818136,3815.4689776979835
2022-12-29,3003680000.0,3824.575618100159,3854.755665611872,3792.1211319902754,3822.4527926210376
2022-12-30,2979870000.0,3820.806497430032,3840.23906048945,3788.1538917017665,3823.0771709980468
2023-01-03,3959140000.0,3824.622285708805,3843.4273057096148,3784.609185708775,3818.563591272471
2023-01-04,4414080000.0,3825.0024219131747,3854.299273036993,3793.8139323392656,3826.112171210919
2023-01-05,3893450000.0,3829.1695370642215,3849.862671205752,3798.9316467274743,3813.3598780209236
2023-01-06,3923560000.0,3825.129943397435,3870.559789698395,3802.4684563808437,3846.7780777207477
2023-01-09,4311770000.0,3862.22600549206,3912.211033353157,3841.5896658472366,3867.553196099267
2023-01-10,3851030000.0,3879.7003277349277,3923.1394753285567,3862.7819072502093,3891.661640495405
2023-01-11,4303360000.0,3905.624377133708,3945.5531742723692,3893.492143975051,3921.02507749272
2023-01-12,4440260000.0,3936.1568344922216,3968.739978916464,3913.418056130913,3952.0556886419904
2023-01-13,3939700000.0,3952.3941681418473,3993.867388144111,3930.8702765717644,3969.9579488068625
2023-01-17,4235560000.0,3971.6887220148947,4003.518772834038,3955.0282768969278,3978.7117882896773
2023-01-18,4298710000.0,3985.8270478102863,4006.625591151518,3944.3897160998636,3964.866341625147
2023-01-19,3991500000.0,3961.5382743656364,3978.2865889316913,3921.7659016372286,3935.702768697495
2023-01-20,4013360000.0,3937.61764720461,3979.3729832869294,3919.1146819082537,3963.282751108522
2023-01-23,3945210000.0,3966.3723757706707,4013.1737848001544,3952.778721570186,3996.109289178313
2023-01-24,3320430000.0,3993.437229534964,4034.921674680056,3982.2225761201453,4013.268501813307
2023-01-25,3724020000.0,3999.3552028303434,4031.3524528976222,3972.2059526841804,4015.2045953338675
2023-01-26,3809590000.0,4008.081666249759,4034.4370495181224,3979.1977950312234,4038.3649148223126
2023-01-27,3907760000.0,4030.691284045378,4065.9068780520215,4013.878797119644,4054.965799160478
2023-01-30,3802000000.0,4040.707441247599,4068.267165582944,4020.314303596185,4050.8259532936327
2023-01-31,4679320000.0,4037.378599142162,4074.7249579935497,4023.4276451995433,4058.323555102991
2023-02-01,4856930000.0,4050.0415363835514,4108.115099013551,4029.582428731327,4088.8588472761685
2023-02-02,5624360000.0,4101.061228122914,4155.683158053329,4079.7247485181324,4135.077548770747
2023-02-03,4694510000.0,4127.274969104276,4169.068617764507,4107.442100738672,4130.258270418476
2023-02-06,4114240000.0,4117.654001292819,4150.211979387606,4095.707408324298,4122.300983469825
2023-02-07,4355860000.0,4111.106244568184,4157.135653055376,4089.224404255369,4133.874647127434
2023-02-08,4029820000.0,4126.1965935781745,4160.216001544818,4096.686188235439,4134.1764848673365
2023-02-09,4270200000.0,4135.822531141782,4159.198461349816,4091.5177413121182,4115.584320785022
2023-02-10,3891520000.0,4111.70331681424,4132.994645797068,4077.4363847143504,4100.320082039778
2023-02-13,3448620000.0,4096.4909802290695,4132.428062768157,4078.6252058536265,4111.5410415218585
2023-02-14,3929200000.0,4108.733629491665,4142.264190560139,4083.214777594902,4121.073876946728
2023-02-15,4075980000.0,4113.645476937986,4143.162655561456,4086.845976233949,4127.453871192637
2023-02-16,4143660000.0,4110.554165238618,4136.377889878958,4083.699488764153,4109.374332171708
2023-02-17,4045480000.0,4092.4081018617767,4112.221816664809,4068.050675954108,4097.759096751945
2023-02-21,4121590000.0,4076.698058297458,4088.329658159926,4039.5877888050404,4055.4591843118446
2023-02-22,4079320000.0,4046.5706056811355,4058.461408299302,4008.3611000848505,4032.7725576884304
2023-02-23,3952940000.0,4034.081722953704,4044.009734498233,3994.414787485962,4019.1307612169585
2023-02-24,3877700000.0,4009.5486946137858,4017.5002990177404,3972.7066534376045,4000.7831675899947
2023-02-27,3836950000.0,4000.1152288941107,4012.1351047347102,3968.272999371406,3987.2484438839856
2023-02-28,5043400000.0,3987.230933036626,4002.7436968682864,3964.485910639673,3975.8365434455677
2023-03-01,4249480000.0,3974.8831384277223,3988.380029094747,3953.1067649667843,3965.513369344503
2023-03-02,4244900000.0,3958.3466530169835,3981.148938165489,3938.651651118421,3966.692376770364
2023-03-03,4084730000.0,3964.934709380686,3995.636715220695,3949.57736597039,3986.348511009304
2023-03-06,4000870000.0,3996.643160415936,4033.718000473496,3988.1767889420066,4002.3513385951574
2023-03-07,3922500000.0,4014.0191978255584,4029.71859073405,3978.876773303817,3990.4518578057828
2023-03-08,3535570000.0,3995.3904400272636,4015.090618352536,3966.8688406238875,3980.131794650962
2023-03-09,4445260000.0,3989.5363059313277,4011.837045722274,3930.132670422262,3948.3694774988144
2023-03-10,5518190000.0,3949.2716347810233,3976.092154732761,3884.486060725309,3907.1447666917975
2023-03-13,6558020000.0,3890.818260887965,3935.455667649919,3847.460241869908,3877.6145005776166
2023-03-14,5665870000.0,3882.6982413623073,3926.4870196326706,3854.1489656083004,3892.812027970454
2023-03-15,6594010000.0,3880.685786905067,3918.0712067596287,3846.2103142225774,3889.4503591948987
2023-03-16,5695790000.0,3879.0431049204267,3932.7408384539904,3854.1757909769744,3919.8627610360777
2023-03-17,9354280000.0,3913.225321860134,3950.002620344725,3875.6511557401454,3922.3622487760663
2023-03-20,5347140000.0,3922.6167137861908,3960.196977811849,3903.0485230649415,3938.312050200489
2023-03-21,4920240000.0,3947.446306618639,3981.3784997285234,3938.5807000527866,3967.6073183188414
2023-03-22,4533010000.0,3978.228082391321,4020.1290396186723,3942.7127357374097,3964.0915890591777
2023-03-23,4991600000.0,3978.299705932969,4018.6536495931055,3938.0666847256675,3958.513640148682
2023-03-24,4583970000.0,3966.8258791017,4005.732436102218,3924.5044930145737,3957.6435724236662
2023-03-27,4233540000.0,3962.137187191549,3997.8074585773215,3935.6043242021406,3967.373259548928
2023-03-28,4014600000.0,3970.350220042635,3998.884052697965,3946.3615602605987,3972.2517098643525
2023-03-29,4145250000.0,3983.857930408244,4013.541340437925,3964.487890839314,3992.9266699856994
2023-03-30,3930860000.0,4005.4510753064965,4028.5229723126627,3987.845786895649,4018.460164775949
2023-03-31,4525120000.0,4029.5816456490093,4062.4888626739134,4020.8688845608417,4058.7512300005105
2023-04-03,4234700000.0,4061.9437548903607,4095.883588917435,4055.3400754138765,4085.0010109900327
2023-04-04,4227800000.0,4090.2910391410614,4111.529286959022,4072.8431542971316,4096.35465634682
2023-04-05,3968020000.0,4099.473953964181,4113.944028264856,4078.9478738134253,4098.745289345124
2023-04-06,3486690000.0,4097.775890408735,4115.918547064772,4081.030444272084,4105.966707663787
2023-04-10,3423650000.0,4097.726542280693,4118.554531682677,4086.38601086386,4113.284524742095
2023-04-11,3665830000.0,4109.711915173199,4124.730088919528,4098.994444216919,4118.566487340352
2023-04-12,3633120000.0,4120.6576912204,4131.936913563152,4103.854299086961,4113.656862404349
2023-04-13,3596590000.0,4119.525810158194,4141.151877134822,4107.9784258357295,4129.5456028778135
2023-04-14,3575690000.0,4129.530534518442,4153.329820907626,4112.173139556395,4139.439629913917
2023-04-17,3611180000.0,4139.239450482958,4157.512651021251,4121.3378436558905,4148.9555915688525
2023-04-18,3536640000.0,4153.336831667839,4165.686471179739,4129.6536903168235,4154.7089684717075
2023-04-19,3572560000.0,4152.860068295896,4168.474608814193,4134.810480738913,4158.175886072172
2023-04-20,3772080000.0,4146.443736033892,4163.729949450163,4126.746700700609,4151.16155619478
2023-04-21,3611750000.0,4142.106013552003,4154.263982055572,4125.504716635388,4144.241988397861
2023-04-24,3290940000.0,4138.977088195113,4148.810598178037,4122.538822846195,4140.1897082376445
2023-04-25,3978640000.0,4133.384002737457,4140.7401273667965,4104.235106946981,4116.037360151052
2023-04-26,3837030000.0,4114.944060445641,4121.747838358802,4079.849201850749,4090.40337931272
2023-04-27,3750550000.0,4097.261730442194,4123.0066872353655,4073.999863775165,4100.59749044106
2023-04-28,4087800000.0,4104.862900440078,4137.95442684936,4089.545851029183,4127.052689104923
2023-05-01,3321370000.0,4127.875545575838,4158.119956081716,4122.730578602956,4142.888838558182
2023-05-02,4486130000.0,4137.920192928295,4152.310796159227,4100.397174628151,4123.3706079402955
2023-05-03,4246510000.0,4124.297255399228,4144.975298854443,4087.9178650543777,4105.857708118976
2023-05-04,4920090000.0,4102.628119430367,4116.179993232069,4066.339468386998,4086.755265936834
2023-05-05,4186270000.0,4090.2424018578877,4124.1802497177705,4072.367790352701,4100.469837793661
2023-05-08,3641640000.0,4110.721352908038,4130.517320729058,4096.50178014742,4114.255416927929
2023-05-09,3810140000.0,4117.051821268469,4128.119958081735,4104.095169138158,4114.103695137953
2023-05-10,4057160000.0,4123.380942244577,4131.559329472574,4096.920194533832,4112.9784465108405
2023-05-11,3752900000.0,4122.737413299539,4126.474182227986,4096.909719645642,4118.662110118232
2023-05-12,3533740000.0,4126.853862450203,4131.999751857901,4098.673244403817,4118.419749211288
2023-05-15,3562170000.0,4125.52989737847,4135.317304731391,4101.966658356585,4123.471581557386
2023-05-16,3654200000.0,4124.012107788112,4134.961884077157,4105.295645221652,4117.607910378613
2023-05-17,4039080000.0,4122.638941774108,4143.837616198459,4102.992773469346,4129.2492243544775
2023-05-18,3980500000.0,4133.130257902109,4162.947864458024,4121.3161222009785,4152.587795989709
2023-05-19,4041900000.0,4159.190787868222,4184.457974936527,4142.505580344694,4168.329179059439
2023-05-22,3728520000.0,4171.229062400687,4190.907103315007,4157.511847853693,4177.674452028298
2023-05-23,4155320000.0,4174.298705174181,4190.143669850338,4155.300587120008,4169.624118505825
2023-05-24,,4162.72634530238,4169.213264111038,4134.712638015296,4152.051370859699
2023-05-25,4147760000.0,4163.924135930853,4168.938670468996,4139.328283256116,4157.672181424518
2023-05-26,3715460000.0,4167.225203584071,4189.992601265495,4152.283409067765,4178.296191757174
2023-05-30,4228510000.0,4190.678364443322,4209.553252655912,4171.229917648897,4194.201021102186
2023-05-31,5980670000.0,4195.233119717,4206.523610005679,4174.048394997542,4190.18066861661
2023-06-01,4391860000.0,4193.5209681942615,4215.33984103999,4173.72614353212,4203.796991083308
2023-06-02,4454200000.0,4213.183548759935,4248.971099198879,4205.627733342689,4239.130277370397
2023-06-05,3813290000.0,4249.3340647425985,4282.4528680706835,4242.310765762355,4263.33919603174
2023-06-06,3996560000.0,4264.9512820223845,4283.815253852089,4254.183332145988,4270.943876329457
2023-06-07,4537800000.0,4271.334057324722,4288.53747203109,4256.9838545263765,4270.159042146519
2023-06-08,3826740000.0,4271.592633177004,4294.651054505395,4260.20505465164,4279.359785559316
2023-06-09,3786510000.0,4285.559454335277,4307.566602293828,4274.129988019324,4289.53785355529
2023-06-12,3945670000.0,4296.635077026383,4320.738565025578,4286.999131214469,4307.677536370299
2023-06-13,4275400000.0,4316.882639606275,4341.0264837513505,4308.743230327187,4330.438125961314
2023-06-14,4252110000.0,4335.937286428079,4361.544265347431,4321.185659842694,4347.980172695027
2023-06-15,4176690000.0,4348.745121240725,4391.086074195891,4337.225640180597,4376.771833078705
2023-06-16,6848600000.0,4382.079433952489,4415.407867809593,4364.550714804579,4393.151402795757
2023-06-20,4055790000.0,4393.386924414834,4415.025826944157,4371.953196800833,4395.82444077825
2023-06-21,3709330000.0,4391.872122706122,4402.427169206452,4369.495394539697,4387.141870796509
2023-06-22,3511000000.0,4375.704695376698,4396.533410495885,4363.882749360984,4387.192685144713
2023-06-23,6053620000.0,4372.233663856011,4395.704863099113,4360.271876919897,4379.328212545671
2023-06-26,3415030000.0,4369.896371110502,4388.741226060376,4352.748660529747,4364.337302444392
2023-06-27,3573500000.0,4361.468328853443,4387.918574790192,4348.172821048289,4369.128378729104
2023-06-28,3739330000.0,4363.968669239433,4391.066497423084,4353.580496866525,4376.249053035542
2023-06-29,3696660000.0,4370.490201678818,4396.250184446372,4363.402983821033,4386.872590787523
2023-06-30,3923450000.0,4397.068856453645,4425.433049911453,4392.814867684706,4413.473812645083
2023-07-03,2034280000.0,4422.587163457267,4441.719759298535,4415.5145286217885,4432.207927159444
2023-07-05,3482620000.0,4429.489834132513,4444.439371845112,4423.013190324536,4435.503412944353
2023-07-06,3682020000.0,4427.398668361718,4435.813821410265,4409.342921654534,4425.594220938112
2023-07-07,3630480000.0,4415.070857453828,4429.6888159013815,4396.517548805339,4409.539703781813
2023-07-10,3429600000.0,4400.6192700374695,4420.651528830558,4391.467154345301,4405.890885473089
2023-07-11,3624220000.0,4401.696348392671,4426.01015679162,4396.073514466081,4412.97371752889
2023-07-12,3920290000.0,4424.864707870385,4447.023538318636,4417.310941533506,4432.395885094597
2023-07-13,3839530000.0,4453.046830485372,4480.705393671031,4451.5269656615355,4463.89602527587
2023-07-14,3647450000.0,4482.5536274823535,4502.815356964396,4476.028917544488,4482.510974826757
2023-07-17,3538240000.0,4492.861946878252,4516.111363019503,4486.474505422357,4498.72520489259
2023-07-18,4090010000.0,4505.393086233926,4534.744962000076,4498.247959575158,4522.280884664751
2023-07-19,4115670000.0,4531.525074028936,4559.466110071932,4525.993737021839,4543.717194364744
2023-07-20,3761770000.0,4547.264623055315,4564.55700758733,4531.7776038459115,4542.049695674723
2023-07-21,3570190000.0,4547.828369392857,4560.236975885398,4531.319939009479,4534.652835044895
2023-07-24,3856250000.0,4542.085372718715,4557.658866614988,4532.602091844642,4539.243514207888
2023-07-25,3812470000.0,4544.656324084482,4566.213493436345,4539.512488816966,4552.5033520779
2023-07-26,3990290000.0,4554.768850383685,4576.374445345736,4546.5387531617625,4561.2123567524495
2023-07-27,4553210000.0,4573.581754770832,4590.44656032602,4544.747198558309,4556.601971979789
2023-07-28,3981010000.0,4576.997047243352,4596.283843248107,4555.281134636424,4569.360636026636
2023-07-31,4503600000.0,4583.922213139964,4601.161436630357,4568.539498667427,4584.109955953202
2023-08-01,4042370000.0,4586.461891132412,4595.370599541147,4571.669870332857,4587.853236715112
2023-08-02,4270710000.0,4573.846052140088,4576.113567726216,4542.468634665795,4556.667942506012
2023-08-03,4149120000.0,4536.982532530494,4550.497326181589,4506.443399780874,4525.62266280776
2023-08-04,4143310000.0,4523.590549165569,4542.438218980107,4490.61835768998,4506.023007136718
2023-08-07,3493920000.0,4510.808288145627,4534.231938447797,4492.813338349686,4512.102444534628
2023-08-08,3884910000.0,4504.443991066186,4518.69098065155,4480.567563975339,4508.590431122145
2023-08-09,3803100000.0,4499.303593108589,4506.382218114197,4466.370117891203,4488.201199942423
2023-08-10,4504370000.0,4492.485640853839,4513.95034503465,4459.8880729228395,4476.230060316857
2023-08-11,3753290000.0,4474.300207423016,4502.686104545771,4452.576275809831,4472.982827929374
2023-08-14,3896410000.0,4466.898563539828,4496.691805948887,4455.435819686302,4486.021255009911
2023-08-15,3832250000.0,4476.392186020039,4491.584740064824,4448.921218972846,4467.115707589817
2023-08-16,3753910000.0,4459.370602090813,4474.030956778128,4428.865398464718,4438.622920938234
2023-08-17,3943700000.0,4436.521482813461,4449.806697289576,4397.474208173767,4405.783830514092
2023-08-18,3940400000.0,4392.057599167937,4414.915407965745,4365.68162766023,4390.150466357748
2023-08-21,3726850000.0,4384.019738021889,4408.72290579328,4360.972093816719,4388.3967914299465
2023-08-22,3522760000.0,4391.190413992372,4407.709803607292,4362.440684245956,4382.819249119165
2023-08-23,3837270000.0,4391.746348974237,4420.4388899404175,4379.786125706186,4396.42686366273
2023-08-24,3723470000.0,4414.730742511131,4434.505648480403,4369.864994966906,4383.77671270834
2023-08-25,3296180000.0,4397.775628920414,4420.262622256461,4357.126757212298,4385.058510263836
2023-08-28,2957230000.0,4404.356088445569,4422.699268215257,4376.3385124987435,4402.625125147014
2023-08-29,3354820000.0,4415.794008638486,4454.827556886941,4408.808837486133,4449.899732279689
2023-08-30,3064110000.0,4454.912945682493,4496.408355507059,4455.060750356809,4489.97275651362
2023-08-31,3946360000.0,4493.0762084638445,4516.443042512113,4486.081290347892,4496.461113120708
2023-09-01,3246260000.0,4511.663145604887,4529.499399057565,4493.3934787082835,4508.835390547619
2023-09-05,3526250000.0,4514.6838831239,4528.055647949762,4502.051646053942,4509.126542892986
2023-09-06,3418850000.0,4506.345136022169,4510.092706235179,4471.872359850699,4488.121222887153
2023-09-07,3763760000.0,4462.956068151947,4476.568230081787,4443.839057129313,4463.972776928411
2023-09-08,3259290000.0,4458.76424056323,4478.642886288633,4446.622146202079,4465.90732654394
2023-09-11,3369920000.0,4476.325770692771,4490.710366817668,4459.144664778397,4479.029131179318
2023-09-12,3435740000.0,4481.716086347088,4496.577109197703,4466.769808513578,4484.965762795554
2023-09-13,3529430000.0,4479.860521569554,4490.105842263404,4461.193787090897,4475.726293424822
2023-09-14,3648720000.0,4476.339214732901,4491.592587245563,4464.418367835266,4482.495178182764
2023-09-15,6932230000.0,4482.087594253851,4492.362338396361,4452.422534880617,4468.875758921792
2023-09-18,3161230000.0,4465.827968250966,4480.493197837023,4444.650415199807,4457.776603199014
2023-09-19,3614880000.0,4453.03908375545,4463.941522156238,4428.850936581822,4446.974865433254
2023-09-20,3308450000.0,4448.449170539783,4458.237029077117,4412.336292416993,4427.093179591756
2023-09-21,3662340000.0,4420.518130956103,4425.92806071463,4370.213892795477,4381.693559880374
2023-09-22,3349570000.0,4378.494463087519,4386.018255399682,4338.72414330576,4344.617494371735
2023-09-25,3195650000.0,4340.803910676997,4360.914378292295,4320.465175933914,4344.453411929191
2023-09-26,3472340000.0,4331.189396070422,4340.563340589328,4295.632023786026,4314.607181121547
2023-09-27,3875880000.0,4307.859855400363,4314.589639307021,4261.882376991193,4291.192132963401
2023-09-28,3846230000.0,4285.348981116031,4309.971524678168,4258.82104596611,4291.1915649768625
2023-09-29,3865960000.0,4301.737525804098,4323.201317904255,4268.0606355889195,4295.294107414299
2023-10-02,3938660000.0,4300.190319129566,4315.827690687712,4266.716085981933,4287.417603117237
2023-10-03,3953830000.0,4280.7257143269035,4293.45189750368,4237.128857963021,4257.337589544051
2023-10-04,3777600000.0,4255.130529596268,4276.897015109425,4219.194541215448,4245.949605662259
2023-10-05,3581470000.0,4243.578713618184,4262.012934947701,4215.8405676130515,4247.909345364407
2023-10-06,3902030000.0,4240.150694133253,4288.179294995296,4218.591638246104,4275.299391678265
2023-10-09,3174630000.0,4259.007819232702,4319.580172406531,4247.187733787972,4307.763363090309
2023-10-10,3520240000.0,4303.273364501037,4357.9367314968185,4300.970556315901,4333.64835664778
2023-10-11,3601660000.0,4341.150593783462,4365.6989469497585,4332.198935862381,4354.658650541647
2023-10-12,3713140000.0,4360.845912561221,4378.624283524615,4326.290742315123,4359.468308674878
2023-10-13,3566560000.0,4362.209787301065,4385.252716295559,4321.093217415854,4349.1311322435795
2023-10-16,3409960000.0,4357.548868610574,4392.293543840357,4338.604937023954,4367.183813372958
2023-10-17,3794850000.0,4356.552030618392,4401.323224693279,4358.805265554955,4377.498629774297
2023-10-18,3686030000.0,4365.572603668343,4386.966769140486,4332.722244742388,4349.976090928337
2023-10-19,3969730000.0,4346.364870772885,4356.70292026478,4290.302073747929,4300.046344989953
2023-10-20,4004030000.0,4300.742085894329,4315.73667635094,4254.714800108323,4270.086975841318
2023-10-23,3776100000.0,4262.791816801727,4294.957523022008,4229.0100911178015,4250.745020857424
2023-10-24,3821820000.0,4251.62488783652,4277.709280006794,4230.608742792473,4250.204824050723
2023-10-25,3869370000.0,4245.063182487482,4256.35471380856,4202.673609529369,4217.5292378194345
2023-10-26,4277640000.0,4207.684643228502,4212.021816857459,4158.186230718687,4166.004789906665
2023-10-27,4019500000.0,4163.08952413968,4167.9442519837585,4111.818953862524,4123.665082393906
2023-10-30,3911140000.0,4135.274447342069,4155.727552449311,4106.280189164026,4130.637220902483
2023-10-31,4249470000.0,4142.099359377826,4171.639451789468,4130.677987536144,4169.5465190929635
2023-11-01,4224900000.0,4175.866784719171,4214.484950169621,4168.990039435626,4212.435614659105
2023-11-02,4669780000.0,4230.909955889823,4279.624998118052,4231.893171756639,4276.372904333227
2023-11-03,4570960000.0,4299.317163433098,4345.190090224493,4301.43463271801,4324.438442964979
2023-11-06,3656340000.0,4335.3903560093395,4353.923780967082,4323.430286360747,4336.390713173681
2023-11-07,3791230000.0,4343.199196490787,4365.032158830119,4333.538625630399,4359.662672120378
2023-11-08,3729510000.0,4367.6544481546,4386.904191302567,4358.599217415564,4382.492380086012
2023-11-09,3900780000.0,4395.235448934204,4406.285756886221,4362.701625036719,4377.361862788666
2023-11-10,3665080000.0,4392.104620878086,4419.559821162034,4361.978858170517,4395.8927274862845
2023-11-13,3326240000.0,4394.33559981488,4418.157859366778,4373.076381396165,4407.460423580416
2023-11-14,4700350000.0,4427.167833027924,4462.165520215294,4416.52644577942,4446.422170227594
2023-11-15,4347170000.0,4465.540468746796,4495.690307959562,4462.3274149449,4475.186055895176
2023-11-16,3964520000.0,4485.031225496413,4509.901587205002,4474.103389405894,4493.3193663933735
2023-11-17,3777240000.0,4495.039453819879,4511.487979284827,4483.9022666598285,4496.34870428335
2023-11-20,3644790000.0,4495.857545094837,4521.65133008917,4493.880751831647,4509.8124252088
2023-11-21,3511080000.0,4512.317020652389,4532.923637585572,4510.159486844893,4525.107071869507
2023-11-22,3042810000.0,4526.345391122466,4544.803390635223,4523.05574963959,4539.816296159897
2023-11-24,1639500000.0,4541.716704091944,4558.133559543042,4536.816039252861,4553.594307421397
2023-11-27,3403990000.0,4555.723948902854,4564.20708113042,4549.988905779287,4559.786933775968
2023-11-28,3586240000.0,4554.204161480703,4567.493330977433,4549.0437632943485,4561.263940732934
2023-11-29,4418760000.0,4565.083643544246,4578.155157895959,4550.523692346334,4557.806264547696
2023-11-30,5399300000.0,4561.949154389757,4573.5135945150605,4545.111402744537,4561.288040778592
2023-12-01,4397120000.0,4560.72267623884,4584.491828192226,4550.525890446277,4577.948051812556
2023-12-04,4369910000.0,4563.246311539186,4581.832217809614,4551.264738044026,4577.725083355237
2023-12-05,3909950000.0,4563.309187496112,4582.175509338667,4552.31809738156,4573.451374648136
2023-12-06,4245680000.0,4574.401619692727,4587.433649743442,4550.247058862659,4563.502351044303
2023-12-07,3818880000.0,4575.396462901981,4593.0059548465015,4556.391678231813,4576.862121187544
2023-12-08,3707010000.0,4577.652426244448,4602.912316292014,4567.189906890693,4595.203581478298
2023-12-11,3823210000.0,4588.57268945756,4613.836899393817,4583.149635301244,4603.104077859406
2023-12-12,3808380000.0,4598.008581967621,4621.5468286788,4588.197219969008,4613.533855369119
2023-12-13,5063650000.0,4612.558387153658,4656.693983996348,4607.412178044341,4648.290846812405
2023-12-14,6314040000.0,4666.099193622101,4703.206866327279,4650.218497426704,4687.540874772635
2023-12-15,8218980000.0,4691.308238188735,4709.98057531645,4682.09367955095,4701.451614123585
2023-12-18,4060340000.0,4706.252403995629,4732.40208735166,4703.236580600577,4724.797647783361
2023-12-19,4026970000.0,4730.068667603389,4756.787737162449,4730.844040459263,4752.935165277539
2023-12-20,4201320000.0,4755.60167153775,4778.387223392871,4726.625092104832,4740.3609737391735
2023-12-21,3431180000.0,4754.027654889908,4771.68821582039,4717.3840147243745,4739.590928586178
2023-12-22,3046770000.0,4752.665316491013,4769.65626096888,4730.491777050715,4748.721852051034
2023-12-26,2513910000.0,4757.197120278405,4777.475834090559,4743.462715118298,4759.258789256289
2023-12-27,2748450000.0,4762.907361757618,4780.382160171087,4753.431200097585,4767.4673543564795
2023-12-28,2698860000.0,4770.687020462325,4780.624659274672,4762.483659645712,4764.676263204769
2023-12-29,3126060000.0,4768.696228070448,4779.115347203666,4750.674915578804,4767.985607209219
2024-01-02,3743050000.0,4764.1087784243655,4776.278052211295,4743.92866403358,4766.037664543674
2024-01-03,3950760000.0,4751.37241600196,4755.029132833139,4724.063094084347,4737.5746390747445
2024-01-04,3715480000.0,4722.98715446898,4742.03485899659,4706.048354241834,4717.509964697952
2024-01-05,3844370000.0,4710.555196417657,4730.580600558333,4697.343535625721,4704.472676482602
2024-01-08,3742320000.0,4701.26666266458,4740.708403523825,4690.800203668376,4729.583770317249
2024-01-09,3529960000.0,4716.846943926028,4754.718621350584,4708.777531861175,4750.924148235915
2024-01-10,3498680000.0,4741.968160803843,4773.200644371729,4734.596770235495,4766.772482904145
2024-01-11,3759890000.0,4770.3121277907785,4786.814628362455,4737.842620491993,4772.367574197593
2024-01-12,3486340000.0,4786.193669474704,4798.668969429659,4755.619632086387,4786.076697303047
2024-01-16,4260550000.0,4788.318767979036,4801.085165949025,4760.758556210862,4787.8151443166225
2024-01-17,3928600000.0,4774.914895220128,4781.337893951093,4748.685547587229,4771.528537926337
2024-01-18,4019000000.0,4767.644295763754,4782.245633155335,4746.921315159761,4773.356099831983
2024-01-19,4287200000.0,4778.6047367087685,4799.805151603685,4758.556202169568,4792.351437041058
2024-01-22,4297610000.0,4810.648228290403,4839.631124679249,4803.166190730019,4827.60113177364
2024-01-23,3912800000.0,4839.928015805864,4850.808569773444,4833.244149329053,4838.059812081068
2024-01-24,4330030000.0,4855.41430493219,4870.049320819334,4838.382234369488,4854.501950995494
2024-01-25,4020430000.0,4876.325693090103,4889.107149258281,4860.014143214624,4873.516498213621
2024-01-26,3353400000.0,4888.470186228677,4903.50850156842,4877.751744789746,4891.538481075852
2024-01-29,3525160000.0,4895.748044053135,4917.197776014724,4892.6208615478645,4906.25697568546
2024-01-30,3836130000.0,4908.930872359124,4925.907036907045,4902.774132518876,4917.223338317239
2024-01-31,4696120000.0,4905.328881067001,4915.805358418351,4876.09093259004,4880.8941870825465
2024-02-01,4386090000.0,4878.628949266862,4906.343289394703,4853.79013865412,4881.1016066915345
2024-02-02,3974350000.0,4888.175336032141,4930.280512547057,4874.983223233218,4913.946307641149
2024-02-05,4023640000.0,4918.69753566623,4946.232979721745,4897.553961863138,4936.302415151411
2024-02-06,4440880000.0,4942.861696095427,4954.943597199577,4920.308374582038,4942.538658859579
2024-02-07,4895590000.0,4955.029285715688,4973.927219042062,4941.560699526022,4963.21811674411
2024-02-08,4341860000.0,4974.5429823449595,4992.7474080493375,4970.6741737959655,4986.038300802514
2024-02-09,3912990000.0,4994.764434597901,5014.798464721117,4994.496836585826,5008.611629100267
2024-02-12,3805740000.0,5011.152769427564,5029.918655055504,5007.292513717168,5015.139160077786
2024-02-13,4302190000.0,4999.051603638842,5010.249845164561,4973.071770822998,4993.824272979853
2024-02-14,3845600000.0,4989.988936599662,5005.885419328138,4957.5926475105125,5000.650541614636
2024-02-15,4137970000.0,5003.217135092678,5024.151358731235,4989.189507976663,5018.368355916211
2024-02-16,3833270000.0,5018.601189428917,5038.021769276242,4997.178154385228,5020.132476450101
2024-02-20,4034880000.0,5013.164557723163,5025.240110387549,4985.316217199084,5005.2098873139685
2024-02-21,3788390000.0,4988.454450249928,5002.5472754072125,4955.375009102087,4993.977854382508
2024-02-22,4051710000.0,5010.470907508711,5040.567178897556,4997.606660135435,5031.740391326898
2024-02-23,3672790000.0,5059.7188435366725,5085.46750744253,5057.003360379642,5068.573594586784
2024-02-26,3683930000.0,5078.670551856399,5089.17743415157,5058.462982461104,5063.363176474772
2024-02-27,3925950000.0,5062.170386477193,5073.456654675338,5044.087635646433,5061.360565385034
2024-02-28,3789370000.0,5065.977126717496,5076.971703189846,5052.163203222994,5067.664206075471
2024-02-29,5219740000.0,5072.530635422714,5087.312320503796,5060.722491757545,5076.089849007036
2024-03-01,4748110000.0,5088.306962521868,5115.663248018811,5075.337858449142,5104.195862711549
2024-03-04,4758440000.0,5107.402128163124,5131.664265990818,5101.729307629139,5116.396572339699
2024-03-05,4418410000.0,5108.966468206434,5122.773428302829,5083.745307141218,5100.737515416226
2024-03-06,4559050000.0,5105.542098509502,5119.464575074059,5077.811469123708,5094.607973185596
2024-03-07,4137980000.0,5114.303388387702,5140.071691800681,5100.489309149074,5123.456369188357
2024-03-08,4208870000.0,5137.3120213074735,5164.47043950464,5112.838341472055,5126.089942435727
2024-03-11,3896430000.0,5126.866560923315,5146.529564735781,5100.188927989825,5118.0606723910205
2024-03-12,4080510000.0,5125.952910346686,5151.793689589683,5101.443983191408,5135.46804337323
2024-03-13,4282890000.0,5142.778221461431,5163.648790926319,5121.445730624005,5150.074489551702
2024-03-14,4687970000.0,5158.959320542758,5172.777240222722,5127.1703682236775,5154.371889774535
2024-03-15,7753670000.0,5148.82574283103,5161.698362710755,5119.209784360843,5140.425964683765
2024-03-18,4036220000.0,5148.74642624541,5166.059932936505,5127.83732932451,5144.713831677453
2024-03-19,4031760000.0,5149.183004198045,5175.489032047085,5133.888142482327,5160.474747774138
2024-03-20,4064850000.0,5163.954807416628,5200.138430391055,5149.346080692176,5190.665871426208
2024-03-21,4207730000.0,5205.333041204803,5229.0992346139155,5189.327048949876,5214.104215736958
2024-03-22,3374700000.0,5225.3611920752255,5234.410362090592,5211.151761168198,5214.805330132686
2024-03-25,3331360000.0,5217.445940689667,5233.851035099305,5208.596886565892,5220.040317231175
2024-03-26,3871790000.0,5223.270797297716,5235.821541050694,5208.133785646121,5215.999306541717
2024-03-27,3850500000.0,5227.617893595237,5244.264868077518,5209.976183336932,5233.232456265312
2024-03-28,3998270000.0,5241.813061679394,5253.648908687692,5231.103922332527,5241.0375958236045
2024-04-01,3325930000.0,5244.750757491141,5256.5825389095235,5227.591133316581,5241.979038756361
2024-04-02,3886590000.0,5230.328460011308,5238.379777728788,5210.2748410237355,5226.455101710563
2024-04-03,3703250000.0,5210.988666977921,5231.937642726672,5201.361713759303,5220.943491887826
2024-04-04,4075680000.0,5228.969396885187,5245.881120669323,5182.060746053734,5194.855009635353
2024-04-05,3386780000.0,5211.336299335622,5243.866054210724,5174.351410047703,5200.548516502647
2024-04-08,3278180000.0,5209.099287404078,5235.399284804236,5183.989956248267,5206.455219388222
2024-04-09,3400680000.0,5212.275197327251,5228.649886379365,5173.363747696085,5210.129925474491
2024-04-10,3845930000.0,5196.717575617391,5211.080900810388,5154.255104859648,5189.280111939773
2024-04-11,3509380000.0,5183.900036750772,5210.49079172152,5143.736788667033,5187.233290757137
2024-04-12,3963220000.0,5176.037340054806,5197.278618554773,5129.284880456905,5167.059256375597
2024-04-15,3950210000.0,5169.054760392136,5184.688925430582,5095.568737362191,5109.548289996299
2024-04-16,4006200000.0,5121.418184510848,5133.325412378881,5057.824009524067,5077.3459168978325
2024-04-17,3596130000.0,5086.561155268184,5099.280175811124,5035.049328751013,5050.814694729923
2024-04-18,3619760000.0,5061.635833270228,5081.299510811978,5019.841683584329,5039.507896955439
2024-04-19,3878750000.0,5041.404403229802,5057.242043688646,4992.014305709184,4998.334283125589
2024-04-22,3820250000.0,5013.758848906576,5045.487996480073,4978.541572767359,5004.2189222234765
2024-04-23,3751400000.0,5016.626748711518,5060.940377886853,4996.817767779715,5039.085490338292
2024-04-24,3656740000.0,5053.019187235883,5076.868512836571,5020.231771321738,5052.761496470383
2024-04-25,3958050000.0,5035.778532011733,5059.023185192124,4993.563027959541,5037.462778805377
2024-04-26,3604140000.0,5038.771537444562,5066.75128851461,5018.601555150679,5052.70592723854
2024-04-29,3447450000.0,5071.09892465577,5092.543737262924,5052.789254191311,5088.224063489713
2024-04-30,4082470000.0,5091.273912739063,5102.442570433907,5053.784310802098,5071.564131077529
2024-05-01,4544170000.0,5068.885042953759,5102.517892384882,5033.912528016966,5039.407698427556
2024-05-02,4381660000.0,5048.885984803515,5090.687976481021,5021.490198818813,5054.693339985467
2024-05-03,3924990000.0,5096.346015283547,5121.993367128749,5068.900984578093,5093.426477299009
2024-05-06,3683250000.0,5126.57543004773,5152.822895525487,5114.916379782936,5144.347664235058
2024-05-07,3987890000.0,5164.19847593752,5184.256265792515,5161.119393246166,5178.910807919756
2024-05-08,3842100000.0,5160.227492290829,5190.397840831742,5149.712346628752,5173.008584251747
2024-05-09,3727370000.0,5179.503174460442,5201.46623437096,5167.497074784916,5194.52281593745
2024-05-10,3617900000.0,5202.716190808991,5220.736569139927,5192.333727092599,5213.81025620635
2024-05-13,4255710000.0,5223.802231283834,5230.827881936502,5213.21397015967,5226.473421108912
2024-05-14,4763580000.0,5219.579302784258,5238.383400737354,5211.1030406660175,5230.668847111656
2024-05-15,4360810000.0,5238.256460908741,5268.414098529976,5235.308369193055,5264.314651188944
2024-05-16,3817470000.0,5272.718306528174,5302.595520802375,5268.959707762175,5287.373569368476
2024-05-17,3578120000.0,5298.370434799945,5311.812498839575,5286.874435592123,5303.002840154434
2024-05-20,3420100000.0,5306.961082947253,5321.645828360833,5296.085195923637,5308.832478448536
2024-05-21,3662240000.0,5304.736635254968,5326.767513300213,5301.0010726662385,5319.056519005499
2024-05-22,3847130000.0,5316.236498427207,5332.934938054493,5300.6409743033,5321.48714076822
2024-05-23,3869520000.0,5333.290229119135,5341.347542219756,5284.1082589228945,5298.933950303673
2024-05-24,3005510000.0,5317.218703723134,5333.0750105777015,5283.3617245106925,5302.6977434710525
2024-05-28,3751540000.0,5315.00173255387,5327.074740652751,5285.323246785867,5307.517170787346
2024-05-29,3552750000.0,5302.244689249405,5308.631379770261,5276.535331212541,5292.587392599029
2024-05-30,3818750000.0,5284.731173091151,5283.405051851565,5248.905968286554,5259.512382970837
2024-05-31,5437160000.0,5262.419878618894,5279.448417444202,5211.932502576353,5261.158896714023
2024-06-03,4046920000.0,5272.287219350169,5286.351142559541,5217.984342161305,5269.658340808697
2024-06-04,3707900000.0,5275.481294716778,5291.801645962065,5238.152322123028,5282.890614856519
2024-06-05,3591460000.0,5294.172970720029,5323.243779475531,5276.077128338757,5316.799319737675
2024-06-06,3609990000.0,5321.896946124857,5339.385953462108,5300.070429085141,5324.91204527906
2024-06-07,3692760000.0,5327.89525823192,5349.822126819737,5304.925889660793,5332.244017821773
2024-06-10,3622280000.0,5327.602330796387,5353.017909171502,5319.346888537379,5339.7199696092575
2024-06-11,3568030000.0,5338.432466364201,5365.057241045342,5328.09774266029,5362.68723141741
2024-06-12,3962840000.0,5373.71740860268,5406.817190559568,5373.136028493567,5396.689111634205
2024-06-13,3530380000.0,5420.728715186162,5436.475736545426,5400.122836449798,5425.569972424951
2024-06-14,3438650000.0,5429.957154434473,5443.312440849271,5413.291018113524,5434.889310221379
2024-06-17,3447840000.0,5434.365161447776,5466.469930656444,5420.996097723841,5457.727575727164
2024-06-18,3544330000.0,5458.763394244603,5487.144365947515,5450.126449574057,5477.858644243846
2024-06-20,3847060000.0,5488.289306918456,5503.615059365639,5464.3541313349115,5483.888923260149
2024-06-21,6773800000.0,5486.060311152254,5495.0007792365695,5463.108975605802,5474.667367012717
2024-06-24,3696750000.0,5468.633961725998,5489.145262053334,5450.680162827935,5456.104061283799
2024-06-25,3591960000.0,5459.675109042738,5480.50363897915,5447.097196734351,5458.712166595192
2024-06-26,3563920000.0,5459.932417790118,5475.594768729175,5444.076814771433,5463.345924567807
2024-06-27,3589530000.0,5463.215569049419,5483.301429591954,5455.481199918183,5475.36075770863
2024-06-28,7199220000.0,5476.845913696721,5503.46085020654,5462.548858885249,5474.038906662945
2024-07-01,3488760000.0,5481.366039658481,5500.465326436691,5452.118546383196,5473.593731047528
2024-07-02,3329950000.0,5468.702065758414,5497.984797239542,5449.394444614497,5483.606385869132
2024-07-03,2179470000.0,5480.5932192962155,5512.329339559032,5474.988104464343,5515.915227651788
2024-07-05,3253080000.0,5513.389228541667,5549.170796091235,5510.584664393746,5547.135604425053
2024-07-08,3185670000.0,5552.383228862583,5572.01210566216,5541.511690101414,5562.7451450916105
2024-07-09,3232920000.0,5572.7446548604885,5581.450600848089,5561.975924532197,5573.086298494236
2024-07-10,3336100000.0,5584.820066441567,5612.964191841126,5579.265899541925,5606.539849085442
2024-07-11,4020950000.0,5612.339265329096,5632.445496927166,5588.432951823352,5609.506318299361
2024-07-12,3700280000.0,5613.708108010121,5646.552211707699,5597.331277872344,5613.8131272223545
2024-07-15,3620470000.0,5625.287932247083,5656.573153084484,5607.0477325226575,5622.6966276002395
2024-07-16,4041760000.0,5634.1906545822,5663.201655707316,5616.472559393873,5638.26484548781
2024-07-17,4246450000.0,5626.49268287974,5645.523528546474,5606.117642068268,5623.80779642228
2024-07-18,4007510000.0,5614.2681994512295,5626.153250086412,5559.26692613149,5580.180244345442
2024-07-19,3760570000.0,5582.546438789323,5598.39563332365,5530.275806405816,5541.868023878568
2024-07-22,3375180000.0,5571.968112765683,5592.829674550045,5536.699794195965,5569.580288710275
2024-07-23,3500210000.0,5575.371568423193,5593.220710498464,5550.190820067374,5565.200826518063
2024-07-24,3945550000.0,5546.940238832207,5557.069522620296,5480.943623003867,5505.326014142211
2024-07-25,4592120000.0,5481.896054893795,5516.161291116292,5409.070372404264,5414.604518758554
2024-07-26,3638770000.0,5444.52800288948,5491.2521010321425,5416.646070495325,5437.0948826224585
2024-07-29,3379970000.0,5452.759182019238,5486.504694584103,5444.9942516315505,5470.994996251348
2024-07-30,3777740000.0,5478.015373738528,5488.644964550989,5423.556746856112,5455.474004387596
2024-07-31,4546910000.0,5497.044325904734,5525.512335348604,5453.571664938255,5482.03719855137
2024-08-01,4703620000.0,5515.9220791939115,5548.756211402501,5440.506121149372,5467.250392436973
2024-08-02,5156450000.0,5463.643396509723,5469.6725267866495,5386.570177712337,5422.534312339397
2024-08-05,5333250000.0,5265.957935058496,5328.4409484514845,5199.222558467837,5274.011617523098
2024-08-06,4690190000.0,5199.65375040108,5313.240348696578,5193.186677114145,5240.343739337238
2024-08-07,4558260000.0,5301.56529402895,5361.041854324668,5228.322370894565,5246.067728410884
2024-08-08,4016830000.0,5250.038127437453,5317.156761028092,5204.953516291303,5249.8384170962245
2024-08-09,3516400000.0,5275.257086182078,5320.159320320149,5267.4045218581705,5316.8623935588885
2024-08-12,3360160000.0,5291.409179091761,5325.912042868554,5287.709226917706,5319.481416202425
2024-08-13,3648980000.0,5332.337480595345,5383.7753586762465,5326.3346451836305,5358.94157310675
2024-08-14,3380050000.0,5399.119326284512,5428.222636107251,5378.135389228947,5419.627079587183
2024-08-15,3723310000.0,5464.777209008735,5497.423989987208,5467.982500940413,5505.359424959807
2024-08-16,3357690000.0,5513.146896276816,5537.98928506023,5513.912203628034,5543.8772304946
2024-08-19,3222050000.0,5540.15742999915,5581.494716090485,5538.5812018380275,5577.193554140237
2024-08-20,2994420000.0,5576.061609246034,5608.61231311497,5570.2110790881625,5602.341648902852
2024-08-21,3119670000.0,5612.8249937384,5636.342194010935,5606.352178511583,5631.317698622455
2024-08-22,2981530000.0,5643.887961770086,5655.088789381183,5590.28801712288,5604.027039682169
2024-08-23,3291940000.0,5623.6274642816825,5649.776213887585,5578.533624934973,5610.954537498649
2024-08-26,2938570000.0,5626.159714884154,5647.385484632014,5586.702498124372,5612.942745671332
2024-08-27,2798990000.0,5612.531246084786,5635.719689873207,5591.999697906879,5624.560044908669
2024-08-28,3053450000.0,5628.315681931672,5642.297263960826,5597.752671486282,5629.086140856365
2024-08-29,3065640000.0,5638.394997924616,5659.564773514978,5592.185130177141,5615.90079380305
2024-08-30,4185850000.0,5624.452511794863,5656.904660419857,5583.242075740285,5622.350159090234
2024-09-03,3866350000.0,5616.637667647123,5637.627354114412,5544.7641590158255,5580.496846537823
2024-09-04,3478140000.0,5566.640915263492,5594.490594785253,5514.253491262931,5541.906971533319
2024-09-05,3521650000.0,5529.857871181863,5558.672053920637,5483.897231069029,5507.463728789129
2024-09-06,3822800000.0,5504.2464875136875,5531.390282126688,5438.111889715957,5455.25406192752
2024-09-09,3825940000.0,5466.440493644861,5498.854343218169,5418.006491208427,5444.676719933583
2024-09-10,3848180000.0,5461.749833391188,5485.325767406059,5417.250621265799,5462.973785565419
2024-09-11,3839450000.0,5471.915514015092,5517.064181696485,5411.739966578908,5515.824698466921
2024-09-12,3655070000.0,5519.131749618148,5568.41068166861,5469.966698019628,5568.603519573775
2024-09-13,3500790000.0,5571.969668818141,5613.432812843734,5562.963657490884,5605.416078156659
2024-09-16,3437070000.0,5605.324362315286,5631.665758011807,5589.1638546507465,5613.954660843472
2024-09-17,3443600000.0,5614.056694644474,5634.723619528881,5592.292281357014,5620.885597077792
2024-09-18,3691390000.0,5629.004470594286,5663.808345226078,5603.982317045946,5627.966180734459
2024-09-19,4024530000.0,5671.135120253511,5709.251334596187,5657.890758973791,5678.704915726877
2024-09-20,7867260000.0,5707.069310411601,5728.972190728893,5693.205623485495,5709.106528598609
2024-09-23,3529550000.0,5731.464317876218,5743.603771048014,5714.01018480898,5725.767837825228
2024-09-24,3872710000.0,5738.200067901128,5745.234048669235,5715.158535476163,5731.301976552678
2024-09-25,3624910000.0,5744.198302290744,5750.2416007621005,5718.692359860907,5738.140633580701
2024-09-26,4391180000.0,5759.982871089595,5763.9012252311,5727.1510914111595,5749.539407328374
2024-09-27,3898530000.0,5764.059543754854,5766.742887645768,5730.796030711647,5745.20656987921
2024-09-30,4425730000.0,5745.115758059825,5764.481428206336,5716.490851731334,5747.2475552363385
2024-10-01,4025180000.0,5741.097417173222,5754.128798372092,5687.56140357514,5721.102358544813
2024-10-02,3829050000.0,5714.206371243225,5727.161809992522,5666.059788112267,5699.236715776385
2024-10-03,3597450000.0,5699.0436715419,5721.182779513388,5674.026504437305,5703.169421977512
2024-10-04,3479400000.0,5715.766230711012,5735.291105196221,5683.902569041122,5726.095533258845
2024-10-07,3637790000.0,5728.341822373431,5738.073812440565,5683.577093156836,5715.683208020562
2024-10-08,3393400000.0,5721.871895553762,5745.786423904994,5695.493456411065,5722.182610821286
2024-10-09,3650340000.0,5725.446772244021,5764.602489156041,5715.809294854741,5753.9968473856325
2024-10-10,3208790000.0,5749.103808104115,5781.939548787861,5744.607327221946,5774.078162339391
2024-10-11,3208720000.0,5766.817428235364,5803.71797213752,5763.174910495069,5793.7704111266585
2024-10-14,3005250000.0,5800.364628399453,5842.241903387026,5799.809407315195,5831.001422822693
2024-10-15,3882120000.0,5844.601844968948,5868.453191498662,5813.7896199593315,5840.487691115244
2024-10-16,3467230000.0,5845.3350351963045,5871.636606558288,5825.833628270168,5852.447354027208
2024-10-17,3480010000.0,5866.04885210174,5880.721769357417,5841.758889100192,5855.870837581272
2024-10-18,3374490000.0,5870.87911372987,5883.955281421841,5846.176040048727,5863.727763123599
2024-10-21,3407010000.0,5871.007377057206,5878.853722760455,5837.990482748585,5859.836329720308
2024-10-22,3342080000.0,5849.783219203349,5868.681836250307,5822.895206639149,5853.152202212248
2024-10-23,3532650000.0,5836.834584334996,5851.313733582687,5791.367385698008,5827.2702743995615
2024-10-24,3543030000.0,5826.723709766772,5837.668208699894,5788.43561641922,5818.372943725692
2024-10-25,3501280000.0,5830.700968671422,5851.048846583305,5797.01960746824,5820.904493845119
2024-10-28,3691280000.0,5831.206261751715,5849.690800659934,5803.936915689562,5819.932383316283
2024-10-29,3879100000.0,5825.362159162193,5846.845757263488,5800.026593401951,5821.4548338277045
2024-10-30,3851120000.0,5824.46145749099,5844.754233800639,5799.267387698269,5814.76172615327
2024-10-31,4425660000.0,5807.446248245742,5823.051045052995,5767.062629460767,5776.326170318163
2024-11-01,3796450000.0,5767.944151400905,5798.307650839871,5740.726550021327,5744.406595416744
2024-11-04,3602060000.0,5743.333490549084,5771.324012616796,5719.717741244898,5735.976978984863
2024-11-05,3768310000.0,5733.622572356249,5778.636841069897,5724.275638976763,5760.404983030981
2024-11-06,6329530000.0,5800.561512617489,5856.224457248225,5797.065698073752,5849.692561248315
2024-11-07,4925740000.0,5902.540593010734,5955.840634026121,5913.959909683788,5944.33973747023
2024-11-08,4666740000.0,5945.637914894382,5981.167263883514,5953.689364706194,5950.07628209932
2024-11-11,4333000000.0,5958.478916356991,5980.976995978227,5949.838894634761,5971.377479994712
2024-11-12,4243400000.0,5981.1620791381265,6005.738225418461,5966.308912880629,5987.321232216173
2024-11-13,4220180000.0,5995.0241864098225,6015.633808725052,5966.036101597427,5994.724952393437
2024-11-14,4184570000.0,6002.242738497159,6018.105551890719,5967.296493411295,5979.72391421093
2024-11-15,4590960000.0,5955.393908843046,5957.122007945662,5901.101710678925,5911.594878842053
2024-11-18,3983860000.0,5897.527143476168,5916.629598081124,5865.082662084343,5885.00363990087
2024-11-19,4036940000.0,5868.665123855918,5909.2711689393955,5849.375047533974,5893.67462222459
2024-11-20,3772620000.0,5889.960175604219,5920.516843043776,5860.550614895736,5908.556581257691
2024-11-21,4230120000.0,5915.062194864805,5943.1582127757,5876.519475143596,5934.810707868001
2024-11-22,4141420000.0,5941.670962430427,5961.707548454685,5913.005952283124,5950.3208189335755
2024-11-25,5633150000.0,5961.446300300934,5991.9844223881955,5943.951093976603,5974.99826206975
2024-11-26,3835170000.0,5994.479695194369,6024.988150960325,5985.67362878001,6014.1681791743085
2024-11-27,3363340000.0,6023.077973296463,6035.684189812506,6000.768903386604,6017.598531569204
2024-11-29,2444420000.0,6020.573905238887,6043.096307704898,6009.436990105164,6024.918864365329
2024-12-02,4412470000.0,6029.234087807335,6050.889702115397,6027.791667615923,6037.990320396356
2024-12-03,4095000000.0,6033.653254453785,6051.1540277069325,6025.710120272445,6040.94947754061
2024-12-04,4003390000.0,6046.335387805565,6064.595838241933,6036.309623701585,6060.760657315391
2024-12-05,4212020000.0,6064.521724983808,6079.125181165603,6053.484305535923,6069.993825950869
2024-12-06,3924830000.0,6072.492537876896,6085.633314902905,6064.462809163128,6078.37845407114
2024-12-09,4556460000.0,6079.115137434642,6088.28362743701,6054.757509830448,6069.519774725536
2024-12-10,4048410000.0,6067.594838699978,6075.722152218985,6036.89861658091,6050.323744074057
2024-12-11,4269950000.0,6064.33830497291,6082.481053327367,6045.0092313845735,6064.579518522886
2024-12-12,3678010000.0,6069.073745630867,6084.782796994997,6054.804168602706,6062.7112983101215
2024-12-13,3584960000.0,6072.589482258336,6084.774600046464,6053.4487476946715,6060.785286773175
2024-12-16,4391100000.0,6068.708387830249,6081.760422208531,6050.53506315859,6060.826829384264
2024-12-17,4544500000.0,6060.88134417384,6071.632160856199,6044.7829712769735,6057.470000502704
2024-12-18,5246960000.0,6054.032244692078,6069.320062710598,5958.603847940452,5973.472500430822
2024-12-19,4896880000.0,5991.493187394112,6008.082785321139,5890.278165007274,5897.33469055056
2024-12-20,8223220000.0,5891.515388974304,5984.778776450466,5852.718650113872,5919.339918896982
2024-12-23,3593280000.0,5918.904747684218,5984.176634534735,5887.085798905847,5970.850683076723
2024-12-24,1757720000.0,5970.293641214991,6021.177047200687,5951.507805288571,6020.031739161113
2024-12-26,2904530000.0,6012.204938146267,6041.209197829715,6003.2712715322,6013.939283637535
2024-12-27,3159610000.0,5995.97184257965,6012.417806921957,5938.138871141731,5975.058745327181
2024-12-30,3433250000.0,5950.307688813571,5986.0856232081205,5919.329455897903,5960.270967710278
2024-12-31,3128350000.0,5945.666513372485,5957.366038133226,5875.17067471382,5901.781768131222
2025-01-02,3621680000.0,5928.593504645501,5958.371579047048,5864.554289529981,5899.5628939155295
2025-01-03,3667340000.0,5924.872406777253,5954.172920659968,5885.385674905772,5906.041798509998
2025-01-06,4940120000.0,5928.528702714659,5971.082293612781,5909.166426139995,5932.384709115391
2025-01-07,4517330000.0,5969.8409145569585,5985.414423511196,5892.444404647293,5899.7668781301745
2025-01-08,4441740000.0,5927.201123377162,5942.62386648541,5868.143413990577,5896.043818913672
2025-01-10,4751930000.0,5893.796153358268,5910.664885190078,5835.489801284575,5870.892680921196
2025-01-13,4421200000.0,5838.351674199359,5864.81780722706,5793.79264568244,5861.528857149625
2025-01-14,4142280000.0,5862.456207990873,5894.943780030148,5824.935056005315,5872.524776130612
2025-01-15,4544570000.0,5889.49962701815,5916.291332241205,5856.896379304485,5894.405590975381
2025-01-16,4285810000.0,5923.728770774188,5947.85149002227,5911.109058869839,5919.46826418631
2025-01-17,4366830000.0,5965.613740536888,5979.592074450361,5941.950341392384,5946.500466454319
2025-01-21,4702920000.0,5967.603093358815,5998.043886997523,5959.343392735899,5990.35941293241
2025-01-22,4323040000.0,6025.562428453091,6055.532237784737,6025.248273995167,6040.529843212733
2025-01-23,4432250000.0,6056.180462066121,6093.1184588540245,6059.457590766865,6077.399768126098
2025-01-24,4214250000.0,6089.045433246274,6114.050348185535,6078.490674139422,6094.296011222681
2025-01-27,5198750000.0,6030.459755944942,6068.260582798281,6013.724320869051,6046.982190432592
2025-01-28,4473640000.0,6009.52806697793,6055.122140542092,5988.092190463389,6043.482795512145
2025-01-29,4115310000.0,6035.292053095495,6059.1488882207705,6003.477509659667,6045.360677649459
2025-01-30,4634620000.0,6043.993065667417,6069.916116086406,6022.567017984938,6059.1749493028165
2025-01-31,4843770000.0,6064.22192113309,6090.287781896234,6031.973344604296,6061.473073013571
2025-02-03,4797210000.0,6040.047315082752,6076.06667092383,5975.697876907684,6039.703671028865
2025-02-04,4410160000.0,6017.790762554942,6059.7154562554315,5981.656004176731,6038.484986452485
2025-02-05,4756250000.0,6018.5665032890965,6058.304075634871,5989.738333829085,6044.550128554729
2025-02-06,4847120000.0,6052.0852493430775,6074.678640810067,6028.179192342167,6064.01060979745
2025-02-07,4766900000.0,6068.024183561604,6084.155978078567,6016.554435036789,6040.686402122673
2025-02-10,4458760000.0,6048.275553093055,6072.112120773815,6023.182568552809,6046.465677174226
2025-02-11,4324880000.0,6047.0852587653735,6068.808539921006,6033.676521576241,6055.381754153775
2025-02-12,4627960000.0,6042.202691614372,6067.7269266347175,6027.327142903921,6057.129304690205
2025-02-13,4763800000.0,6051.7208808843825,6088.475568794825,6036.866657691554,6083.94806918482
2025-02-14,4335190000.0,6079.473838692454,6114.730302217041,6061.955925857489,6094.415664475694
2025-02-18,4684980000.0,6093.504506646184,6118.016373352712,6076.4300866847825,6104.993023905489
2025-02-19,4562330000.0,6094.407214926946,6123.287775857554,6090.13063266821,6115.352681605734
2025-02-20,4813690000.0,6105.434296616163,6126.522410342714,6090.302497878141,6117.455777511966
2025-02-21,5434560000.0,6113.610775817999,6121.804437511737,6043.493163285315,6057.475762264832
2025-02-24,4990120000.0,6066.662792718387,6074.285035055369,6000.814702175851,6007.209497311784
2025-02-25,5374690000.0,6011.563523254732,6025.575332371677,5945.524148519026,5976.654427677621
2025-02-26,4869580000.0,5987.707697969776,6007.89599224379,5930.093247266747,5963.454191601649
2025-02-27,5057680000.0,5981.545343135736,5999.974027742214,5898.08355536383,5919.854622460004
2025-02-28,6441140000.0,5934.685380352015,5978.060355201602,5870.358655293749,5920.893295750414
2025-03-03,5613850000.0,5933.15277093394,5973.055360888616,5833.173284508181,5894.921876260744
2025-03-04,6138110000.0,5886.148004933117,5929.133924844445,5781.117047732111,5837.840932707748
2025-03-05,5285970000.0,5830.322888844228,5891.001321357785,5753.729954759383,5833.339841747354
2025-03-06,5165080000.0,5801.773809339629,5851.990109788471,5732.000134111669,5796.3591566436835
2025-03-07,5705140000.0,5766.2018325356485,5819.601621217843,5701.112099917462,5784.5842999943525
2025-03-10,6409370000.0,5740.615763736183,5767.180799467838,5638.435068834873,5708.311422813408
2025-03-11,6221240000.0,5670.880912298389,5692.78879303915,5569.493706283125,5628.650535364814
2025-03-12,5219830000.0,5643.739016421958,5666.188522947458,5562.592020477375,5618.965495608707
2025-03-13,5018980000.0,5624.340294807796,5634.953679061129,5543.271690282588,5583.633161906931
2025-03-14,4863180000.0,5602.3883031696205,5635.87012892484,5538.283756140155,5590.782260285659
2025-03-17,5031770000.0,5600.211261357203,5667.860307691797,5570.815015561271,5624.399118060834
2025-03-18,4666270000.0,5613.865418667371,5653.393681636962,5583.517307537788,5609.603794176492
2025-03-19,4660090000.0,5611.2567039837,5663.378045355388,5588.101210534963,5616.111346453189
2025-03-20,4678420000.0,5615.115177641772,5677.355521708189,5603.104553125593,5633.748441789716
2025-03-21,9367460000.0,5619.75490045415,5679.633498435536,5609.689161183072,5650.431656475332
2025-03-24,4517990000.0,5664.264963195978,5720.240712130388,5662.553141875296,5705.326595984557
2025-03-25,4467340000.0,5728.954649637884,5763.726492077959,5727.933476852281,5750.421651262498
2025-03-26,4183140000.0,5758.491518874667,5787.175572189163,5729.198787057118,5749.698470539716
2025-03-27,4403460000.0,5742.147377596475,5768.132537954596,5691.411099964342,5715.178974931087
2025-03-28,4513330000.0,5703.749094258013,5721.752863409566,5619.76899754741,5636.624699042597
2025-03-31,5257250000.0,5593.093618372293,5664.82681069994,5536.0704000662845,5619.935555363413
2025-04-01,4434500000.0,5598.881031923303,5654.327058398526,5571.937200220236,5641.470561704073
2025-04-02,4243830000.0,5605.117458122661,5681.095786160771,5575.200676174611,5659.0067110508
2025-04-03,7210470000.0,5565.24633123141,5601.074430300885,5485.60854276459,5524.175256023437
2025-04-04,8853500000.0,5398.973523035955,5396.442246244034,5195.7736924753835,5210.041779085252
2025-04-07,8691980000.0,5099.802657413166,5274.435068550677,4893.577110920155,5068.892890453457
2025-04-08,7408140000.0,5181.3065991765625,5284.593810650957,4905.433109924853,5047.88475783469
2025-04-09,9489600000.0,5094.205080628282,5411.391890775965,4974.778728333236,5317.543761845059
2025-04-10,6677140000.0,5223.300856975024,5366.388366081127,5057.367206782908,5296.157302908001
2025-04-11,5602550000.0,5266.152066262402,5336.150914379023,5208.217729250537,5322.0660002674695
2025-04-14,5031440000.0,5378.303870708801,5397.794948573113,5298.7946986236575,5313.9408991484015
2025-04-15,4317110000.0,5400.985054425879,5464.4805997021185,5358.419020343856,5421.63572252455
2025-04-16,4607750000.0,5395.767318245888,5433.841736577698,5284.981788172315,5371.8228938180655
2025-04-17,4714880000.0,5329.363216892865,5371.5184951720985,5232.92112168382,5291.707345922472
2025-04-21,4226340000.0,5258.177070083253,5278.44190913874,5141.565783271731,5219.021323003584
2025-04-22,4666950000.0,5257.695979928968,5291.204550981986,5225.173138266511,5250.4194098023945
2025-04-23,5371390000.0,5315.004734978955,5378.715760361657,5295.001392894173,5320.207106207449
2025-04-24,4697710000.0,5354.956226860959,5475.38372501189,5356.6384886221085,5433.4091524476935
2025-04-25,4236580000.0,5434.28427928929,5504.409217437998,5415.340631170057,5498.564013894002
2025-04-28,4257880000.0,5482.334136962504,5509.971192264626,5437.010701517553,5513.094831074032
2025-04-29,4747150000.0,5512.188592621559,5552.630706294489,5497.029451899215,5537.518634256019
2025-04-30,5449490000.0,5513.975441181413,5596.576766716297,5477.518258586257,5581.030183103774
2025-05-01,4935270000.0,5583.322718796013,5643.643051088704,5559.259729725963,5618.609221161948
2025-05-02,4854380000.0,5617.0863149488505,5665.58110956667,5608.176607760452,5631.775049941209
2025-05-05,4358260000.0,5629.595034561636,5675.246682755259,5614.717309422742,5630.530328015687
2025-05-06,4717260000.0,5587.82303850886,5643.595214115297,5556.058183350011,5597.673563494787
2025-05-07,4987440000.0,5594.174647177008,5640.924933028713,5584.608159954907,5612.908062720414
2025-05-08,5627400000.0,5647.100990582657,5682.089034721457,5624.379251450117,5665.848798114683
2025-05-09,4645090000.0,5684.726261588941,5714.42676428215,5654.017629919977,5680.791406697579
2025-05-12,6014580000.0,5747.855474922604,5786.3501767092,5719.577216074469,5759.4071496314245
2025-05-13,5516290000.0,5817.1344163358945,5868.795239970424,5808.229139149852,5843.400266584544
2025-05-14,5233450000.0,5865.142597589166,5893.189946759532,5849.851136923008,5876.13488865082
2025-05-15,4991290000.0,5864.835611632522,5907.941172420428,5853.018331119969,5891.200944860931
2025-05-16,4850850000.0,5900.741007302039,5936.351445157206,5885.75402842329,5931.058656916729
2025-05-19,4144010000.0,5916.967605708427,5969.682252303024,5910.787706368308,5964.264991446743
2025-05-20,4416850000.0,5947.813279327741,5974.990394391564,5929.3034645129865,5972.359132119323
2025-05-21,5254250000.0,5949.935438452064,5968.768221627231,5896.863684893104,5919.450016294331
2025-05-22,5157050000.0,5912.360134583658,5934.145593798917,5866.192789861347,5886.824222633158
2025-05-23,4662820000.0,5841.579730645827,5879.705248127076,5818.047566110862,5847.337130270893
2025-05-27,5366380000.0,5854.839838732288,5901.885263828858,5837.89956387286,5882.755374661697
2025-05-28,4665050000.0,5880.992023012447,5917.901677956398,5852.978716411714,5885.497769007824
2025-05-29,4569750000.0,5921.327622323121,5936.305133642133,5868.801304397918,5899.371289008169
2025-05-30,6378540000.0,5906.07224419737,5915.098774101163,5845.442560352196,5901.4761738236275
2025-06-02,4832240000.0,5899.042850756705,5927.6959128555145,5846.63274055388,5918.075042689448
2025-06-03,5026680000.0,5916.474023080689,5961.470994964123,5871.69230987096,5940.970964023264
2025-06-04,4767050000.0,5937.04066449095,5971.541818960069,5925.658811303475,5943.296171315687
2025-06-05,5091850000.0,5956.227667819472,5976.145981092419,5917.589990340809,5936.178528776976
2025-06-06,4355710000.0,5964.377871591682,5987.464676840791,5936.229195607959,5956.663860660867
2025-06-09,4642360000.0,5985.432376991246,6006.892720470096,5968.3990919650005,5987.120857969104
2025-06-10,4882880000.0,6005.003708580969,6030.799981355264,5997.400166515382,6020.273662256478
2025-06-11,5111550000.0,6033.35069824091,6052.723352940953,6009.793283083388,6029.123010292152
2025-06-12,4669500000.0,6031.849995942931,6059.2357915990415,6015.816844537542,6043.003695384779
2025-06-13,5258910000.0,6022.830267695144,6050.375505422104,5998.310244698548,6020.5057301361485
2025-06-16,5111710000.0,6014.235391639451,6054.68208268681,6003.5884697178335,6027.837267923117
2025-06-17,4955700000.0,6014.619008592334,6044.6423362098585,5991.54528979617,6009.3192756683275
2025-06-18,5106470000.0,5997.63644451234,6029.779398874096,5978.554605151667,5989.774450616991
2025-06-20,7451500000.0,5989.915606891782,6018.330117704104,5964.788987704391,5975.50554530595
2025-06-23,5597000000.0,5986.588073970977,6016.290330070117,5963.705382463395,5995.525370868995
2025-06-24,5443690000.0,6018.811408137953,6055.241038367898,6009.6515999878575,6048.8182780537045
2025-06-25,5171110000.0,6069.967178535624,6090.236807327618,6061.0872123322315,6079.3264903528125
2025-06-26,5308140000.0,6095.95946940371,6122.0988298857455,6092.536491669148,6107.396424825996
2025-06-27,7889350000.0,6120.219849608646,6154.245440176317,6119.524089089669,6141.122863717578
2025-06-30,5782900000.0,6155.855513862902,6191.36473294208,6155.25760554762,6178.461211987958
2025-07-01,6275310000.0,6179.836622002811,6205.234239404582,6176.813791902456,6192.947025928169
2025-07-02,5645710000.0,6192.594378610032,6220.665443611642,6189.88031581355,6211.922311728332
2025-07-03,3378110000.0,6218.856145701198,6250.944349129382,6218.451670304172,6244.390664078117
2025-07-07,5236740000.0,6243.215024164396,6266.548846602998,6224.2115571735685,6250.958583616845
2025-07-08,5739030000.0,6248.109438535606,6267.114397894127,6230.094608510312,6248.678115792136
2025-07-09,4813340000.0,6253.30123414208,6269.88485121377,6235.485016682133,6260.546084506684
2025-07-10,5367350000.0,6266.762452643904,6289.608327433254,6250.227992514213,6278.96007341673
2025-07-11,4656210000.0,6275.581044847498,6293.4303023277225,6258.070307565216,6285.954760194794
2025-07-14,4722250000.0,6276.602377621059,6288.191462450734,6257.314771969465,6282.098851206387
2025-07-15,5133670000.0,6287.35752374271,6291.8988020406505,6253.766859612793,6266.98400158258
2025-07-16,5177460000.0,6281.587887033905,6288.415682109588,6237.3179336998355,6270.336599425781
2025-07-17,5512290000.0,6275.006375165308,6292.478925741201,6246.496169314806,6283.158224393356
2025-07-18,5184700000.0,6293.746983645307,6303.738739583707,6266.645395146404,6291.649219172873
2025-07-21,5010840000.0,6305.378466956059,6320.888175460824,6293.913841098901,6298.465353222372
2025-07-22,5662040000.0,6310.206276416789,6322.446034628412,6288.675813454435,6305.79777056723
2025-07-23,5642510000.0,6317.223338141517,6338.37554880495,6298.793317638933,6327.725700868249
2025-07-24,5282720000.0,6335.787222221831,6354.577569997044,6321.106590218729,6341.862943433632
2025-07-25,4470720000.0,6349.3247537225225,6369.513276294475,6338.529370544341,6355.421155271666
2025-07-28,4565620000.0,6362.7256117352645,6377.063639609525,6347.565056176395,6363.421989514584
2025-07-29,5076120000.0,6373.915082646026,6390.358784440293,6352.85393338437,6364.089716745941
2025-07-30,5375070000.0,6376.363590299739,6393.159499457256,6346.347885158265,6364.098809661118
2025-07-31,6077080000.0,6397.715700421989,6411.976565818379,6334.030886470025,6350.000976589379
2025-08-01,5827150000.0,6344.796603211957,6346.631191460736,6272.239068483992,6291.796977429754
2025-08-04,4842580000.0,6297.458438738823,6323.214866825141,6262.393086220012,6302.294678560837
2025-08-05,5517410000.0,6316.673625580755,6336.208057032816,6270.822570821042,6298.477446064979
2025-08-06,5408560000.0,6311.610743252864,6336.301105972902,6282.068445461529,6312.764997703557
2025-08-07,5306090000.0,6331.841659287438,6356.215239810084,6290.556161394972,6317.136528651141
2025-08-08,4769910000.0,6335.468079887684,6367.623032354673,6311.6272956032835,6342.426982035506
2025-08-11,4652400000.0,6353.637342455074,6381.277352374553,6337.803874756461,6354.315579477253
2025-08-12,5135300000.0,6372.672346346074,6410.737575799053,6358.465836558262,6389.9775347249215
2025-08-13,5195950000.0,6408.020018143014,6442.650518500857,6389.766591272497,6421.342743968576
2025-08-14,1808356000.0,6425.402005948962,6457.783660922397,6409.383330969486,6437.866670785639
2025-08-15,4575060000.0,6439.581910636066,6464.0014458596725,6422.467402936296,6443.119108118527
2025-08-18,4162290000.0,6441.7826513291575,6459.464958009309,6430.269206467514,6442.742068951125
2025-08-19,4377440000.0,6441.2580767696845,6457.19253579485,6415.940111237851,6424.835987917661
2025-08-20,4470390000.0,6420.149331116539,6427.321863633982,6368.658426835377,6405.930789428217
2025-08-21,4013560000.0,6399.567317403559,6405.285817572879,6352.958671947937,6384.427057475525
2025-08-22,5046860000.0,6387.820479115893,6431.563390127119,6370.262608511684,6415.762525409231
2025-08-25,4059070000.0,6414.99518076403,6448.851855195123,6395.612894793686,6432.609502353111
2025-08-26,4867680000.0,6430.010457656404,6465.4424687804285,6421.835823776995,6453.203224878718
2025-08-27,4143680000.0,6447.989750342839,6475.356570413495,6440.370028746731,6467.64824047735
2025-08-28,4283760000.0,6464.59071097726,6492.970537875272,6456.384041273977,6487.595857637743
2025-08-29,4234840000.0,6482.1765719361765,6504.320879001493,6467.3393689506875,6491.466792861377
2025-09-02,4784000000.0,6465.013693154128,6474.092482073109,6432.851649321025,6464.321311404305
2025-09-03,4465360000.0,6457.667387402346,6460.161648867169,6418.313858647987,6452.532260175505
2025-09-04,4670770000.0,6455.312479637374,6477.9370129027,6432.032050960702,6474.030375704423
2025-09-05,5066120000.0,6483.211556743679,6509.249941842144,6439.739070188135,6481.643041188862
2025-09-08,5211500000.0,6490.682783902128,6505.307613035259,6453.674042409626,6485.053897738929
2025-09-09,4798350000.0,6492.0448431294635,6505.008090766081,6465.497101983788,6495.04101727535
2025-09-10,5253010000.0,6513.929358814401,6527.578885218457,6488.259761474123,6513.013350416067
2025-09-11,5426460000.0,6534.0598631444645,6557.099224655509,6513.51417602441,6542.678400726305
2025-09-12,4641640000.0,6556.322732844243,6572.924837877349,6536.215463691196,6556.562327069022
2025-09-15,5045020000.0,6570.491557168004,6589.079579745466,6562.7775849303025,6575.507516304737
2025-09-16,5359510000.0,6592.203886440153,6605.743261322963,6580.182247753522,6586.959089222336
2025-09-17,5805340000.0,6595.139342800969,6617.088710126769,6566.7445517781025,6593.905322909793
2025-09-18,5292400000.0,6608.113223233665,6634.144399597112,6583.307339222733,6607.755680045894
2025-09-19,9125960000.0,6622.348685963647,6653.461791039411,6608.125005694896,6634.519236520077
2025-09-22,5642620000.0,6637.526470656556,6673.150240902413,6626.384162814306,6659.707412646173
2025-09-23,5633620000.0,6657.446335789747,6684.293333658844,6628.937927018948,6656.490829455861
2025-09-24,5459180000.0,6663.902851960548,6677.828225440161,6625.181648184034,6647.728261148549
2025-09-25,5874670000.0,6649.067153491203,6653.976769096075,6608.235360366781,6631.038870406564
2025-09-26,5103110000.0,6635.250348764132,6657.123259240241,6612.261718849828,6643.244115212522
2025-09-29,5358760000.0,6653.0790723079435,6674.089745545149,6629.999309126032,6655.926897516048
2025-09-30,6057210000.0,6662.901335928618,6687.559271603084,6640.949804760797,6671.402126257315
2025-10-01,6037950000.0,6664.756729876851,6706.10823679633,6647.404224910477,6691.485026884745
2025-10-02,5416130000.0,6690.18646353529,6716.55429427785,6664.349065233564,6700.185000851157
2025-10-03,5713110000.0,6706.4522329305155,6734.411646814921,6685.241027454689,6710.305703854475
2025-10-06,5604460000.0,6717.801445919756,6743.2374728358445,6698.804788555149,6723.0867897122125
2025-10-07,5546150000.0,6726.917664004647,6750.276931854147,6699.524263115659,6722.486715234995
2025-10-08,5383130000.0,6726.685329706769,6750.5152612740385,6704.987787696526,6731.420988441302
2025-10-09,5385020000.0,6736.101080183619,6754.956851992776,6708.933087675413,6732.4657101115035
2025-10-10,6596610000.0,6736.0162832337655,6755.389127897033,6639.27308874353,6653.870297296404
2025-10-13,5303960000.0,6686.620334024348,6716.824315049401,6618.197419894957,6642.980998409656
2025-10-14,5666920000.0,6637.237278013027,6692.886941898836,6597.196812852741,6652.902086433703
2025-10-15,5633060000.0,6663.8943707246735,6707.468969286078,6602.770708762982,6657.7973445121015
2025-10-16,6048180000.0,6671.362882808516,6710.443506500919,6599.871327310608,6650.528665017776
2025-10-17,5358120000.0,6658.302648033144,6701.649521761371,6601.992774522164,6648.887958457512
2025-10-20,4672170000.0,6659.207685164947,6711.1790393547135,6640.74335868206,6685.627864409842
2025-10-21,5245020000.0,6693.0689395473655,6731.970335808279,6681.8275994653295,6712.734467672008
2025-10-22,5710010000.0,6725.299256309322,6737.60019683471,6669.630755306818,6701.38467306324
2025-10-23,5565750000.0,6710.566336147548,6739.505128341848,6675.371560556435,6708.263344474736
2025-10-24,5058220000.0,6725.852238489424,6756.907587352093,6708.086784714612,6738.029877638582
2025-10-27,5290650000.0,6773.00540669358,6821.794042365597,6788.943882287692,6818.425138641896
2025-10-28,5695930000.0,6853.509750397461,6874.056220049927,6836.25524776838,6858.293464759906
2025-10-29,6280130000.0,6875.679486762714,6895.624973322142,6844.730894178159,6875.089350836856
2025-10-30,6052700000.0,6873.738024857504,6890.762442958976,6838.006010289055,6853.01779609344
2025-10-31,6398280000.0,6873.638800669164,6883.612442712438,6823.684101895283,6839.736469917604
2025-11-03,6065720000.0,6882.669164324805,6883.304993518833,6823.530899852493,6848.844561712724
2025-11-04,5739510000.0,6832.676926850391,6848.498447995261,6790.627694827576,6812.967739033389
2025-11-05,5939600000.0,6796.218371122095,6833.46411081484,6782.432704092411,6810.5329942058115
2025-11-06,6051900000.0,6803.498278114846,6823.772462582503,6762.639164262074,6782.764450053812
2025-11-07,5926070000.0,6767.69523467474,6790.4191857016,6703.5587622506155,6762.2369774749095
2025-11-10,5366050000.0,6774.851007512495,6807.410854196438,6719.710821966993,6783.683028739413
2025-11-11,4983490000.0,6788.112034942571,6837.143463561954,6775.498316748591,6830.042221729266
2025-11-12,5293610000.0,6841.10304287105,6861.936422906842,6813.488920090368,6843.426075850688
2025-11-13,5473720000.0,6840.789959710941,6843.365792249134,6763.863754162097,6795.08749148835
2025-11-14,5042660000.0,6769.726640514052,6815.5034576331645,6707.326147024922,6765.121488944408
2025-11-17,5204220000.0,6728.630430777035,6786.871271577589,6668.56288841597,6720.912804997274
2025-11-18,5159390000.0,6690.47047715616,6719.025304729902,6626.784810599612,6667.762478759413
2025-11-19,5021610000.0,6667.464177686658,6707.007830548957,6625.517203767154,6665.8949149055525
2025-11-20,5596080000.0,6698.235153154164,6735.375714062344,6579.514757351481,6604.790981816717
2025-11-21,5929930000.0,6632.797482449964,6707.163395494281,6544.671576205494,6596.420585826571
2025-11-24,6039740000.0,6634.789779807905,6699.465245289162,6575.9692200275285,6643.5569101766205
2025-11-25,5003330000.0,6656.28351630002,6729.816214884612,6623.842024937053,6713.582641846818
2025-11-26,4485000000.0,6717.553212909573,6778.568204352082,6698.299730675818,6752.669701481029
2025-11-28,2558540000.0,6774.258035277258,6813.548509009182,6749.353382591254,6789.930307619664
2025-12-01,4549370000.0,6772.693151192898,6818.176173438143,6780.664654505252,6806.288188184976
2025-12-02,4582290000.0,6807.602598213596,6840.800730373431,6802.541011457974,6829.833648747948
2025-12-03,4736780000.0,6825.030966573813,6862.616775529424,6823.586520753767,6851.961841334813
2025-12-04,4872440000.0,6855.821859671787,6875.800371634186,6842.215115879829,6873.161879063535
2025-12-05,4944560000.0,6876.199403014611,6894.379963624264,6867.117140531675,6880.60479439666
2025-12-08,4757130000.0,6884.313723089149,6892.059021985545,6849.517855950847,6862.86931986997
2025-12-09,4508050000.0,6864.696153647632,6877.558528611387,6832.546308352213,6842.074631421347
2025-12-10,5526570000.0,6839.7981786621385,6883.685178194826,6823.963219367881,6859.27945553929
2025-12-11,5021060000.0,6844.5190637086325,6891.27776264037,6825.796703489196,6876.210379290027
2025-12-12,4910160000.0,6866.455661198464,6896.372947480005,6830.756530939536,6868.71070651531
2025-12-15,4975600000.0,6875.079315859012,6890.523176046371,6820.174878525907,6846.392538787079
2025-12-16,4983180000.0,6845.396217765272,6857.727445763903,6791.270637823288,6823.9017333257325
2025-12-17,5122120000.0,6822.466820385494,6833.4550250216935,6750.050577246304,6775.275703671024
2025-12-18,5101190000.0,6798.370559150151,6824.23824680067,6742.295719799408,6765.996739926176
2025-12-19,8554470000.0,6790.481850662925,6822.270858184858,6753.782024588154,6785.8344899032545
2025-12-22,4465030000.0,6816.522488265609,6850.982575564516,6808.759023244395,6842.717626035681
2025-12-23,3820560000.0,6850.447920481163,6883.175968320569,6842.5927491986595,6880.941103162515
2025-12-24,1798270000.0,6880.254362217239,6913.734936665973,6876.014787083335,6906.493657271324
2025-12-26,2586550000.0,6909.972610962701,6937.26952451292,6909.220355224177,6928.996161356573
2025-12-29,3541750000.0,6917.74294205315,6940.329609995851,6913.226260435791,6933.583367650594
2025-12-30,3309930000.0,6919.818536118895,6934.104387015249,6909.434246205742,6918.54062543071
2025-12-31,3261830000.0,6913.29216533238,6918.054561395677,6876.62373200332,6881.836525578019
2026-01-02,4184120000.0,6896.898080730142,6903.824851789905,6837.981963097448,6855.3940209426555
2026-01-05,5771930000.0,6884.651768870019,6900.380963343268,6848.791201136649,6861.584466315946
2026-01-06,5509680000.0,6880.603439983413,6913.206693793612,6864.883513562111,6890.034142858076
2026-01-07,5214480000.0,6906.157689550324,6936.116228342829,6888.869082768131,6905.923322905027
2026-01-08,5333200000.0,6910.867431234941,6938.73919274359,6894.206687018411,6910.533487730906
2026-01-09,5163900000.0,6912.520306580512,6948.055651539069,6890.281373553052,6922.339423416035
2026-01-12,5019040000.0,6915.122790482408,6962.933737173566,6905.36730167231,6945.498018744429
2026-01-13,5091730000.0,6939.804254537989,6971.466678729045,6912.138706833003,6948.59613496529
2026-01-14,5530830000.0,6930.748929189814,6953.032579676924,6895.740807822167,6934.414141998451
2026-01-15,5114050000.0,6937.349248850467,6952.633954243234,6897.135046695086,6924.134051245284
2026-01-16,5356550000.0,6939.585530114894,6955.427461421389,6903.996529594866,6927.6217221950355
2026-01-20,5769500000.0,6914.021842280448,6926.151664277828,6868.005356616032,6881.124761109773
2026-01-21,5835520000.0,6863.646544435443,6915.265023446041,6828.832969095125,6871.964577773889
2026-01-22,5307580000.0,6888.514680609735,6927.4964186722045,6863.952797905122,6896.879078154247
2026-01-23,4871930000.0,6904.009028710821,6937.229655795516,6884.933644935388,6912.364869642224
2026-01-26,4968050000.0,6916.456738629262,6948.709231567321,6904.293934228353,6928.812067687001
2026-01-27,5331720000.0,6928.306066341746,6964.823335757363,6918.850840867804,6948.121775835215
2026-01-28,5507670000.0,6961.643210445581,6982.274259530772,6935.268111801789,6959.723230840881
2026-01-29,6877780000.0,6969.266302075462,6987.728740049857,6923.794638432523,6970.567827619066
2026-01-30,6697340000.0,6967.452307763393,6981.947408597484,6907.227422832561,6959.351572804874
2026-02-02,5772050000.0,6944.665267753349,6983.65004454677,6912.084777699692,6962.983282008155
2026-02-03,7017660000.0,6958.714225614837,6987.156482054742,6894.596826548204,6946.369633545299
2026-02-04,7475750000.0,6947.413102140554,6968.47020249799,6869.412258840554,6915.427701848544
2026-02-05,6989120000.0,6899.26568444441,6910.679087831892,6825.748214063408,6858.254231786723
2026-02-06,6283680000.0,6853.764964795145,6921.224349322856,6825.742251980894,6885.688251152427
2026-02-09,5650260000.0,6882.3630336916,6944.18600440479,6857.7526694438975,6920.041431677799
2026-02-10,5595950000.0,6929.725943477951,6973.0141453322785,6909.259586323975,6944.685943901104
2026-02-11,6175510000.0,6963.10243033421,6976.110362682779,6906.001746864006,6933.041310639718
2026-02-12,7118700000.0,6945.106450681894,6974.601631165085,6879.0735573356305,6906.843813072005
2026-02-13,5718360000.0,6919.789454583856,6951.676594162561,6846.836918707187,6882.417460935096
2026-02-17,5418480000.0,6875.284548639672,6902.002461054242,6814.436473168995,6878.395176618296
2026-02-18,5098160000.0,6881.295729249274,6917.580563942016,6834.9461382858,6873.130148074596
2026-02-19,5151690000.0,6874.277991423005,6903.550544717841,6827.945341287765,6864.168261286297
2026-02-20,5432480000.0,6854.279506073292,6902.6257898174235,6824.735178321339,6872.803572587625
2026-02-23,5638350000.0,6856.668407430247,6899.14793668546,6806.701552674641,6858.46108296416
2026-02-24,5266090000.0,6851.971333407564,6903.915483268181,6821.028718061429,6871.096069805149
2026-02-25,5328060000.0,6877.467825812475,6922.328463541644,6857.31262913099,6898.56942703302
2026-02-26,5889550000.0,6903.295228206133,6932.365400470647,6862.851995213063,6904.339871597339
2026-02-27,6665660000.0,6889.697957496799,6915.748113021838,6847.399140533075,6890.505754344428
2026-03-02,6079080000.0,6857.984865176167,6904.427867821073,6824.391427242089,6880.216709053906
